fight_id,contest_id,mode,A,B,rating_A,rating_B,kind,winner,result,stage,end_tick,rounds,beats,hp_A,hp_B
1,1,ranked,QWEN-235,EVO-GEM,1000,1000,COMBAT,B,KO,,59,2,10,0,32
2,2,ranked,GEM-LITE,PI-AGENT,1000,1000,COMBAT,B,HP,,85,3,18,8,14
3,3,ranked,kappa,EVO-DS,1000,1000,COMBAT,B,KO,,60,2,8,0,16
4,4,ranked,kitsune,EVO-DS3,1000,1000,COMBAT,B,HP,,86,3,18,18,30
5,5,ranked,oni,tanuki,1000,1000,COMBAT,A,KO,,91,3,13,36,0
6,6,ranked,KEN.EXE,raiju,1000,1000,COMBAT,A,KO,,65,2,10,22,0
7,7,ranked,RYUBOT,kirin,1000,1000,COMBAT,,DOUBLE_KO,,90,3,13,0,0
8,8,ranked,EVO-DS,ronin,1016,1000,FORFEIT,A,,REVEAL,100,0,0,,
9,9,ranked,kappa,raiju,984,984,COMBAT,A,KO,,122,2,8,40,0
10,10,ranked,GEM-LITE,EVO-DS3,984,1016,FORFEIT,B,,REVEAL,184,2,12,80,70
11,11,ranked,oni,kirin,1016,1000,COMBAT,A,KO,,152,2,9,28,0
12,12,ranked,EVO-DS,raiju,1031,968,COMBAT,A,KO,,183,2,8,40,0
13,13,ranked,oni,kappa,1031,1000,COMBAT,A,KO,,216,2,11,8,0
14,14,ranked,kirin,raiju,985,955,COMBAT,A,KO,,243,2,12,16,0
15,15,ranked,EVO-DS,EVO-DS3,1044,1030,COMBAT,B,KO,,244,2,11,0,32
16,16,cup,tanuki,RYUBOT,984,1000,COMBAT,B,KO,,275,2,12,0,46
17,17,cup,QWEN-235,EVO-GEM,984,1016,COMBAT,A,KO,,274,2,12,12,0
18,18,cup,kitsune,KEN.EXE,984,1016,COMBAT,A,HP,,303,3,18,28,10
19,19,ranked,oni,EVO-DS,1046,1028,COMBAT,A,KO,,304,2,11,26,0
20,20,ranked,kappa,raiju,985,940,COMBAT,A,KO,,302,2,12,26,0
21,21,ranked,kirin,EVO-DS3,1000,1046,COMBAT,B,KO,,334,3,13,0,12
22,17,cup,QWEN-235,EVO-GEM,984,1016,FORFEIT,B,,REVEAL,364,2,12,16,20
23,16,cup,tanuki,RYUBOT,984,1000,COMBAT,B,KO,,358,3,13,0,48
24,18,cup,kitsune,KEN.EXE,984,1016,COMBAT,B,HP,,385,3,18,6,52
25,22,duel,EVO-DS2,tengu,1000,1000,COMBAT,B,HP,,390,3,18,8,10
26,23,ranked,kappa,EVO-DS,999,1013,COMBAT,A,KO,,363,2,12,20,0
27,24,ranked,oni,EVO-DS3,1061,1060,COMBAT,,DOUBLE_KO,,419,3,17,0,0
28,25,ranked,kirin,raiju,986,926,COMBAT,A,KO,,394,2,12,16,0
29,26,ranked,EVO-DS,ronin,997,985,FORFEIT,A,,REVEAL,433,1,6,56,64
30,18,cup,kitsune,KEN.EXE,984,1016,COMBAT,B,HP,,466,3,18,10,60
31,22,duel,EVO-DS2,tengu,1000,1000,COMBAT,B,HP,,472,3,18,6,34
32,27,ranked,kappa,kirin,1015,1000,COMBAT,A,KO,,456,2,10,32,0
33,28,ranked,GEM-LITE,raiju,970,912,COMBAT,B,KO,,505,3,15,0,30
34,29,ranked,oni,EVO-DS,1061,1012,COMBAT,A,KO,,488,2,9,10,0
35,30,ranked,kirin,EVO-DS3,985,1060,COMBAT,A,HP,,542,3,18,28,8
36,22,duel,EVO-DS2,tengu,1000,1000,COMBAT,B,KO,,528,2,11,0,60
37,31,ranked,kappa,kitsune,1030,984,COMBAT,A,KO,,553,3,13,40,0
38,32,ranked,EVO-DS,tanuki,998,984,COMBAT,A,KO,,574,3,13,68,0
39,33,ranked,oni,raiju,1075,929,COMBAT,A,KO,,601,2,7,44,0
40,34,ranked,GEM-LITE,kirin,953,1003,COMBAT,A,KO,,629,3,17,4,0
41,35,ranked,kitsune,EVO-DS3,970,1042,COMBAT,B,HP,,637,3,18,18,66
42,36,ranked,kappa,EVO-DS,1044,1013,COMBAT,B,KO,,632,2,8,0,58
43,37,duel,EVO-DS2,tengu,1000,1000,COMBAT,A,KO,,686,3,17,2,0
44,38,ranked,tanuki,raiju,969,918,COMBAT,,DOUBLE_KO,,691,3,13,0,0
45,39,ranked,oni,kirin,1086,986,COMBAT,A,KO,,687,2,9,28,0
46,40,ranked,GEM-LITE,QWEN-235,970,984,COMBAT,B,HP,,717,3,18,30,42
47,41,ranked,kappa,kitsune,1028,957,COMBAT,A,KO,,724,3,15,72,0
48,42,ranked,EVO-DS,EVO-DS3,1029,1055,COMBAT,A,KO,,696,2,10,52,0
49,37,duel,EVO-DS2,tengu,1000,1000,COMBAT,B,KO,,741,2,12,0,84
50,43,ranked,tanuki,kirin,968,974,COMBAT,B,HP,,780,3,18,8,34
51,44,ranked,oni,EVO-DS3,1098,1039,COMBAT,A,KO,,783,3,15,28,0
52,45,ranked,raiju,ronin,919,970,FORFEIT,A,,REVEAL,767,1,6,74,50
53,46,ranked,EVO-DS,GEM-LITE,1045,955,COMBAT,A,KO,,801,3,17,64,0
54,47,ranked,kitsune,QWEN-235,944,999,FORFEIT,A,,REVEAL,792,1,6,48,92
55,37,duel,EVO-DS2,tengu,1000,1000,COMBAT,B,KO,,795,2,9,0,48
56,48,ranked,kappa,kirin,1041,989,COMBAT,A,KO,,838,2,12,28,0
57,49,ranked,tanuki,raiju,953,936,COMBAT,A,HP,,867,3,18,22,12
58,50,ranked,kitsune,EVO-DS3,961,1025,COMBAT,B,HP,,878,3,18,16,22
59,51,ranked,oni,EVO-DS,1112,1058,COMBAT,A,KO,,858,2,9,20,0
60,52,ranked,GEM-LITE,kirin,942,975,COMBAT,A,HP,,926,3,18,56,48
61,53,ranked,oni,kappa,1126,1055,COMBAT,A,KO,,918,2,9,4,0
62,54,ranked,EVO-DS,tanuki,1044,968,COMBAT,A,KO,,925,2,10,52,0
63,55,ranked,kitsune,raiju,948,921,COMBAT,A,KO,,967,3,15,8,0
64,56,duel,tengu,baku,1000,1000,COMBAT,,HP_TIE,,986,3,18,6,6
65,57,ranked,kappa,EVO-DS3,1042,1038,COMBAT,A,KO,,979,2,10,42,0
66,58,ranked,oni,EVO-DS,1139,1057,COMBAT,B,KO,,983,2,12,0,8
67,59,ranked,GEM-LITE,tanuki,959,955,FORFEIT,B,,REVEAL,1020,2,12,66,62
68,60,ranked,kitsune,kirin,963,958,COMBAT,A,KO,,1055,3,14,20,0
69,56,duel,tengu,baku,1000,1000,COMBAT,A,KO,,1068,3,13,48,0
70,61,ranked,oni,kappa,1121,1057,COMBAT,A,KO,,1068,3,13,14,0
71,62,ranked,EVO-DS,EVO-DS3,1075,1023,COMBAT,A,KO,,1072,3,15,42,0
72,63,ranked,tanuki,raiju,971,906,COMBAT,B,KO,,1107,3,13,0,20
73,64,ranked,kitsune,QWEN-235,978,982,FORFEIT,A,,REVEAL,1124,1,6,66,100
74,56,duel,tengu,baku,1000,1000,COMBAT,A,KO,,1150,3,13,34,0
75,65,ranked,kirin,EVO-DS3,943,1009,COMBAT,A,HP,,1159,3,18,34,12
76,66,ranked,oni,EVO-DS,1134,1089,COMBAT,A,KO,,1132,2,9,18,0
77,67,ranked,kappa,tanuki,1044,953,COMBAT,A,KO,,1165,2,12,46,0
78,68,ranked,kitsune,raiju,994,924,COMBAT,A,KO,,1181,2,10,44,0
79,69,ranked,EVO-DS,EVO-DS3,1075,991,COMBAT,A,KO,,1218,2,11,22,0
80,70,ranked,oni,kappa,1148,1057,COMBAT,A,KO,,1227,2,7,44,0
81,71,ranked,tanuki,kirin,940,961,COMBAT,B,KO,,1252,3,17,0,12
82,72,duel,EVO-DS2,baku,1000,1000,COMBAT,A,HP,,1288,3,18,30,22
83,73,ranked,EVO-DS3,raiju,978,911,COMBAT,B,KO,,1304,3,13,0,4
84,74,ranked,EVO-DS,kitsune,1088,1007,COMBAT,A,KO,,1280,2,11,60,0
85,75,ranked,kappa,kirin,1044,976,COMBAT,,DOUBLE_KO,,1339,3,15,0,0
86,76,ranked,GEM-LITE,tanuki,943,925,COMBAT,B,HP,,1342,3,18,44,60
87,77,ranked,oni,EVO-DS,1161,1101,COMBAT,A,KO,,1343,2,7,58,0
88,78,ranked,kitsune,EVO-DS3,994,960,COMBAT,A,HP,,1391,3,18,24,4
89,79,ranked,kirin,raiju,978,929,COMBAT,A,KO,,1397,2,12,16,0
90,80,ranked,kappa,EVO-DS,1042,1087,COMBAT,B,KO,,1404,2,12,0,28
91,81,ranked,tanuki,EVO-DS3,941,946,COMBAT,A,KO,,1479,3,13,42,0
92,82,ranked,GEM-LITE,kitsune,927,1008,COMBAT,B,HP,,1479,3,18,34,70
93,83,ranked,kappa,kirin,1028,992,COMBAT,A,KO,,1463,2,8,52,0
94,84,ranked,kirin,raiju,978,915,COMBAT,A,KO,,1522,2,12,16,0
95,85,ranked,kappa,EVO-DS,1042,1101,COMBAT,A,KO,,1522,2,10,18,0
96,86,ranked,kitsune,EVO-DS3,1021,930,COMBAT,A,KO,,1568,3,15,28,0
97,87,ranked,GEM-LITE,tanuki,914,957,COMBAT,A,KO,,1565,3,18,24,0
98,88,duel,EVO-DS2,tengu,1000,1000,COMBAT,B,HP,,1588,3,18,2,34
99,89,cup,PI-AGENT,RYUBOT,1016,1000,COMBAT,B,KO,,1575,2,10,0,64
100,90,cup,EVO-GEM,KEN.EXE,1016,1016,COMBAT,,HP_TIE,,1600,3,18,26,26
101,91,ranked,kappa,kirin,1059,991,COMBAT,A,KO,,1583,2,10,36,0
102,92,ranked,tanuki,raiju,940,902,COMBAT,B,KO,,1649,3,13,0,22
103,93,ranked,EVO-DS,kitsune,1084,1034,COMBAT,A,KO,,1628,2,9,18,0
104,94,ranked,GEM-LITE,EVO-DS3,931,917,COMBAT,A,KO,,1655,3,17,6,0
105,89,cup,PI-AGENT,RYUBOT,1016,1000,COMBAT,B,KO,,1657,3,14,0,14
106,88,duel,EVO-DS2,tengu,1000,1000,COMBAT,B,HP,,1671,3,18,6,66
107,90,cup,EVO-GEM,KEN.EXE,1016,1016,COMBAT,B,HP,,1682,3,18,6,40
108,95,ranked,oni,kappa,1175,1072,COMBAT,A,KO,,1684,2,9,10,0
109,96,ranked,kitsune,kirin,1020,978,COMBAT,B,KO,,1715,3,17,0,34
110,97,ranked,EVO-DS3,raiju,902,919,COMBAT,A,KO,,1743,3,16,40,0
111,98,ranked,GEM-LITE,tanuki,946,923,COMBAT,A,HP,,1742,3,18,48,26
112,88,duel,EVO-DS2,tengu,1000,1000,COMBAT,B,KO,,1754,3,14,0,38
113,90,cup,EVO-GEM,KEN.EXE,1016,1016,COMBAT,A,KO,,1766,3,13,74,0
114,99,ranked,kappa,EVO-DS,1060,1098,COMBAT,A,KO,,1744,2,9,30,0
115,100,ranked,EVO-DS,kirin,1081,995,COMBAT,,DOUBLE_KO,,1831,3,13,0,0
116,101,ranked,GEM-LITE,kitsune,961,1003,FORFEIT,B,,REVEAL,1839,2,12,32,60
117,102,ranked,tanuki,EVO-DS3,908,918,COMBAT,B,HP,,1830,3,18,34,48
118,90,cup,EVO-GEM,KEN.EXE,1016,1016,COMBAT,A,KO,,1850,3,14,2,0
119,103,ranked,oni,kappa,1187,1077,COMBAT,A,KO,,1843,2,7,36,0
120,104,duel,EVO-DS2,tengu,1000,1000,COMBAT,B,KO,,1892,3,14,0,56
121,105,ranked,tanuki,raiju,893,903,COMBAT,A,KO,,1913,3,18,12,0
122,106,ranked,kirin,EVO-DS3,997,933,COMBAT,A,KO,,1918,3,18,6,0
123,107,ranked,EVO-DS,kitsune,1079,1017,COMBAT,A,KO,,1898,2,7,84,0
124,108,ranked,kappa,PI-AGENT,1065,1016,COMBAT,A,KO,,1911,2,12,20,0
125,104,duel,EVO-DS2,tengu,1000,1000,COMBAT,B,KO,,1947,2,12,0,18
126,109,ranked,kitsune,KEN.EXE,1003,1016,COMBAT,B,HP,,1983,3,18,12,44
127,110,ranked,EVO-DS,PI-AGENT,1093,1002,COMBAT,A,KO,,2001,3,13,52,0
128,111,ranked,kappa,kirin,1079,1010,COMBAT,A,KO,,1976,2,10,44,0
129,112,ranked,tanuki,EVO-DS3,909,920,COMBAT,B,KO,,2007,3,15,0,16
130,104,duel,EVO-DS2,tengu,1000,1000,COMBAT,B,HP,,2030,3,18,4,24
131,113,ranked,kitsune,kirin,988,997,COMBAT,B,KO,,2071,3,13,0,46
132,114,ranked,kappa,KEN.EXE,1092,1031,COMBAT,A,KO,,2043,2,12,74,0
133,115,ranked,tanuki,raiju,894,887,COMBAT,B,KO,,2097,3,15,0,24
134,116,ranked,PI-AGENT,EVO-DS3,989,935,COMBAT,A,HP,,2097,3,18,42,6
135,117,ranked,EVO-DS,KEN.EXE,1106,1017,COMBAT,B,KO,,2130,3,17,0,6
136,118,ranked,kirin,EVO-DS3,1012,921,COMBAT,A,HP,,2184,3,18,30,16
137,119,ranked,tanuki,kitsune,878,973,COMBAT,B,KO,,2156,2,12,0,48
138,120,ranked,PI-AGENT,raiju,1003,903,COMBAT,B,KO,,2183,3,13,0,26
139,121,duel,tengu,baku,1000,1000,COMBAT,B,KO,,2158,2,11,0,22
140,122,ranked,kappa,KEN.EXE,1106,1035,COMBAT,A,KO,,2190,2,12,28,0
141,121,duel,tengu,baku,1000,1000,COMBAT,A,KO,,2240,3,17,46,0
142,123,ranked,EVO-DS,kirin,1088,1025,COMBAT,A,KO,,2243,2,10,24,0
143,124,ranked,tanuki,EVO-DS3,866,908,COMBAT,A,KO,,2271,3,18,14,0
144,125,ranked,kitsune,raiju,985,922,COMBAT,A,KO,,2270,3,14,22,0
145,126,ranked,PI-AGENT,KEN.EXE,984,1022,COMBAT,A,KO,,2278,3,18,2,0
146,121,duel,tengu,baku,1000,1000,COMBAT,A,KO,,2295,2,10,76,0
147,127,ranked,kitsune,kirin,998,1012,COMBAT,A,KO,,2355,3,18,4,0
148,128,ranked,EVO-DS3,raiju,891,909,COMBAT,B,KO,,2357,3,13,0,44
149,129,ranked,EVO-DS,KEN.EXE,1101,1005,COMBAT,B,KO,,2364,3,15,0,36
150,130,ranked,kappa,PI-AGENT,1119,1001,COMBAT,A,KO,,2402,3,13,16,0
151,131,ranked,tanuki,EVO-DS3,883,876,COMBAT,B,HP,,2448,3,18,10,60
152,132,ranked,kitsune,raiju,1014,924,COMBAT,A,KO,,2420,2,10,30,0
153,133,ranked,kirin,KEN.EXE,996,1024,COMBAT,B,KO,,2449,3,16,0,12
154,134,duel,EVO-GEM2,tengu,1000,1000,COMBAT,A,KO,,2487,3,13,6,0
155,135,ranked,oni,kappa,1199,1131,COMBAT,A,KO,,2459,2,9,12,0
156,136,ranked,EVO-DS,PI-AGENT,1082,989,COMBAT,A,KO,,2488,3,15,42,0
157,137,ranked,GEM-LITE,QWEN-235,947,966,FORFEIT,A,,REVEAL,2468,1,6,74,92
158,138,ranked,raiju,ronin,911,953,COMBAT,A,KO,,2527,3,17,6,0
159,139,ranked,kitsune,KEN.EXE,1027,1039,COMBAT,A,KO,,2539,3,17,18,0
160,140,ranked,kirin,EVO-DS3,981,892,COMBAT,A,KO,,2540,3,15,4,0
161,141,ranked,GEM-LITE,tanuki,963,867,COMBAT,B,HP,,2554,3,18,18,40
162,134,duel,EVO-GEM2,tengu,1000,1000,COMBAT,,DOUBLE_KO,,2571,3,13,0,0
163,142,ranked,kappa,EVO-DS,1118,1095,COMBAT,B,KO,,2574,3,14,0,22
164,143,ranked,PI-AGENT,raiju,976,928,COMBAT,B,KO,,2615,3,13,0,38
165,144,ranked,kirin,ronin,994,936,FORFEIT,A,,REVEAL,2580,0,0,,
166,145,ranked,GEM-LITE,kitsune,944,1043,COMBAT,A,KO,,2612,2,12,92,0
167,146,ranked,tanuki,EVO-DS3,886,879,COMBAT,A,HP,,2639,3,18,40,18
168,134,duel,EVO-GEM2,tengu,1000,1000,COMBAT,B,KO,,2627,2,12,0,26
169,147,ranked,kappa,KEN.EXE,1102,1023,COMBAT,A,KO,,2630,2,7,66,0
170,148,ranked,EVO-DS,kitsune,1111,1024,COMBAT,A,KO,,2699,3,13,66,0
171,149,ranked,GEM-LITE,kirin,963,1008,COMBAT,A,HP,,2698,3,18,24,22
172,134,duel,EVO-GEM2,tengu,1000,1000,COMBAT,B,KO,,2681,2,12,0,18
173,150,ranked,oni,kappa,1212,1115,COMBAT,,DOUBLE_KO,,2690,2,9,0,0
174,151,ranked,KEN.EXE,raiju,1010,945,COMBAT,,DOUBLE_KO,,2718,3,13,0,0
175,152,ranked,PI-AGENT,EVO-DS3,959,864,COMBAT,B,KO,,2698,2,12,0,56
176,153,ranked,GEM-LITE,tanuki,980,901,COMBAT,B,HP,,2784,3,18,20,44
177,154,ranked,kappa,EVO-DS,1118,1124,COMBAT,A,KO,,2759,2,12,16,0
178,155,ranked,PI-AGENT,kitsune,940,1011,COMBAT,B,HP,,2787,3,18,20,74
179,156,duel,EVO-GEM2,tengu,1000,1000,COMBAT,B,KO,,2760,2,11,0,4
180,157,ranked,QWEN-235,EVO-DS3,950,883,FORFEIT,B,,REVEAL,2776,1,6,82,88
181,158,ranked,kirin,raiju,991,947,COMBAT,A,KO,,2780,2,12,16,0
182,156,duel,EVO-GEM2,tengu,1000,1000,COMBAT,B,KO,,2815,2,10,0,22
183,159,ranked,oni,kappa,1209,1134,COMBAT,A,KO,,2820,2,11,14,0
184,160,ranked,EVO-DS,KEN.EXE,1108,1008,COMBAT,A,KO,,2847,3,18,18,0
185,161,ranked,EVO-DS3,raiju,901,933,COMBAT,B,KO,,2867,3,13,0,16
186,162,ranked,tanuki,kirin,919,1005,COMBAT,A,HP,,2870,3,18,64,52
187,163,ranked,GEM-LITE,kitsune,962,1024,COMBAT,,HP_TIE,,2878,3,18,34,34
188,156,duel,EVO-GEM2,tengu,1000,1000,COMBAT,B,KO,,2870,2,11,0,16
189,164,cup,RYUBOT,EVO-GEM,1000,1016,COMBAT,B,KO,,2874,2,10,0,20
190,165,ranked,PI-AGENT,ronin,927,922,COMBAT,A,HP,,2915,3,18,38,18
191,166,ranked,kappa,EVO-DS,1121,1120,COMBAT,A,KO,,2907,2,12,20,0
192,167,ranked,KEN.EXE,raiju,996,947,COMBAT,A,KO,,2954,3,16,32,0
193,168,ranked,tanuki,EVO-DS3,937,887,COMBAT,B,HP,,2954,3,18,2,14
194,164,cup,RYUBOT,EVO-GEM,1000,1016,COMBAT,B,KO,,2930,2,7,0,86
195,169,ranked,kitsune,kirin,1023,987,COMBAT,B,HP,,2962,3,18,16,36
196,170,ranked,oni,kappa,1222,1136,COMBAT,A,KO,,2966,2,11,18,0
197,171,ranked,GEM-LITE,PI-AGENT,963,942,COMBAT,A,HP,,3002,3,18,36,30
198,164,cup,RYUBOT,EVO-GEM,1000,1016,COMBAT,,DOUBLE_KO,,3014,3,13,0,0
199,172,ranked,EVO-DS,KEN.EXE,1105,1010,COMBAT,A,KO,,3042,3,13,28,0
200,173,ranked,tanuki,raiju,920,933,COMBAT,A,KO,,3041,3,17,12,0
201,174,ranked,kirin,EVO-DS3,1004,904,COMBAT,A,HP,,3052,3,18,26,12
202,175,ranked,PI-AGENT,kitsune,927,1006,COMBAT,A,KO,,3085,3,17,100,0
203,176,duel,EVO-DS2,tengu,1000,1000,COMBAT,B,HP,,3090,3,18,10,82
204,177,ranked,GEM-LITE,ronin,978,907,FORFEIT,A,,REVEAL,3044,0,0,,
205,164,cup,RYUBOT,EVO-GEM,1000,1016,COMBAT,B,KO,,3068,2,10,0,6
206,178,ranked,oni,kappa,1235,1123,COMBAT,,DOUBLE_KO,,3082,2,11,0,0
207,179,ranked,tanuki,QWEN-235,936,932,COMBAT,B,KO,,3131,3,16,0,20
208,180,ranked,KEN.EXE,raiju,998,917,COMBAT,A,KO,,3103,2,12,58,0
209,181,ranked,GEM-LITE,kirin,991,1016,COMBAT,B,KO,,3143,3,18,0,22
210,182,ranked,kappa,EVO-DS,1126,1117,COMBAT,A,KO,,3144,2,8,30,0
211,183,ranked,EVO-DS3,raiju,892,904,COMBAT,A,KO,,3191,3,14,22,0
212,184,ranked,EVO-DS,kirin,1102,1031,COMBAT,A,KO,,3202,2,10,28,0
213,185,ranked,GEM-LITE,raiju,976,888,COMBAT,B,KO,,3277,3,15,0,36
214,186,ranked,kappa,EVO-DS,1141,1115,COMBAT,A,KO,,3262,2,12,8,0
215,187,ranked,kirin,EVO-DS3,1018,908,COMBAT,A,KO,,3332,3,14,2,0
216,188,cup,oni,tanuki,1232,920,COMBAT,A,KO,,3371,3,15,20,0
217,189,cup,kitsune,RYUBOT,988,1000,COMBAT,B,KO,,3371,3,13,0,34
218,190,cup,PI-AGENT,EVO-GEM,945,1016,COMBAT,B,KO,,3350,2,7,0,42
219,191,cup,QWEN-235,KEN.EXE,948,1011,COMBAT,A,KO,,3371,3,18,40,0
220,192,ranked,raiju,ronin,906,894,FORFEIT,A,,REVEAL,3336,0,0,,
221,193,duel,EVO-DS2,baku,1000,1000,COMBAT,B,KO,,3387,3,18,0,42
222,194,ranked,kappa,EVO-DS,1156,1100,COMBAT,,DOUBLE_KO,,3405,3,13,0,0
223,195,ranked,GEM-LITE,kirin,958,1030,COMBAT,A,KO,,3419,3,13,32,0
224,196,ranked,EVO-DS3,raiju,896,921,COMBAT,A,KO,,3424,3,14,18,0
225,190,cup,PI-AGENT,EVO-GEM,945,1016,COMBAT,B,KO,,3432,3,14,0,26
226,188,cup,oni,tanuki,1232,920,COMBAT,A,KO,,3426,2,7,62,0
227,189,cup,kitsune,RYUBOT,988,1000,COMBAT,B,HP,,3454,3,18,10,50
228,191,cup,QWEN-235,KEN.EXE,948,1011,FORFEIT,B,,REVEAL,3435,1,6,66,84
229,193,duel,EVO-DS2,baku,1000,1000,COMBAT,B,HP,,3470,3,18,32,48
230,197,ranked,EVO-DS,kirin,1101,1012,COMBAT,,DOUBLE_KO,,3478,2,12,0,0
231,198,ranked,GEM-LITE,raiju,976,905,COMBAT,B,KO,,3512,3,17,0,60
232,199,ranked,PI-AGENT,EVO-DS3,945,912,COMBAT,B,KO,,3515,2,12,0,66
233,200,ranked,tanuki,kitsune,920,988,COMBAT,A,HP,,3543,3,18,64,56
234,201,ranked,kirin,raiju,1014,923,COMBAT,A,KO,,3571,2,12,16,0
235,202,ranked,GEM-LITE,EVO-DS3,958,929,FORFEIT,B,,REVEAL,3612,2,12,38,58
236,203,ranked,PI-AGENT,kitsune,928,970,COMBAT,B,KO,,3634,3,16,0,34
237,204,ranked,EVO-DS,kirin,1099,1027,COMBAT,A,KO,,3629,2,10,36,0
238,205,ranked,tanuki,raiju,938,910,COMBAT,A,KO,,3658,3,14,12,0
239,206,duel,EVO-DS2,EVO-GEM2,1000,1000,COMBAT,A,KO,,3685,3,15,12,0
240,207,ranked,kirin,EVO-DS3,1014,945,COMBAT,A,HP,,3714,3,18,6,4
241,208,ranked,PI-AGENT,raiju,914,895,COMBAT,B,KO,,3720,2,11,0,60
242,209,ranked,tanuki,kitsune,953,984,COMBAT,B,HP,,3747,3,18,28,44
243,210,ranked,EVO-DS,kirin,1112,1027,COMBAT,A,KO,,3771,2,11,20,0
244,211,ranked,EVO-DS3,raiju,932,911,COMBAT,B,KO,,3780,2,11,0,52
245,212,ranked,tanuki,PI-AGENT,938,898,COMBAT,A,HP,,3836,3,18,48,8
246,213,ranked,kitsune,kirin,999,1014,COMBAT,B,KO,,3860,3,13,0,52
247,214,ranked,EVO-DS3,raiju,916,927,COMBAT,B,KO,,3924,3,13,0,58
248,215,ranked,GEM-LITE,tanuki,942,952,FORFEIT,B,,REVEAL,3946,2,12,28,66
249,216,ranked,EVO-DS,kirin,1125,1029,COMBAT,A,KO,,3919,2,11,16,0
250,217,ranked,PI-AGENT,kitsune,884,984,COMBAT,B,KO,,3945,3,14,0,42
251,218,duel,EVO-DS2,EVO-GEM2,1000,1000,COMBAT,A,KO,,3983,3,18,8,0
252,219,ranked,kirin,raiju,1017,942,COMBAT,A,KO,,3983,2,12,16,0
253,220,ranked,kitsune,EVO-DS3,996,901,COMBAT,B,HP,,4030,3,18,52,60
254,221,ranked,tanuki,PI-AGENT,967,872,COMBAT,A,KO,,4034,3,18,50,0
255,218,duel,EVO-DS2,EVO-GEM2,1000,1000,COMBAT,,DOUBLE_KO,,4069,3,17,0,0
256,222,ranked,kappa,kirin,1155,1030,COMBAT,A,KO,,4083,2,9,28,0
257,223,ranked,kitsune,raiju,977,929,COMBAT,B,KO,,4119,3,13,0,32
258,224,ranked,PI-AGENT,EVO-DS3,860,920,COMBAT,B,HP,,4119,3,18,24,30
259,218,duel,EVO-DS2,EVO-GEM2,1000,1000,COMBAT,A,KO,,4152,3,13,14,0
260,225,ranked,tanuki,kirin,979,1018,COMBAT,B,HP,,4172,3,18,48,60
261,226,ranked,PI-AGENT,raiju,846,946,COMBAT,B,KO,,4204,3,15,0,26
262,227,ranked,kitsune,EVO-DS3,960,934,COMBAT,A,KO,,4178,2,12,30,0
263,228,ranked,tanuki,EVO-DS3,965,919,COMBAT,B,HP,,4266,3,18,18,24
264,229,ranked,kitsune,kirin,975,1032,COMBAT,B,KO,,4268,3,17,0,26
265,230,duel,tengu,baku,1000,1000,COMBAT,A,KO,,4286,3,13,52,0
266,231,ranked,GEM-LITE,raiju,927,958,FORFEIT,B,,REVEAL,4298,2,12,30,28
267,232,ranked,EVO-DS,kirin,1137,1046,COMBAT,A,KO,,4358,3,13,4,0
268,233,ranked,tanuki,kitsune,948,961,COMBAT,B,HP,,4355,3,18,14,48
269,230,duel,tengu,baku,1000,1000,COMBAT,B,KO,,4366,3,16,0,14
270,234,ranked,EVO-DS3,raiju,936,973,COMBAT,B,KO,,4381,3,13,0,32
271,235,ranked,tanuki,PI-AGENT,933,834,COMBAT,A,HP,,4443,3,18,62,40
272,236,ranked,kitsune,kirin,976,1033,COMBAT,B,KO,,4441,3,15,0,22
273,230,duel,tengu,baku,1000,1000,COMBAT,B,HP,,4448,3,18,26,32
274,237,ranked,kitsune,raiju,962,987,COMBAT,A,HP,,4530,3,18,12,10
275,238,ranked,PI-AGENT,EVO-DS3,822,922,COMBAT,A,HP,,4530,3,18,64,30
276,239,ranked,kappa,kirin,1167,1047,COMBAT,A,KO,,4544,2,10,36,0
277,240,duel,EVO-GEM2,tengu,1000,1000,COMBAT,B,KO,,4562,2,10,0,18
278,241,ranked,tanuki,EVO-DS3,945,903,COMBAT,A,HP,,4616,3,18,28,20
279,242,ranked,kitsune,kirin,978,1035,COMBAT,A,KO,,4634,3,16,36,0
280,240,duel,EVO-GEM2,tengu,1000,1000,COMBAT,,DOUBLE_KO,,4646,3,13,0,0
281,243,ranked,PI-AGENT,raiju,841,971,COMBAT,B,KO,,4657,3,17,0,8
282,244,cup,oni,RYUBOT,1232,1000,COMBAT,B,KO,,4669,3,14,0,22
283,245,cup,EVO-GEM,KEN.EXE,1016,1011,COMBAT,A,KO,,4670,3,17,60,0
284,246,ranked,tanuki,kirin,959,1018,COMBAT,A,HP,,4724,3,18,28,18
285,240,duel,EVO-GEM2,tengu,1000,1000,COMBAT,B,KO,,4729,3,13,0,8
286,247,ranked,PI-AGENT,EVO-DS3,830,889,COMBAT,B,HP,,4742,3,18,32,46
287,248,ranked,kitsune,raiju,995,982,COMBAT,B,KO,,4744,3,13,0,48
288,244,cup,oni,RYUBOT,1232,1000,COMBAT,A,KO,,4724,2,11,14,0
289,245,cup,EVO-GEM,KEN.EXE,1016,1011,COMBAT,,DOUBLE_KO,,4726,2,10,0,0
290,244,cup,oni,RYUBOT,1232,1000,COMBAT,,DOUBLE_KO,,4778,2,11,0,0
291,245,cup,EVO-GEM,KEN.EXE,1016,1011,COMBAT,A,KO,,4809,3,14,14,0
292,249,ranked,tanuki,EVO-DS3,976,903,COMBAT,A,HP,,4825,3,18,54,14
293,250,ranked,kitsune,kirin,979,1001,COMBAT,A,KO,,4832,3,15,16,0
294,244,cup,oni,RYUBOT,1232,1000,COMBAT,B,KO,,4833,2,10,0,14
295,251,ranked,kappa,EVO-DS,1179,1150,COMBAT,B,KO,,4852,2,10,0,4
296,252,duel,tengu,baku,1000,1000,COMBAT,A,KO,,4857,2,12,38,0
297,253,ranked,GEM-LITE,PI-AGENT,912,816,COMBAT,B,HP,,4886,3,18,58,64
298,254,ranked,QWEN-235,raiju,948,998,FORFEIT,B,,REVEAL,4867,1,6,54,62
299,255,ranked,EVO-DS3,ronin,890,879,FORFEIT,A,,REVEAL,4864,0,0,,
300,256,ranked,tanuki,kirin,989,985,COMBAT,B,KO,,4919,3,14,0,34
301,257,ranked,kitsune,KEN.EXE,995,1011,COMBAT,B,HP,,4919,3,18,16,34
302,258,ranked,oni,kappa,1232,1163,COMBAT,A,KO,,4910,2,9,14,0
303,252,duel,tengu,baku,1000,1000,COMBAT,A,KO,,4911,2,11,28,0
304,259,ranked,PI-AGENT,EVO-DS3,835,905,COMBAT,A,KO,,4975,3,15,22,0
305,260,ranked,kappa,EVO-DS,1150,1166,COMBAT,B,KO,,4967,2,12,0,14
306,261,ranked,kirin,raiju,1001,1012,COMBAT,A,KO,,4977,2,12,16,0
307,262,ranked,GEM-LITE,kitsune,893,980,COMBAT,B,KO,,5005,3,18,0,52
308,263,ranked,tanuki,KEN.EXE,973,1026,COMBAT,B,KO,,5005,3,13,0,58
309,264,ranked,oni,EVO-DS,1245,1181,COMBAT,A,KO,,5028,2,9,2,0
310,265,ranked,GEM-LITE,EVO-DS3,880,887,COMBAT,B,HP,,5089,3,18,24,52
311,266,ranked,kitsune,raiju,993,996,COMBAT,B,KO,,5089,3,17,0,34
312,267,ranked,kappa,KEN.EXE,1135,1040,COMBAT,B,KO,,5094,3,15,0,4
313,268,ranked,tanuki,kirin,959,1017,COMBAT,B,KO,,5095,3,17,0,48
314,269,ranked,oni,EVO-DS,1258,1168,COMBAT,A,KO,,5144,2,9,22,0
315,270,ranked,PI-AGENT,EVO-DS3,853,902,COMBAT,B,HP,,5174,3,18,20,48
316,271,ranked,kitsune,kirin,978,1031,COMBAT,B,KO,,5184,3,18,0,12
317,272,ranked,KEN.EXE,raiju,1059,1011,COMBAT,A,KO,,5184,3,14,58,0
318,273,ranked,GEM-LITE,tanuki,865,945,COMBAT,B,HP,,5182,3,18,52,58
319,274,duel,EVO-GEM2,baku,1000,1000,COMBAT,,DOUBLE_KO,,5189,3,13,0,0
320,275,ranked,QWEN-235,ronin,934,864,FORFEIT,A,,REVEAL,5144,0,0,,
321,276,ranked,kappa,EVO-DS,1116,1155,COMBAT,B,KO,,5203,2,11,0,58
322,277,ranked,QWEN-235,EVO-DS3,947,916,COMBAT,A,KO,,5263,3,16,44,0
323,278,ranked,GEM-LITE,PI-AGENT,852,839,COMBAT,A,KO,,5266,3,15,52,0
324,279,ranked,tanuki,raiju,958,997,COMBAT,B,KO,,5272,3,13,0,10
325,280,ranked,kirin,KEN.EXE,1045,1073,COMBAT,B,KO,,5271,3,17,0,4
326,274,duel,EVO-GEM2,baku,1000,1000,COMBAT,A,KO,,5272,3,15,8,0
327,281,ranked,oni,EVO-DS,1271,1169,COMBAT,A,KO,,5301,2,11,14,0
328,282,ranked,kappa,kitsune,1102,964,COMBAT,A,KO,,5303,2,8,80,0
329,283,ranked,PI-AGENT,EVO-DS3,824,901,COMBAT,A,KO,,5353,3,14,66,0
330,274,duel,EVO-GEM2,baku,1000,1000,COMBAT,A,KO,,5354,3,13,50,0
331,284,ranked,GEM-LITE,QWEN-235,867,962,COMBAT,B,HP,,5355,3,18,12,34
332,285,ranked,tanuki,kirin,944,1030,COMBAT,A,KO,,5358,3,15,24,0
333,286,ranked,KEN.EXE,raiju,1088,1011,COMBAT,A,KO,,5332,2,10,40,0
334,287,ranked,kappa,EVO-DS,1113,1157,COMBAT,A,KO,,5363,2,11,46,0
335,288,ranked,kitsune,raiju,953,998,COMBAT,B,KO,,5419,3,17,0,34
336,289,ranked,GEM-LITE,PI-AGENT,855,842,COMBAT,A,HP,,5442,3,18,30,8
337,290,ranked,QWEN-235,EVO-DS3,974,883,FORFEIT,B,,REVEAL,5451,2,12,46,46
338,291,ranked,kirin,KEN.EXE,1012,1101,COMBAT,B,KO,,5448,3,18,0,24
339,292,duel,EVO-DS2,tengu,1000,1000,COMBAT,B,HP,,5489,3,18,2,14
340,293,ranked,oni,EVO-DS,1283,1140,COMBAT,A,KO,,5462,2,9,18,0
341,294,ranked,tanuki,raiju,962,1012,COMBAT,,DOUBLE_KO,,5504,3,15,0,0
342,295,ranked,kitsune,ronin,939,851,FORFEIT,A,,COMMIT,5448,0,0,,
343,296,ranked,kappa,KEN.EXE,1130,1114,COMBAT,B,HP,,5533,3,18,10,32
344,297,ranked,GEM-LITE,kitsune,870,952,FORFEIT,B,,REVEAL,5544,2,12,38,32
345,298,ranked,PI-AGENT,EVO-DS3,827,901,COMBAT,A,KO,,5536,3,16,36,0
346,292,duel,EVO-DS2,tengu,1000,1000,COMBAT,B,KO,,5569,3,14,0,36
347,299,ranked,EVO-DS,kirin,1129,999,COMBAT,A,KO,,5564,2,10,48,0
348,300,ranked,tanuki,EVO-DS3,963,883,COMBAT,B,KO,,5623,3,13,0,44
349,301,ranked,kitsune,raiju,965,1011,COMBAT,B,KO,,5631,3,17,0,2
350,302,ranked,EVO-DS,KEN.EXE,1140,1130,COMBAT,A,KO,,5651,3,17,2,0
351,292,duel,EVO-DS2,tengu,1000,1000,COMBAT,B,KO,,5652,3,15,0,44
352,303,ranked,kappa,kirin,1114,988,COMBAT,A,KO,,5664,2,11,20,0
353,304,ranked,tanuki,PI-AGENT,945,845,COMBAT,A,HP,,5714,3,18,18,2
354,305,ranked,kitsune,EVO-DS3,951,901,COMBAT,A,HP,,5719,3,18,32,20
355,306,ranked,KEN.EXE,raiju,1115,1025,COMBAT,A,HP,,5739,3,18,58,2
356,307,ranked,kappa,EVO-DS,1125,1155,COMBAT,A,KO,,5721,2,11,18,0
357,308,ranked,QWEN-235,kirin,956,977,FORFEIT,B,,REVEAL,5755,1,6,64,66
358,309,duel,EVO-GEM2,tengu,1000,1000,COMBAT,B,KO,,5761,2,10,0,26
359,310,ranked,tanuki,kitsune,957,965,COMBAT,B,KO,,5779,2,8,0,78
360,311,ranked,PI-AGENT,EVO-DS3,833,887,COMBAT,A,HP,,5805,3,18,16,2
361,312,ranked,EVO-DS,KEN.EXE,1139,1128,COMBAT,A,KO,,5799,2,12,58,0
362,313,ranked,kirin,raiju,992,1012,COMBAT,A,KO,,5814,2,12,16,0
363,309,duel,EVO-GEM2,tengu,1000,1000,COMBAT,B,KO,,5818,2,10,0,22
364,314,ranked,GEM-LITE,tanuki,857,942,COMBAT,A,HP,,5867,3,18,78,70
365,315,ranked,kappa,KEN.EXE,1141,1113,COMBAT,A,HP,,5885,3,18,16,14
366,316,ranked,kitsune,kirin,980,1008,COMBAT,B,KO,,5900,3,13,0,4
367,309,duel,EVO-GEM2,tengu,1000,1000,COMBAT,B,KO,,5874,2,11,0,30
368,317,ranked,oni,EVO-DS,1294,1154,COMBAT,A,KO,,5898,2,9,22,0
369,318,ranked,EVO-DS3,raiju,870,996,COMBAT,A,KO,,5918,2,12,12,0
370,319,ranked,tanuki,PI-AGENT,924,850,COMBAT,B,KO,,5954,3,14,0,70
371,320,cup,RYUBOT,EVO-GEM,1000,1016,COMBAT,B,KO,,5970,3,13,0,4
372,321,ranked,GEM-LITE,kitsune,875,965,COMBAT,B,KO,,5987,3,18,0,4
373,322,ranked,EVO-DS,KEN.EXE,1143,1098,COMBAT,A,KO,,5960,2,11,52,0
374,323,ranked,kirin,raiju,1023,976,COMBAT,A,KO,,5976,2,12,16,0
375,324,ranked,oni,kappa,1305,1156,COMBAT,A,KO,,6000,2,11,20,0
376,325,ranked,PI-AGENT,EVO-DS3,868,890,COMBAT,A,KO,,6043,3,13,34,0
377,320,cup,RYUBOT,EVO-GEM,1000,1016,COMBAT,B,KO,,5998,1,6,0,92
378,326,ranked,tanuki,raiju,906,962,COMBAT,B,KO,,6062,3,17,0,8
379,327,ranked,kirin,KEN.EXE,1037,1084,COMBAT,B,KO,,6061,3,17,0,20
380,320,cup,RYUBOT,EVO-GEM,1000,1016,COMBAT,A,KO,,6053,2,11,8,0
381,328,duel,EVO-DS2,baku,1000,1000,COMBAT,B,HP,,6086,3,18,2,38
382,329,ranked,kappa,EVO-DS,1145,1157,COMBAT,A,KO,,6060,2,10,22,0
383,330,ranked,GEM-LITE,kitsune,862,978,COMBAT,A,HP,,6129,3,18,28,4
384,320,cup,RYUBOT,EVO-GEM,1000,1016,COMBAT,A,KO,,6107,2,11,26,0
385,331,ranked,tanuki,EVO-DS3,892,874,COMBAT,B,HP,,6150,3,18,24,64
386,332,ranked,PI-AGENT,raiju,884,976,COMBAT,B,KO,,6149,3,13,0,50
387,333,ranked,EVO-DS,KEN.EXE,1141,1098,COMBAT,,DOUBLE_KO,,6150,3,13,0,0
388,328,duel,EVO-DS2,baku,1000,1000,COMBAT,A,KO,,6169,3,14,64,0
389,334,ranked,kappa,kirin,1161,1023,COMBAT,A,KO,,6159,2,9,28,0
390,320,cup,RYUBOT,EVO-GEM,1000,1016,COMBAT,B,KO,,6161,2,7,0,36
391,335,ranked,kitsune,raiju,959,989,COMBAT,B,KO,,6235,3,17,0,10
392,336,ranked,GEM-LITE,PI-AGENT,881,871,COMBAT,B,HP,,6240,3,18,42,48
393,337,ranked,kirin,KEN.EXE,1012,1099,COMBAT,B,HP,,6247,3,18,40,44
394,328,duel,EVO-DS2,baku,1000,1000,COMBAT,B,HP,,6253,3,18,30,42
395,338,ranked,oni,kappa,1316,1172,COMBAT,A,KO,,6259,2,9,2,0
396,339,ranked,tanuki,EVO-DS3,876,890,COMBAT,A,HP,,6296,3,18,38,8
397,340,ranked,kirin,raiju,999,1004,COMBAT,A,KO,,6307,2,12,16,0
398,328,duel,EVO-DS2,baku,1000,1000,COMBAT,A,HP,,6337,3,18,26,14
399,341,ranked,GEM-LITE,EVO-DS3,865,874,COMBAT,A,HP,,6384,3,18,38,24
400,342,duel,EVO-GEM2,tengu,1000,1000,COMBAT,B,KO,,6361,2,11,0,12
401,343,ranked,tanuki,raiju,892,988,COMBAT,A,HP,,6395,3,18,8,6
402,328,duel,EVO-DS2,baku,1000,1000,COMBAT,B,KO,,6420,3,13,0,26
403,344,ranked,EVO-DS,kirin,1140,1015,COMBAT,B,KO,,6434,3,13,0,4
404,342,duel,EVO-GEM2,tengu,1000,1000,COMBAT,,DOUBLE_KO,,6444,3,13,0,0
405,345,cup,kitsune,RYUBOT,944,1000,COMBAT,B,KO,,6437,2,12,0,34
406,346,cup,PI-AGENT,KEN.EXE,887,1112,COMBAT,A,KO,,6465,3,17,50,0
407,347,cup,QWEN-235,EVO-GEM,941,1016,FORFEIT,B,,REVEAL,6444,1,6,44,66
408,348,ranked,GEM-LITE,tanuki,881,911,COMBAT,B,KO,,6455,2,12,0,46
409,345,cup,kitsune,RYUBOT,944,1000,COMBAT,B,KO,,6520,3,13,0,52
410,349,ranked,EVO-DS3,raiju,858,969,COMBAT,A,KO,,6494,2,11,8,0
411,342,duel,EVO-GEM2,tengu,1000,1000,COMBAT,B,KO,,6499,2,12,0,26
412,346,cup,PI-AGENT,KEN.EXE,887,1112,COMBAT,A,HP,,6550,3,18,8,4
413,350,ranked,kappa,kirin,1161,1035,COMBAT,A,KO,,6537,2,12,12,0
414,351,ranked,tanuki,EVO-DS3,926,877,COMBAT,B,KO,,6579,3,15,0,14
415,342,duel,EVO-GEM2,tengu,1000,1000,COMBAT,B,KO,,6552,2,10,0,40
416,352,ranked,GEM-LITE,raiju,866,950,COMBAT,,DOUBLE_KO,,6584,3,17,0,0
417,353,ranked,EVO-DS,kirin,1120,1024,COMBAT,,DOUBLE_KO,,6623,3,13,0,0
418,354,ranked,kappa,KEN.EXE,1172,1112,COMBAT,A,KO,,6639,3,13,24,0
419,355,ranked,kitsune,EVO-DS3,944,894,COMBAT,A,HP,,6665,3,18,14,2
420,356,ranked,GEM-LITE,tanuki,868,909,COMBAT,A,HP,,6670,3,18,64,8
421,357,duel,EVO-GEM2,tengu,1000,1000,COMBAT,B,KO,,6660,2,10,0,26
422,358,ranked,kirin,raiju,1027,948,COMBAT,A,KO,,6681,2,12,16,0
423,359,ranked,EVO-DS,KEN.EXE,1117,1098,COMBAT,A,KO,,6727,3,13,2,0
424,357,duel,EVO-GEM2,tengu,1000,1000,COMBAT,B,KO,,6715,2,10,0,22
425,360,ranked,GEM-LITE,kitsune,885,958,COMBAT,A,HP,,6755,3,18,60,8
426,361,ranked,tanuki,EVO-DS3,892,880,COMBAT,B,HP,,6755,3,18,48,52
427,362,ranked,kappa,kirin,1186,1040,COMBAT,A,KO,,6780,2,9,52,0
428,363,ranked,GEM-LITE,raiju,903,935,COMBAT,B,KO,,6842,3,15,0,20
429,364,ranked,tanuki,kitsune,876,940,COMBAT,B,HP,,6844,3,18,36,56
430,365,ranked,kirin,KEN.EXE,1029,1083,COMBAT,B,HP,,6866,3,18,26,44
431,366,ranked,GEM-LITE,EVO-DS3,889,896,COMBAT,A,HP,,6928,3,18,64,16
432,367,ranked,tanuki,raiju,863,949,COMBAT,B,KO,,6928,3,13,0,42
433,368,ranked,EVO-DS,KEN.EXE,1132,1097,COMBAT,A,KO,,6928,2,11,44,0
434,369,ranked,kitsune,kirin,953,1015,COMBAT,B,HP,,6952,3,18,24,32
435,370,duel,EVO-DS2,baku,1000,1000,COMBAT,A,KO,,6986,3,14,36,0
436,371,ranked,EVO-DS3,raiju,880,962,COMBAT,A,KO,,6987,2,12,8,0
437,372,ranked,GEM-LITE,tanuki,905,850,COMBAT,A,HP,,7015,3,18,72,56
438,373,ranked,kirin,KEN.EXE,1029,1083,COMBAT,A,HP,,7040,3,18,34,28
439,370,duel,EVO-DS2,baku,1000,1000,COMBAT,A,HP,,7070,3,18,48,22
440,374,ranked,kitsune,EVO-DS3,939,898,COMBAT,A,HP,,7074,3,18,18,14
441,375,ranked,GEM-LITE,raiju,919,944,COMBAT,B,KO,,7104,3,13,0,34
442,376,ranked,EVO-DS,kirin,1146,1046,COMBAT,A,KO,,7100,2,11,40,0
443,377,ranked,tanuki,EVO-DS3,836,884,COMBAT,B,KO,,7166,3,14,0,60
444,378,ranked,kappa,KEN.EXE,1197,1066,COMBAT,A,HP,,7165,3,18,30,4
445,379,ranked,kitsune,kirin,953,1034,COMBAT,,HP_TIE,,7188,3,18,28,28
446,380,ranked,GEM-LITE,raiju,904,959,COMBAT,B,HP,,7244,3,18,16,30
447,381,ranked,kitsune,KEN.EXE,955,1055,COMBAT,B,KO,,7275,3,17,0,72
448,382,ranked,kappa,EVO-DS,1208,1158,COMBAT,A,KO,,7255,2,11,14,0
449,383,ranked,QWEN-235,EVO-DS3,941,898,FORFEIT,B,,REVEAL,7266,1,6,92,66
450,384,duel,EVO-DS2,EVO-GEM2,1000,1000,COMBAT,B,KO,,7287,3,13,0,18
451,385,ranked,tanuki,ronin,822,838,FORFEIT,A,,REVEAL,7248,0,0,,
452,386,ranked,kirin,raiju,1032,973,COMBAT,A,KO,,7303,2,12,16,0
453,387,ranked,GEM-LITE,tanuki,890,838,COMBAT,B,KO,,7335,3,16,0,48
454,388,ranked,EVO-DS,KEN.EXE,1144,1067,COMBAT,A,KO,,7362,3,14,16,0
455,389,ranked,kitsune,EVO-DS3,943,915,COMBAT,B,HP,,7363,3,18,10,48
456,384,duel,EVO-DS2,EVO-GEM2,1000,1000,COMBAT,A,KO,,7368,3,13,22,0
457,390,ranked,GEM-LITE,raiju,873,959,COMBAT,B,HP,,7423,3,18,30,54
458,384,duel,EVO-DS2,EVO-GEM2,1000,1000,COMBAT,B,KO,,7450,3,13,0,14
459,391,ranked,kappa,EVO-DS,1222,1157,COMBAT,A,KO,,7424,2,10,26,0
460,392,ranked,kirin,KEN.EXE,1046,1054,COMBAT,B,HP,,7449,3,18,38,40
461,393,ranked,tanuki,EVO-DS3,855,931,COMBAT,B,HP,,7451,3,18,32,40
462,394,ranked,kitsune,raiju,927,972,COMBAT,B,KO,,7509,3,17,0,2
463,384,duel,EVO-DS2,EVO-GEM2,1000,1000,COMBAT,B,KO,,7509,2,11,0,20
464,395,ranked,EVO-DS,KEN.EXE,1144,1069,COMBAT,A,KO,,7535,3,13,16,0
465,396,ranked,GEM-LITE,tanuki,860,842,COMBAT,B,KO,,7512,2,12,0,52
466,397,ranked,kirin,EVO-DS3,1031,944,COMBAT,A,KO,,7542,3,13,46,0
467,398,duel,tengu,baku,1000,1000,COMBAT,A,KO,,7562,2,11,38,0
468,399,ranked,kitsune,QWEN-235,913,924,FORFEIT,A,,REVEAL,7576,1,6,84,78
469,400,ranked,GEM-LITE,ronin,844,822,FORFEIT,A,,COMMIT,7544,0,0,,
470,401,ranked,kappa,EVO-DS,1235,1157,COMBAT,B,KO,,7592,2,8,0,26
471,402,ranked,KEN.EXE,raiju,1056,986,COMBAT,A,KO,,7624,3,15,26,0
472,403,ranked,tanuki,EVO-DS3,858,931,COMBAT,A,HP,,7625,3,18,14,12
473,398,duel,tengu,baku,1000,1000,COMBAT,A,KO,,7644,3,13,56,0
474,404,ranked,GEM-LITE,kitsune,859,929,COMBAT,B,KO,,7663,3,18,0,38
475,405,ranked,kirin,raiju,1044,973,COMBAT,A,KO,,7681,2,12,16,0
476,398,duel,tengu,baku,1000,1000,COMBAT,A,KO,,7726,3,13,52,0
477,406,ranked,kappa,EVO-DS,1217,1175,COMBAT,B,KO,,7708,2,11,0,4
478,407,ranked,tanuki,kitsune,876,942,COMBAT,A,HP,,7751,3,18,38,22
479,408,ranked,GEM-LITE,EVO-DS3,846,913,COMBAT,B,KO,,7752,3,17,0,56
480,409,cup,oni,RYUBOT,1327,1000,COMBAT,,DOUBLE_KO,,7765,3,13,0,0
481,410,cup,PI-AGENT,EVO-GEM,887,1016,COMBAT,B,KO,,7739,2,7,0,76
482,411,ranked,kirin,KEN.EXE,1057,1069,COMBAT,B,HP,,7772,3,18,20,28
483,410,cup,PI-AGENT,EVO-GEM,887,1016,COMBAT,B,KO,,7794,2,7,0,76
484,412,ranked,EVO-DS3,raiju,926,960,COMBAT,B,KO,,7812,2,11,0,12
485,413,ranked,GEM-LITE,kitsune,833,924,COMBAT,A,HP,,7838,3,18,34,12
486,409,cup,oni,RYUBOT,1327,1000,COMBAT,A,KO,,7821,2,7,58,0
487,414,ranked,kappa,EVO-DS,1200,1192,COMBAT,B,KO,,7823,2,10,0,42
488,415,ranked,tanuki,ronin,894,807,FORFEIT,A,,REVEAL,7824,0,0,,
489,416,duel,EVO-GEM2,tengu,1000,1000,COMBAT,B,KO,,7860,2,10,0,44
490,417,ranked,kirin,raiju,1042,974,COMBAT,A,KO,,7870,2,12,16,0
491,418,ranked,QWEN-235,EVO-DS3,908,912,FORFEIT,B,,REVEAL,7882,1,6,100,82
492,409,cup,oni,RYUBOT,1327,1000,COMBAT,A,KO,,7877,2,9,24,0
493,419,ranked,kappa,KEN.EXE,1184,1084,COMBAT,A,KO,,7885,2,11,34,0
494,420,ranked,tanuki,kitsune,907,906,COMBAT,B,HP,,7927,3,18,24,40
495,416,duel,EVO-GEM2,tengu,1000,1000,COMBAT,B,KO,,7918,2,12,0,4
496,421,ranked,GEM-LITE,PI-AGENT,851,887,COMBAT,A,KO,,7968,3,17,50,0
497,422,ranked,RYUBOT,raiju,1000,961,COMBAT,A,KO,,7939,2,12,8,0
498,423,ranked,kappa,EVO-DS,1196,1208,COMBAT,,DOUBLE_KO,,7948,2,11,0,0
499,424,ranked,kirin,KEN.EXE,1055,1072,COMBAT,B,KO,,7969,3,15,0,12
500,425,ranked,kitsune,EVO-DS3,922,927,COMBAT,A,KO,,8016,3,16,26,0
501,426,ranked,tanuki,raiju,891,947,COMBAT,A,KO,,8026,3,16,32,0
502,427,ranked,RYUBOT,KEN.EXE,1014,1087,COMBAT,B,KO,,8054,3,13,0,32
503,428,ranked,PI-AGENT,kitsune,870,938,COMBAT,A,HP,,8103,3,18,52,18
504,429,ranked,GEM-LITE,EVO-DS3,868,911,COMBAT,A,HP,,8102,3,18,78,64
505,430,ranked,kappa,kirin,1196,1040,COMBAT,B,KO,,8107,2,12,0,4
506,431,ranked,RYUBOT,raiju,1001,930,COMBAT,A,KO,,8111,2,10,26,0
507,432,ranked,EVO-DS,KEN.EXE,1208,1100,COMBAT,A,KO,,8183,3,17,20,0
508,433,duel,tengu,baku,1000,1000,COMBAT,A,KO,,8187,3,15,76,0
509,434,ranked,tanuki,EVO-DS3,908,894,COMBAT,B,KO,,8188,3,18,0,26
510,435,ranked,GEM-LITE,kitsune,885,920,COMBAT,B,HP,,8192,3,18,12,22
511,436,ranked,PI-AGENT,raiju,888,917,COMBAT,A,KO,,8200,3,13,4,0
512,437,ranked,RYUBOT,kirin,1014,1060,COMBAT,B,KO,,8198,3,13,0,16
513,433,duel,tengu,baku,1000,1000,COMBAT,A,HP,,8268,3,18,44,2
514,438,ranked,kappa,KEN.EXE,1176,1088,COMBAT,A,HP,,8271,3,18,30,4
515,439,ranked,kitsune,EVO-DS3,934,910,COMBAT,A,KO,,8252,2,12,26,0
516,440,ranked,GEM-LITE,tanuki,871,892,COMBAT,A,KO,,8252,2,12,68,0
517,441,ranked,PI-AGENT,RYUBOT,904,1000,COMBAT,B,KO,,8286,3,18,0,12
518,442,ranked,EVO-DS,kirin,1220,1074,COMBAT,A,KO,,8299,2,8,52,0
519,443,ranked,EVO-DS3,raiju,895,901,COMBAT,B,KO,,8340,3,13,0,16
520,444,ranked,tanuki,kitsune,876,949,COMBAT,A,KO,,8339,3,17,26,0
521,445,ranked,GEM-LITE,PI-AGENT,887,892,COMBAT,B,HP,,8375,3,18,6,44
522,446,ranked,RYUBOT,KEN.EXE,1012,1075,COMBAT,B,KO,,8373,3,15,0,36
523,447,ranked,kappa,kirin,1189,1063,COMBAT,A,KO,,8398,2,10,44,0
524,448,ranked,tanuki,raiju,894,916,COMBAT,B,KO,,8427,3,13,0,44
525,449,ranked,kitsune,EVO-DS3,931,880,COMBAT,B,HP,,8428,3,18,6,16
526,450,ranked,PI-AGENT,RYUBOT,907,999,COMBAT,B,KO,,8440,2,11,0,68
527,451,ranked,kirin,KEN.EXE,1052,1088,COMBAT,B,HP,,8488,3,18,26,40
528,452,duel,EVO-DS2,EVO-GEM2,1000,1000,COMBAT,A,KO,,8487,3,14,22,0
529,453,ranked,GEM-LITE,raiju,872,931,COMBAT,B,HP,,8516,3,18,14,38
530,454,ranked,tanuki,kitsune,879,914,COMBAT,B,KO,,8516,3,16,0,52
531,455,ranked,PI-AGENT,EVO-DS3,894,897,COMBAT,A,HP,,8525,3,18,40,24
532,452,duel,EVO-DS2,EVO-GEM2,1000,1000,COMBAT,B,KO,,8571,3,17,0,30
533,456,ranked,kappa,KEN.EXE,1200,1102,COMBAT,A,KO,,8545,2,12,58,0
534,457,ranked,RYUBOT,kirin,1012,1038,COMBAT,A,KO,,8547,2,10,52,0
535,458,ranked,tanuki,raiju,865,945,COMBAT,B,KO,,8602,3,13,0,26
536,459,ranked,GEM-LITE,kitsune,858,928,COMBAT,A,HP,,8604,3,18,58,30
537,460,ranked,RYUBOT,KEN.EXE,1028,1090,COMBAT,A,KO,,8635,3,16,4,0
538,452,duel,EVO-DS2,EVO-GEM2,1000,1000,COMBAT,A,KO,,8625,2,12,8,0
539,461,ranked,PI-AGENT,EVO-DS3,910,881,COMBAT,A,KO,,8668,3,15,4,0
540,462,ranked,kirin,raiju,1022,958,COMBAT,A,KO,,8663,2,12,16,0
541,463,ranked,GEM-LITE,tanuki,876,852,FORFEIT,B,,REVEAL,8699,2,12,60,80
542,452,duel,EVO-DS2,EVO-GEM2,1000,1000,COMBAT,B,HP,,8709,3,18,4,12
543,464,ranked,kitsune,raiju,910,945,COMBAT,A,KO,,8753,3,15,22,0
544,465,ranked,RYUBOT,kirin,1045,1035,COMBAT,A,KO,,8749,3,14,12,0
545,466,ranked,kappa,KEN.EXE,1212,1073,COMBAT,A,KO,,8735,2,11,44,0
546,467,ranked,tanuki,EVO-DS3,868,866,COMBAT,A,KO,,8786,3,15,36,0
547,468,duel,tengu,baku,1000,1000,COMBAT,A,HP,,8787,3,18,38,8
548,452,duel,EVO-DS2,EVO-GEM2,1000,1000,COMBAT,B,KO,,8791,3,17,0,34
549,469,ranked,PI-AGENT,kirin,925,1020,COMBAT,A,KO,,8839,3,16,4,0
550,470,ranked,RYUBOT,KEN.EXE,1060,1062,COMBAT,A,KO,,8812,2,10,44,0
551,468,duel,tengu,baku,1000,1000,COMBAT,A,KO,,8843,2,9,70,0
552,471,ranked,kitsune,EVO-DS3,927,851,COMBAT,B,HP,,8875,3,18,22,30
553,472,ranked,tanuki,raiju,883,928,COMBAT,B,KO,,8876,3,13,0,26
554,473,ranked,RYUBOT,kirin,1076,1001,COMBAT,A,KO,,8928,3,13,32,0
555,474,ranked,tanuki,PI-AGENT,869,944,COMBAT,A,KO,,8934,2,12,100,0
556,475,ranked,kitsune,raiju,909,942,COMBAT,A,KO,,8963,3,18,2,0
557,476,ranked,kappa,KEN.EXE,1223,1046,COMBAT,A,KO,,8977,3,18,8,0
558,477,ranked,tanuki,EVO-DS3,887,869,COMBAT,B,HP,,9023,3,18,4,36
559,478,ranked,PI-AGENT,kirin,926,988,COMBAT,B,KO,,9022,3,15,0,22
560,479,ranked,GEM-LITE,raiju,860,925,COMBAT,B,HP,,9050,3,18,8,12
561,480,ranked,EVO-DS,RYUBOT,1231,1089,COMBAT,A,KO,,9054,3,13,14,0
562,481,cup,oni,EVO-GEM,1327,1016,COMBAT,A,KO,,9035,2,9,16,0
563,482,duel,EVO-DS2,EVO-GEM2,1000,1000,COMBAT,B,KO,,9087,3,15,0,26
564,483,ranked,kitsune,KEN.EXE,926,1036,COMBAT,B,KO,,9107,3,16,0,14
565,484,ranked,PI-AGENT,EVO-DS3,912,885,COMBAT,A,HP,,9112,3,18,26,2
566,481,cup,oni,EVO-GEM,1327,1016,COMBAT,A,KO,,9094,2,9,16,0
567,485,ranked,GEM-LITE,tanuki,847,871,COMBAT,B,HP,,9134,3,18,26,32
568,486,ranked,kirin,raiju,1002,938,COMBAT,A,KO,,9112,2,12,16,0
569,481,cup,oni,EVO-GEM,1327,1016,COMBAT,A,KO,,9149,2,9,16,0
570,487,ranked,RYUBOT,KEN.EXE,1078,1048,COMBAT,B,KO,,9168,2,10,0,36
571,488,ranked,PI-AGENT,kirin,927,1015,COMBAT,B,KO,,9198,3,18,0,10
572,489,ranked,kitsune,raiju,914,925,COMBAT,B,KO,,9197,3,15,0,30
573,490,ranked,tanuki,EVO-DS3,886,870,COMBAT,B,HP,,9224,3,18,18,32
574,491,ranked,kirin,raiju,1028,940,COMBAT,A,KO,,9257,2,12,16,0
575,492,ranked,GEM-LITE,EVO-DS3,832,886,FORFEIT,B,,REVEAL,9322,2,12,66,44
576,493,duel,EVO-GEM2,baku,1000,1000,COMBAT,A,KO,,9388,3,13,24,0
577,494,ranked,EVO-DS3,raiju,900,927,COMBAT,A,KO,,9384,2,12,26,0
578,495,ranked,kappa,kirin,1233,1041,COMBAT,A,KO,,9422,3,15,4,0
579,496,cup,oni,tanuki,1327,870,COMBAT,A,KO,,9424,2,11,16,0
580,497,cup,PI-AGENT,EVO-GEM,914,1016,COMBAT,B,KO,,9423,2,7,0,76
581,498,cup,QWEN-235,KEN.EXE,893,1064,FORFEIT,B,,REVEAL,9433,1,6,92,80
582,499,cup,kitsune,RYUBOT,899,1062,COMBAT,B,KO,,9452,3,13,0,14
583,493,duel,EVO-GEM2,baku,1000,1000,COMBAT,A,KO,,9444,2,11,44,0
584,497,cup,PI-AGENT,EVO-GEM,914,1016,COMBAT,B,KO,,9478,2,10,0,38
585,496,cup,oni,tanuki,1327,870,COMBAT,A,KO,,9478,2,11,24,0
586,500,ranked,EVO-DS3,raiju,916,911,COMBAT,,DOUBLE_KO,,9526,3,13,0,0
587,499,cup,kitsune,RYUBOT,899,1062,COMBAT,B,HP,,9536,3,18,10,18
588,501,ranked,PI-AGENT,EVO-DS3,914,916,COMBAT,B,HP,,9623,3,18,12,46
589,502,ranked,tanuki,raiju,870,911,COMBAT,A,KO,,9621,3,16,8,0
590,503,ranked,GEM-LITE,kitsune,818,899,COMBAT,A,HP,,9647,3,18,28,10
591,504,ranked,kappa,EVO-DS,1242,1242,COMBAT,B,KO,,9660,2,10,0,24
592,505,duel,EVO-DS2,baku,1000,1000,COMBAT,A,HP,,9691,3,18,52,4
593,506,ranked,raiju,ronin,894,794,FORFEIT,A,,COMMIT,9678,1,6,82,50
594,507,ranked,tanuki,EVO-DS3,887,931,COMBAT,A,KO,,9683,2,9,36,0
595,508,ranked,PI-AGENT,kitsune,899,881,COMBAT,B,KO,,9734,3,18,0,12
596,509,ranked,GEM-LITE,QWEN-235,836,893,COMBAT,B,HP,,9760,3,18,20,26
597,510,ranked,tanuki,raiju,904,906,COMBAT,A,KO,,9770,3,13,26,0
598,511,ranked,kappa,EVO-DS,1226,1258,COMBAT,A,KO,,9775,2,11,30,0
599,512,ranked,kirin,EVO-DS3,1032,914,COMBAT,A,KO,,9810,3,17,60,0
600,513,ranked,GEM-LITE,kitsune,822,897,COMBAT,B,KO,,9846,3,18,0,22
601,514,ranked,PI-AGENT,QWEN-235,883,907,FORFEIT,A,,REVEAL,9826,1,6,66,48
602,515,ranked,tanuki,EVO-DS3,920,902,COMBAT,A,KO,,9897,3,16,50,0
603,516,ranked,PI-AGENT,raiju,899,890,COMBAT,A,KO,,9886,2,12,18,0
604,517,ranked,kappa,EVO-DS,1243,1241,COMBAT,B,KO,,9892,2,11,0,28
605,518,ranked,kitsune,kirin,910,1044,COMBAT,B,HP,,9975,3,18,16,18
606,519,ranked,GEM-LITE,raiju,809,875,COMBAT,B,KO,,9970,3,13,0,50
607,520,ranked,PI-AGENT,EVO-DS3,914,887,COMBAT,A,KO,,9984,3,17,54,0
608,521,duel,EVO-GEM2,baku,1000,1000,COMBAT,B,KO,,9987,3,14,0,4
609,522,ranked,kappa,EVO-DS,1227,1257,COMBAT,B,KO,,10005,2,9,0,12
610,523,ranked,GEM-LITE,ronin,796,782,FORFEIT,A,,REVEAL,10008,0,0,,
611,524,ranked,tanuki,raiju,935,888,COMBAT,B,KO,,10059,3,17,0,38
612,521,duel,EVO-GEM2,baku,1000,1000,COMBAT,B,HP,,10070,3,18,16,32
613,525,ranked,PI-AGENT,kitsune,929,899,COMBAT,B,HP,,10070,3,18,16,56
614,526,ranked,GEM-LITE,EVO-DS3,811,872,COMBAT,B,HP,,10096,3,18,12,40
615,527,ranked,kappa,EVO-DS,1212,1272,COMBAT,,DOUBLE_KO,,10124,2,12,0,0
616,528,ranked,tanuki,QWEN-235,918,891,FORFEIT,A,,REVEAL,10136,1,6,48,100
617,529,ranked,kitsune,raiju,915,905,COMBAT,A,KO,,10128,2,12,22,0
618,530,ranked,PI-AGENT,EVO-DS3,913,886,COMBAT,A,HP,,10183,3,18,30,20
619,531,ranked,GEM-LITE,raiju,797,890,COMBAT,B,KO,,10214,3,13,0,48
620,532,ranked,tanuki,kitsune,933,930,COMBAT,A,KO,,10222,3,16,50,0
621,533,ranked,kappa,EVO-DS,1213,1271,COMBAT,A,KO,,10240,2,8,20,0
622,534,duel,EVO-GEM2,tengu,1000,1000,COMBAT,B,KO,,10285,3,14,0,4
623,535,ranked,GEM-LITE,EVO-DS3,784,871,COMBAT,A,HP,,10299,3,18,52,24
624,536,ranked,PI-AGENT,raiju,928,903,COMBAT,B,KO,,10305,3,17,0,4
625,537,ranked,kitsune,kirin,915,1055,COMBAT,B,KO,,10349,3,15,0,22
626,534,duel,EVO-GEM2,tengu,1000,1000,COMBAT,B,KO,,10369,3,13,0,8
627,538,ranked,tanuki,EVO-DS3,948,853,COMBAT,B,HP,,10384,3,18,14,58
628,539,ranked,GEM-LITE,ronin,802,767,FORFEIT,A,,COMMIT,10328,0,0,,
629,540,ranked,GEM-LITE,PI-AGENT,816,912,FORFEIT,B,,REVEAL,10421,2,12,42,78
630,541,ranked,kitsune,raiju,904,919,COMBAT,B,KO,,10412,2,11,0,48
631,542,ranked,tanuki,QWEN-235,929,876,FORFEIT,A,,REVEAL,10452,1,6,66,78
632,543,ranked,kitsune,EVO-DS3,889,872,COMBAT,B,KO,,10499,3,13,0,34
633,544,ranked,PI-AGENT,raiju,924,934,COMBAT,A,KO,,10483,2,12,8,0
634,545,ranked,kappa,kirin,1230,1066,COMBAT,A,KO,,10491,2,10,36,0
635,546,ranked,tanuki,PI-AGENT,943,940,COMBAT,A,HP,,10571,3,18,26,20
636,547,ranked,EVO-DS3,raiju,888,918,COMBAT,,DOUBLE_KO,,10587,3,13,0,0
637,548,duel,tengu,baku,1000,1000,COMBAT,A,KO,,10587,3,16,34,0
638,549,ranked,EVO-DS,kirin,1254,1056,COMBAT,A,KO,,10630,2,11,32,0
639,550,ranked,tanuki,kitsune,958,873,COMBAT,B,KO,,10660,3,18,0,50
640,548,duel,tengu,baku,1000,1000,COMBAT,A,KO,,10672,3,15,58,0
641,551,ranked,PI-AGENT,EVO-DS3,925,888,COMBAT,B,HP,,10676,3,18,18,22
642,552,ranked,kitsune,raiju,891,918,COMBAT,,DOUBLE_KO,,10748,3,15,0,0
643,553,cup,oni,EVO-GEM,1327,1016,COMBAT,A,KO,,10725,2,9,16,0
644,554,cup,RYUBOT,KEN.EXE,1062,1064,COMBAT,B,KO,,10724,2,11,0,30
645,555,ranked,tanuki,PI-AGENT,940,908,COMBAT,A,HP,,10766,3,18,22,16
646,556,ranked,kappa,kirin,1240,1047,COMBAT,A,KO,,10771,2,10,24,0
647,557,ranked,GEM-LITE,EVO-DS3,804,905,COMBAT,A,HP,,10802,3,18,24,18
648,554,cup,RYUBOT,KEN.EXE,1062,1064,COMBAT,A,KO,,10806,3,13,54,0
649,553,cup,oni,EVO-GEM,1327,1016,COMBAT,A,KO,,10780,2,9,16,0
650,558,ranked,tanuki,kitsune,954,891,COMBAT,B,HP,,10847,3,18,12,30
651,559,ranked,PI-AGENT,raiju,894,918,COMBAT,A,KO,,10828,2,12,26,0
652,560,duel,EVO-GEM2,baku,1000,1000,COMBAT,A,KO,,10887,3,15,14,0
653,554,cup,RYUBOT,KEN.EXE,1062,1064,COMBAT,A,KO,,10861,2,12,18,0
654,561,ranked,GEM-LITE,raiju,823,902,COMBAT,B,KO,,10920,3,15,0,6
655,562,ranked,PI-AGENT,EVO-DS3,910,886,COMBAT,B,KO,,10912,3,17,0,28
656,563,ranked,kirin,KEN.EXE,1038,1064,COMBAT,B,HP,,10947,3,18,38,60
657,564,ranked,tanuki,EVO-GEM,936,1016,COMBAT,B,KO,,10918,2,7,0,78
658,560,duel,EVO-GEM2,baku,1000,1000,COMBAT,A,KO,,10970,3,13,26,0
659,565,ranked,PI-AGENT,kitsune,894,909,COMBAT,B,KO,,10999,3,18,0,48
660,566,ranked,tanuki,EVO-DS3,923,902,COMBAT,B,HP,,11003,3,18,18,40
661,567,ranked,kirin,EVO-GEM,1023,1029,COMBAT,B,KO,,11007,2,10,0,20
662,568,ranked,GEM-LITE,raiju,810,915,COMBAT,B,HP,,11063,3,18,40,74
663,569,ranked,kitsune,EVO-DS3,924,918,COMBAT,B,KO,,11090,3,14,0,26
664,570,ranked,tanuki,PI-AGENT,907,879,COMBAT,B,HP,,11091,3,18,52,60
665,571,ranked,EVO-GEM,KEN.EXE,1044,1079,COMBAT,B,KO,,11068,2,12,0,22
666,572,ranked,kirin,raiju,1008,927,COMBAT,A,KO,,11124,2,12,16,0
667,573,ranked,EVO-GEM,EVO-DS3,1030,934,COMBAT,A,KO,,11147,2,10,72,0
668,574,ranked,GEM-LITE,PI-AGENT,798,895,COMBAT,A,HP,,11180,3,18,44,32
669,575,ranked,tanuki,kitsune,891,908,COMBAT,B,KO,,11176,3,16,0,4
670,576,duel,EVO-DS2,EVO-GEM2,1000,1000,COMBAT,,DOUBLE_KO,,11187,3,13,0,0
671,577,ranked,kirin,KEN.EXE,1021,1093,COMBAT,B,HP,,11209,3,18,30,48
672,578,ranked,EVO-DS3,raiju,922,914,COMBAT,B,KO,,11233,3,15,0,18
673,579,ranked,PI-AGENT,kitsune,876,923,COMBAT,B,KO,,11266,3,16,0,74
674,580,ranked,GEM-LITE,tanuki,817,876,COMBAT,A,HP,,11267,3,18,60,24
675,581,ranked,EVO-GEM,KEN.EXE,1042,1106,COMBAT,B,KO,,11300,3,17,0,8
676,582,ranked,kirin,raiju,1008,930,COMBAT,A,KO,,11290,2,12,16,0
677,583,ranked,GEM-LITE,EVO-DS3,834,906,COMBAT,A,KO,,11354,3,16,52,0
678,584,ranked,tanuki,kitsune,859,937,COMBAT,B,HP,,11355,3,18,30,52
679,585,ranked,PI-AGENT,raiju,862,917,COMBAT,B,KO,,11379,3,17,0,2
680,586,ranked,kirin,EVO-GEM,1021,1029,COMBAT,B,KO,,11360,2,10,0,20
681,587,ranked,EVO-DS,KEN.EXE,1263,1119,COMBAT,B,KO,,11428,3,17,0,28
682,588,ranked,GEM-LITE,kitsune,852,950,COMBAT,B,HP,,11442,3,18,16,48
683,589,ranked,tanuki,EVO-DS3,846,888,COMBAT,A,HP,,11444,3,18,40,6
684,590,ranked,kirin,raiju,1006,931,COMBAT,A,KO,,11438,2,12,16,0
685,591,duel,EVO-DS2,baku,1000,1000,COMBAT,B,KO,,11488,3,15,0,38
686,592,ranked,EVO-GEM,KEN.EXE,1044,1139,COMBAT,A,KO,,11488,2,10,66,0
687,593,ranked,PI-AGENT,raiju,848,918,COMBAT,A,KO,,11498,2,9,30,0
688,594,ranked,kitsune,kirin,962,1019,COMBAT,B,HP,,11531,3,18,4,20
689,595,ranked,GEM-LITE,tanuki,840,863,COMBAT,B,HP,,11530,3,18,70,92
690,591,duel,EVO-DS2,baku,1000,1000,COMBAT,B,HP,,11571,3,18,12,22
691,596,ranked,EVO-DS3,raiju,871,900,COMBAT,B,KO,,11557,2,11,0,74
692,597,ranked,EVO-DS,KEN.EXE,1243,1120,COMBAT,A,KO,,11615,3,13,38,0
693,598,ranked,kirin,EVO-GEM,1033,1063,COMBAT,B,KO,,11589,2,10,0,20
694,599,ranked,PI-AGENT,kitsune,866,948,COMBAT,B,KO,,11591,2,12,0,48
695,600,ranked,tanuki,raiju,878,915,COMBAT,A,KO,,11616,2,10,30,0
696,601,ranked,GEM-LITE,EVO-DS3,825,856,COMBAT,A,HP,,11646,3,18,70,52
697,602,ranked,kitsune,kirin,961,1018,COMBAT,A,KO,,11679,3,18,28,0
698,603,ranked,EVO-GEM,KEN.EXE,1078,1108,COMBAT,,DOUBLE_KO,,11702,3,13,0,0
699,604,ranked,tanuki,PI-AGENT,895,853,COMBAT,A,HP,,11705,3,18,24,4
700,605,ranked,EVO-DS3,raiju,840,898,COMBAT,A,KO,,11732,3,13,4,0
701,606,duel,EVO-DS2,EVO-GEM2,1000,1000,COMBAT,A,KO,,11761,2,9,22,0
702,607,ranked,GEM-LITE,PI-AGENT,841,839,COMBAT,B,HP,,11789,3,18,28,34
703,608,ranked,kitsune,EVO-GEM,978,1078,COMBAT,B,KO,,11791,3,14,0,14
704,609,ranked,tanuki,kirin,909,1001,COMBAT,,DOUBLE_KO,,11790,3,15,0,0
705,610,ranked,EVO-DS,KEN.EXE,1255,1108,COMBAT,A,KO,,11830,3,14,50,0
706,606,duel,EVO-DS2,EVO-GEM2,1000,1000,COMBAT,B,KO,,11843,3,15,0,6
707,611,ranked,EVO-DS3,raiju,857,881,COMBAT,A,KO,,11873,3,16,12,0
708,612,ranked,tanuki,PI-AGENT,911,855,COMBAT,A,HP,,11876,3,18,70,10
709,613,ranked,kirin,EVO-GEM,999,1090,COMBAT,B,KO,,11852,2,10,0,20
710,614,ranked,GEM-LITE,kitsune,825,966,COMBAT,B,HP,,11917,3,18,30,52
711,606,duel,EVO-DS2,EVO-GEM2,1000,1000,COMBAT,B,KO,,11927,3,17,0,24
712,615,ranked,EVO-GEM,KEN.EXE,1103,1097,COMBAT,A,KO,,11937,3,17,24,0
713,616,ranked,tanuki,kirin,925,986,COMBAT,B,KO,,11961,3,17,0,8
714,617,ranked,PI-AGENT,EVO-DS3,841,873,COMBAT,A,HP,,11962,3,18,26,16
715,618,ranked,GEM-LITE,raiju,814,865,COMBAT,A,KO,,12000,3,14,4,0
716,619,ranked,tanuki,kitsune,911,977,COMBAT,A,HP,,12044,3,18,30,22
717,620,ranked,kirin,KEN.EXE,1000,1082,COMBAT,A,HP,,12047,3,18,16,8
718,621,cup,oni,RYUBOT,1327,1062,COMBAT,A,KO,,12054,3,13,18,0
719,622,ranked,kappa,EVO-GEM,1249,1118,COMBAT,B,KO,,12035,2,10,0,8
720,623,ranked,QWEN-235,EVO-DS3,862,856,FORFEIT,B,,REVEAL,12068,1,6,80,82
721,624,ranked,PI-AGENT,raiju,858,848,COMBAT,,DOUBLE_KO,,12087,3,13,0,0
722,625,duel,EVO-DS2,baku,1000,1000,COMBAT,B,HP,,12087,3,18,6,70
723,626,ranked,GEM-LITE,ronin,831,753,FORFEIT,A,,REVEAL,12056,0,0,,
724,627,ranked,kappa,EVO-DS,1229,1266,COMBAT,B,KO,,12096,2,12,0,14
725,628,ranked,EVO-GEM,KEN.EXE,1138,1064,COMBAT,A,KO,,12135,3,17,66,0
726,629,ranked,tanuki,kirin,929,1018,COMBAT,B,KO,,12107,2,11,0,36
727,621,cup,oni,RYUBOT,1327,1062,COMBAT,B,KO,,12137,3,14,0,2
728,630,ranked,kitsune,EVO-DS3,959,872,COMBAT,A,KO,,12154,3,13,38,0
729,625,duel,EVO-DS2,baku,1000,1000,COMBAT,A,KO,,12141,2,10,84,0
730,631,ranked,GEM-LITE,raiju,844,848,COMBAT,A,HP,,12174,3,18,8,4
731,632,ranked,tanuki,PI-AGENT,916,858,COMBAT,A,HP,,12195,3,18,42,12
732,621,cup,oni,RYUBOT,1327,1062,COMBAT,,DOUBLE_KO,,12192,2,11,0,0
733,633,ranked,kappa,EVO-GEM,1215,1151,COMBAT,A,KO,,12195,2,12,12,0
734,634,ranked,kirin,KEN.EXE,1031,1051,COMBAT,B,HP,,12223,3,18,30,52
735,625,duel,EVO-DS2,baku,1000,1000,COMBAT,A,HP,,12225,3,18,54,40
736,635,ranked,GEM-LITE,EVO-DS3,860,859,COMBAT,B,KO,,12259,3,15,0,18
737,621,cup,oni,RYUBOT,1327,1062,COMBAT,A,KO,,12274,3,13,6,0
738,636,ranked,kappa,EVO-DS,1228,1280,COMBAT,A,KO,,12284,3,14,14,0
739,637,ranked,tanuki,kitsune,930,972,COMBAT,A,HP,,12284,3,18,20,14
740,638,ranked,PI-AGENT,raiju,844,832,COMBAT,,DOUBLE_KO,,12281,3,17,0,0
741,625,duel,EVO-DS2,baku,1000,1000,COMBAT,B,HP,,12308,3,18,18,22
742,639,ranked,EVO-GEM,KEN.EXE,1138,1066,COMBAT,B,KO,,12282,2,12,0,4
743,621,cup,oni,RYUBOT,1327,1062,COMBAT,A,KO,,12328,2,7,56,0
744,640,ranked,PI-AGENT,EVO-DS3,844,875,COMBAT,B,KO,,12364,3,16,0,4
745,641,ranked,GEM-LITE,raiju,844,832,COMBAT,,DOUBLE_KO,,12368,3,17,0,0
746,642,ranked,kirin,KEN.EXE,1016,1084,COMBAT,A,HP,,12371,3,18,32,20
747,643,duel,EVO-GEM2,tengu,1000,1000,COMBAT,B,KO,,12361,2,9,0,44
748,625,duel,EVO-DS2,baku,1000,1000,COMBAT,B,HP,,12389,3,18,30,44
749,644,ranked,kappa,EVO-GEM,1245,1120,COMBAT,B,KO,,12384,2,10,0,22
750,645,ranked,tanuki,kitsune,947,955,COMBAT,B,HP,,12427,3,18,10,16
751,646,ranked,QWEN-235,ronin,846,740,FORFEIT,A,,REVEAL,12392,0,0,,
752,643,duel,EVO-GEM2,tengu,1000,1000,COMBAT,B,KO,,12416,2,11,0,4
753,647,ranked,GEM-LITE,EVO-DS3,844,890,COMBAT,B,HP,,12454,3,18,6,40
754,648,ranked,kappa,EVO-DS,1225,1263,COMBAT,A,KO,,12471,3,14,18,0
755,649,ranked,GEM-LITE,raiju,830,832,COMBAT,B,KO,,12544,3,13,0,22
756,650,ranked,kirin,EVO-DS3,1034,904,COMBAT,,DOUBLE_KO,,12581,3,15,0,0
757,651,ranked,kappa,EVO-DS,1242,1246,COMBAT,B,KO,,12584,2,12,0,14
758,652,cup,oni,PI-AGENT,1327,829,COMBAT,A,KO,,12602,2,11,36,0
759,653,cup,kitsune,RYUBOT,970,1062,COMBAT,B,KO,,12631,3,17,0,44
760,654,cup,QWEN-235,EVO-GEM,858,1140,COMBAT,B,KO,,12630,3,13,0,10
761,655,cup,tanuki,KEN.EXE,932,1066,COMBAT,B,HP,,12631,3,18,12,34
762,656,ranked,GEM-LITE,EVO-DS3,815,908,COMBAT,A,HP,,12671,3,18,60,20
763,652,cup,oni,PI-AGENT,1327,829,COMBAT,A,KO,,12656,2,11,36,0
764,657,duel,EVO-GEM2,tengu,1000,1000,COMBAT,B,KO,,12658,2,11,0,22
765,654,cup,QWEN-235,EVO-GEM,858,1140,FORFEIT,B,,REVEAL,12698,1,6,36,66
766,653,cup,kitsune,RYUBOT,970,1062,COMBAT,B,KO,,12712,3,13,0,18
767,655,cup,tanuki,KEN.EXE,932,1066,COMBAT,B,HP,,12713,3,18,30,54
768,658,ranked,kappa,EVO-DS,1227,1261,COMBAT,A,KO,,12727,3,16,50,0
769,657,duel,EVO-GEM2,tengu,1000,1000,COMBAT,B,KO,,12712,2,11,0,22
770,659,ranked,kirin,raiju,1030,847,COMBAT,A,KO,,12722,2,12,16,0
771,657,duel,EVO-GEM2,tengu,1000,1000,COMBAT,B,KO,,12770,2,10,0,26
772,660,ranked,GEM-LITE,ronin,833,728,COMBAT,B,HP,,12809,3,18,10,48
773,661,ranked,tanuki,EVO-DS3,932,890,COMBAT,B,KO,,12798,3,16,0,20
774,662,ranked,PI-AGENT,raiju,829,837,COMBAT,B,KO,,12805,3,13,0,44
775,663,ranked,kitsune,kirin,970,1040,COMBAT,A,KO,,12783,2,12,20,0
776,664,ranked,kappa,EVO-DS,1244,1244,COMBAT,A,KO,,12841,2,11,32,0
777,665,ranked,tanuki,kitsune,915,988,COMBAT,B,KO,,12883,3,18,0,28
778,666,ranked,PI-AGENT,EVO-DS3,814,907,COMBAT,B,HP,,12894,3,18,4,34
779,667,ranked,GEM-LITE,raiju,814,852,COMBAT,B,HP,,12895,3,18,10,62
780,668,ranked,kitsune,kirin,1001,1022,COMBAT,B,HP,,12970,3,18,8,10
781,669,ranked,GEM-LITE,ronin,800,747,FORFEIT,A,,COMMIT,12955,1,6,88,48
782,670,ranked,tanuki,EVO-DS3,902,920,COMBAT,A,KO,,12982,3,18,10,0
783,671,ranked,PI-AGENT,raiju,801,866,COMBAT,B,KO,,12981,3,13,0,42
784,672,duel,EVO-DS2,EVO-GEM2,1000,1000,COMBAT,B,KO,,12983,3,13,0,46
785,673,ranked,GEM-LITE,QWEN-235,814,858,FORFEIT,A,,REVEAL,13024,1,6,92,78
786,674,ranked,kitsune,EVO-DS3,986,904,COMBAT,A,HP,,13067,3,18,24,10
787,675,ranked,tanuki,raiju,918,879,COMBAT,B,KO,,13070,3,17,0,4
788,676,ranked,GEM-LITE,PI-AGENT,831,788,COMBAT,A,HP,,13110,3,18,66,36
789,677,ranked,EVO-DS,kirin,1228,1037,COMBAT,A,KO,,13106,2,9,44,0
790,678,ranked,tanuki,kitsune,901,999,COMBAT,A,HP,,13156,3,18,54,36
791,679,ranked,EVO-DS3,raiju,891,896,COMBAT,,DOUBLE_KO,,13160,3,15,0,0
792,680,ranked,kitsune,kirin,980,1028,COMBAT,A,KO,,13216,2,10,32,0
793,681,ranked,GEM-LITE,tanuki,845,920,COMBAT,A,KO,,13242,3,15,48,0
794,682,ranked,PI-AGENT,raiju,774,896,COMBAT,B,KO,,13285,3,13,0,6
795,683,duel,EVO-DS2,EVO-GEM2,1000,1000,COMBAT,A,KO,,13287,3,15,4,0
796,684,ranked,tanuki,EVO-DS3,902,891,COMBAT,B,HP,,13327,3,18,16,54
797,685,ranked,kitsune,kirin,997,1011,COMBAT,A,KO,,13332,2,10,44,0
798,683,duel,EVO-DS2,EVO-GEM2,1000,1000,COMBAT,A,KO,,13340,2,10,18,0
799,686,ranked,GEM-LITE,raiju,863,908,COMBAT,B,KO,,13373,3,15,0,58
800,687,ranked,kirin,EVO-DS3,995,907,COMBAT,A,KO,,13417,3,14,22,0
801,683,duel,EVO-DS2,EVO-GEM2,1000,1000,COMBAT,A,KO,,13422,3,17,4,0
802,688,ranked,tanuki,PI-AGENT,886,762,COMBAT,B,HP,,13454,3,18,32,56
803,689,ranked,kitsune,raiju,1013,922,COMBAT,A,KO,,13432,2,12,8,0
804,690,ranked,GEM-LITE,EVO-DS3,849,894,COMBAT,B,HP,,13506,3,18,40,48
805,691,ranked,kitsune,kirin,1026,1008,COMBAT,B,KO,,13518,3,17,0,12
806,692,ranked,tanuki,raiju,867,909,COMBAT,B,KO,,13543,3,15,0,4
807,693,duel,EVO-DS2,EVO-GEM2,1000,1000,COMBAT,B,KO,,13586,3,15,0,2
808,694,ranked,GEM-LITE,PI-AGENT,835,781,COMBAT,A,KO,,13591,3,14,34,0
809,695,ranked,EVO-DS3,raiju,908,923,COMBAT,A,KO,,13603,2,11,8,0
810,696,ranked,kitsune,kirin,1010,1024,COMBAT,B,KO,,13661,3,17,0,14
811,693,duel,EVO-DS2,EVO-GEM2,1000,1000,COMBAT,B,KO,,13668,3,13,0,26
812,697,ranked,GEM-LITE,tanuki,849,853,COMBAT,B,HP,,13680,3,18,24,32
813,698,ranked,PI-AGENT,raiju,767,907,COMBAT,B,KO,,13732,3,17,0,20
814,699,ranked,kitsune,EVO-DS3,995,924,COMBAT,A,KO,,13746,3,18,40,0
815,700,ranked,GEM-LITE,PI-AGENT,834,756,COMBAT,,HP_TIE,,13818,3,18,60,60
816,701,ranked,tanuki,raiju,868,918,COMBAT,B,KO,,13819,3,15,0,28
817,702,ranked,EVO-DS,kirin,1237,1039,COMBAT,A,KO,,13799,2,11,16,0
818,703,duel,tengu,baku,1000,1000,COMBAT,A,KO,,13887,3,14,16,0
819,704,ranked,kitsune,EVO-DS3,1008,911,COMBAT,B,HP,,13891,3,18,26,34
820,705,ranked,kirin,raiju,1030,932,COMBAT,A,KO,,13877,2,12,16,0
821,706,ranked,tanuki,PI-AGENT,854,758,COMBAT,A,KO,,13906,3,17,14,0
822,707,cup,oni,RYUBOT,1327,1062,COMBAT,B,KO,,13928,3,15,0,2
823,708,cup,EVO-GEM,KEN.EXE,1140,1066,COMBAT,,DOUBLE_KO,,13928,3,14,0,0
824,709,ranked,GEM-LITE,raiju,832,920,COMBAT,B,KO,,13963,3,15,0,48
825,703,duel,tengu,baku,1000,1000,COMBAT,A,KO,,13971,3,15,2,0
826,710,ranked,tanuki,EVO-DS3,866,930,COMBAT,B,HP,,13995,3,18,18,24
827,707,cup,oni,RYUBOT,1327,1062,COMBAT,A,KO,,13983,2,9,48,0
828,708,cup,EVO-GEM,KEN.EXE,1140,1066,COMBAT,A,KO,,14009,3,13,52,0
829,711,ranked,kitsune,raiju,989,933,COMBAT,B,KO,,14051,3,17,0,10
830,712,ranked,GEM-LITE,PI-AGENT,819,746,COMBAT,A,HP,,14047,3,18,52,30
831,703,duel,tengu,baku,1000,1000,COMBAT,A,KO,,14055,3,16,30,0
832,707,cup,oni,RYUBOT,1327,1062,COMBAT,,DOUBLE_KO,,14065,3,13,0,0
833,713,ranked,kirin,EVO-DS3,1042,943,COMBAT,B,KO,,14083,3,14,0,28
834,708,cup,EVO-GEM,KEN.EXE,1140,1066,COMBAT,A,KO,,14090,3,13,66,0
835,714,ranked,GEM-LITE,tanuki,832,853,FORFEIT,B,,REVEAL,14143,2,12,78,18
836,707,cup,oni,RYUBOT,1327,1062,COMBAT,A,KO,,14148,3,13,4,0
837,715,ranked,kirin,raiju,1023,950,COMBAT,A,KO,,14142,2,12,16,0
838,716,ranked,kitsune,EVO-DS3,972,962,COMBAT,A,HP,,14170,3,18,50,30
839,717,duel,EVO-DS2,baku,1000,1000,COMBAT,A,HP,,14186,3,18,78,46
840,718,ranked,tanuki,raiju,868,937,COMBAT,,DOUBLE_KO,,14229,3,15,0,0
841,719,ranked,kirin,KEN.EXE,1036,1066,COMBAT,B,HP,,14234,3,18,14,24
842,720,ranked,kitsune,RYUBOT,987,1062,COMBAT,B,KO,,14226,2,11,0,54
843,717,duel,EVO-DS2,baku,1000,1000,COMBAT,A,KO,,14240,2,12,84,0
844,721,ranked,kitsune,EVO-DS3,974,947,COMBAT,B,HP,,14314,3,18,24,48
845,722,ranked,RYUBOT,KEN.EXE,1075,1081,COMBAT,B,KO,,14291,2,12,0,24
846,717,duel,EVO-DS2,baku,1000,1000,COMBAT,B,HP,,14325,3,18,8,38
847,723,ranked,kirin,raiju,1021,935,COMBAT,A,KO,,14296,2,12,16,0
848,724,ranked,tanuki,PI-AGENT,870,733,COMBAT,A,HP,,14359,3,18,68,14
849,725,ranked,RYUBOT,kirin,1060,1034,COMBAT,A,KO,,14383,3,13,20,0
850,726,ranked,kitsune,raiju,958,922,COMBAT,A,KO,,14375,2,8,40,0
851,717,duel,EVO-DS2,baku,1000,1000,COMBAT,A,KO,,14407,3,18,52,0
852,727,ranked,EVO-DS,KEN.EXE,1246,1096,COMBAT,A,KO,,14419,3,13,10,0
853,728,ranked,tanuki,EVO-DS3,881,963,COMBAT,B,HP,,14447,3,18,8,42
854,729,ranked,GEM-LITE,PI-AGENT,817,722,FORFEIT,B,,REVEAL,14474,2,12,56,58
855,730,ranked,kitsune,kirin,972,1019,COMBAT,,DOUBLE_KO,,14482,3,15,0,0
856,731,ranked,QWEN-235,raiju,841,908,FORFEIT,B,,REVEAL,14467,1,6,72,62
857,732,ranked,kappa,EVO-DS,1260,1257,COMBAT,,DOUBLE_KO,,14479,2,9,0,0
858,733,ranked,RYUBOT,KEN.EXE,1075,1085,COMBAT,B,HP,,14506,3,18,8,10
859,734,ranked,EVO-DS3,raiju,976,921,COMBAT,B,KO,,14556,3,17,0,36
860,735,ranked,PI-AGENT,ronin,741,733,FORFEIT,A,,COMMIT,14574,2,12,34,44
861,736,ranked,kitsune,RYUBOT,973,1060,COMBAT,B,HP,,14591,3,18,20,42
862,737,ranked,kirin,KEN.EXE,1018,1100,COMBAT,B,KO,,14592,3,14,0,44
863,738,ranked,kappa,EVO-DS,1260,1257,COMBAT,,DOUBLE_KO,,14624,3,13,0,0
864,739,ranked,tanuki,raiju,868,938,COMBAT,B,HP,,14641,3,18,12,42
865,740,ranked,kitsune,EVO-DS3,960,959,COMBAT,A,HP,,14679,3,18,38,26
866,741,ranked,RYUBOT,kirin,1073,1005,COMBAT,A,KO,,14651,2,12,28,0
867,742,ranked,tanuki,PI-AGENT,855,756,COMBAT,A,KO,,14726,3,13,32,0
868,743,ranked,RYUBOT,KEN.EXE,1086,1113,COMBAT,B,KO,,14739,3,16,0,20
869,744,ranked,kirin,raiju,992,951,COMBAT,A,KO,,14711,2,12,16,0
870,745,ranked,kappa,EVO-DS,1260,1257,COMBAT,B,KO,,14767,3,14,0,28
871,746,duel,EVO-DS2,baku,1000,1000,COMBAT,B,HP,,14786,3,18,6,36
872,747,ranked,kitsune,raiju,975,937,COMBAT,A,KO,,14771,2,10,44,0
873,748,ranked,kirin,EVO-DS3,1006,944,COMBAT,A,KO,,14799,3,15,24,0
874,749,ranked,GEM-LITE,QWEN-235,798,828,COMBAT,A,KO,,14797,3,17,16,0
875,750,ranked,tanuki,raiju,867,923,COMBAT,A,KO,,14858,3,14,8,0
876,751,ranked,kitsune,RYUBOT,989,1071,COMBAT,B,KO,,14859,3,14,0,46
877,746,duel,EVO-DS2,baku,1000,1000,COMBAT,A,KO,,14866,3,16,10,0
878,752,ranked,GEM-LITE,PI-AGENT,814,744,FORFEIT,B,,REVEAL,14894,2,12,64,50
879,753,ranked,EVO-DS,KEN.EXE,1273,1128,COMBAT,A,KO,,14893,3,14,28,0
880,754,ranked,QWEN-235,ronin,812,718,FORFEIT,B,,REVEAL,14898,1,6,82,70
881,755,ranked,kirin,EVO-DS3,1020,930,COMBAT,A,KO,,14942,3,18,34,0
882,756,ranked,kitsune,raiju,976,906,COMBAT,A,KO,,14947,3,18,26,0
883,746,duel,EVO-DS2,baku,1000,1000,COMBAT,A,HP,,14946,3,18,12,8
884,757,ranked,kappa,EVO-DS,1244,1284,COMBAT,,DOUBLE_KO,,14952,2,11,0,0
885,758,ranked,RYUBOT,KEN.EXE,1084,1117,COMBAT,A,KO,,14979,3,18,4,0
886,759,ranked,PI-AGENT,ronin,762,737,FORFEIT,A,,REVEAL,14952,0,0,,
887,746,duel,EVO-DS2,baku,1000,1000,COMBAT,A,HP,,15026,3,18,26,20
888,760,ranked,tanuki,EVO-DS3,884,917,COMBAT,B,HP,,15032,3,18,6,34
889,761,ranked,kitsune,kirin,989,1033,COMBAT,A,KO,,15035,3,17,44,0
890,762,ranked,PI-AGENT,raiju,777,893,COMBAT,A,KO,,15050,2,11,30,0
891,763,duel,EVO-GEM2,tengu,1000,1000,COMBAT,B,KO,,15058,2,12,0,22
892,764,ranked,kappa,EVO-DS,1245,1283,COMBAT,B,KO,,15070,2,10,0,18
893,765,ranked,RYUBOT,KEN.EXE,1101,1100,COMBAT,A,KO,,15123,3,13,30,0
894,766,ranked,kirin,EVO-DS3,1016,931,COMBAT,A,HP,,15120,3,18,8,4
895,767,ranked,tanuki,raiju,870,874,COMBAT,,DOUBLE_KO,,15134,3,15,0,0
896,763,duel,EVO-GEM2,tengu,1000,1000,COMBAT,B,KO,,15139,3,14,0,12
897,768,ranked,kitsune,kirin,1006,1029,COMBAT,A,KO,,15180,2,11,16,0
898,769,ranked,kappa,EVO-DS,1231,1297,COMBAT,B,KO,,15215,3,14,0,6
899,770,ranked,GEM-LITE,PI-AGENT,796,796,COMBAT,A,HP,,15217,3,18,60,30
900,771,ranked,EVO-DS3,raiju,918,874,COMBAT,B,KO,,15219,3,13,0,68
901,772,ranked,tanuki,QWEN-235,870,793,FORFEIT,A,,REVEAL,15204,1,6,54,88
902,773,cup,oni,EVO-GEM,1327,1140,COMBAT,A,KO,,15203,2,9,16,0
903,774,ranked,RYUBOT,KEN.EXE,1116,1085,COMBAT,A,KO,,15266,3,13,12,0
904,773,cup,oni,EVO-GEM,1327,1140,COMBAT,A,KO,,15258,2,9,16,0
905,775,ranked,GEM-LITE,tanuki,812,883,COMBAT,A,HP,,15305,3,18,48,36
906,776,ranked,kitsune,kirin,1022,1013,COMBAT,A,KO,,15298,2,12,4,0
907,777,ranked,PI-AGENT,ronin,780,722,FORFEIT,A,,REVEAL,15316,1,6,72,60
908,773,cup,oni,EVO-GEM,1327,1140,COMBAT,A,KO,,15314,2,9,16,0
909,778,ranked,kappa,RYUBOT,1218,1131,COMBAT,,DOUBLE_KO,,15356,3,13,0,0
910,779,ranked,EVO-DS3,raiju,901,891,COMBAT,A,HP,,15363,3,18,28,4
911,780,ranked,kirin,KEN.EXE,998,1070,COMBAT,B,KO,,15358,2,11,0,44
912,781,duel,EVO-GEM2,baku,1000,1000,COMBAT,A,KO,,15386,3,15,14,0
913,782,ranked,kitsune,kirin,1037,985,COMBAT,,HP_TIE,,15446,3,18,4,4
914,783,ranked,GEM-LITE,tanuki,830,865,COMBAT,A,HP,,15454,3,18,32,16
915,781,duel,EVO-GEM2,baku,1000,1000,COMBAT,B,KO,,15442,2,12,0,4
916,784,ranked,EVO-DS3,raiju,916,876,COMBAT,B,KO,,15505,3,13,0,30
917,781,duel,EVO-GEM2,baku,1000,1000,COMBAT,B,KO,,15498,2,9,0,30
918,781,duel,EVO-GEM2,baku,1000,1000,COMBAT,A,KO,,15554,2,11,50,0
919,785,ranked,GEM-LITE,kirin,847,986,COMBAT,A,KO,,15582,3,17,28,0
920,786,ranked,tanuki,EVO-DS3,848,899,COMBAT,B,HP,,15590,3,18,12,26
921,787,ranked,kappa,kitsune,1216,1036,COMBAT,A,KO,,15616,3,13,44,0
922,788,cup,PI-AGENT,KEN.EXE,794,1083,COMBAT,B,KO,,15614,3,17,0,24
923,781,duel,EVO-GEM2,baku,1000,1000,COMBAT,A,KO,,15636,3,17,26,0
924,789,ranked,kirin,raiju,966,893,COMBAT,A,KO,,15640,2,12,16,0
925,790,ranked,GEM-LITE,tanuki,867,834,COMBAT,B,HP,,15680,3,18,14,32
926,791,duel,EVO-DS2,tengu,1000,1000,COMBAT,A,KO,,15687,3,16,16,0
927,788,cup,PI-AGENT,KEN.EXE,794,1083,COMBAT,B,HP,,15697,3,18,34,66
928,792,ranked,EVO-DS3,raiju,913,880,COMBAT,B,KO,,15726,3,13,0,2
929,793,ranked,kitsune,kirin,1026,979,COMBAT,B,KO,,15728,3,18,0,24
930,791,duel,EVO-DS2,tengu,1000,1000,COMBAT,B,KO,,15769,3,13,0,4
931,794,ranked,GEM-LITE,PI-AGENT,850,794,COMBAT,B,HP,,15784,3,18,36,38
932,795,ranked,tanuki,EVO-DS3,851,896,COMBAT,B,KO,,15815,3,16,0,22
933,796,ranked,kirin,raiju,996,897,COMBAT,A,KO,,15788,2,12,16,0
934,791,duel,EVO-DS2,tengu,1000,1000,COMBAT,B,KO,,15825,2,11,0,24
935,797,ranked,PI-AGENT,raiju,811,885,COMBAT,A,KO,,15874,3,14,4,0
936,798,ranked,kitsune,EVO-DS3,1009,910,COMBAT,A,HP,,15903,3,18,40,14
937,799,ranked,GEM-LITE,tanuki,833,837,COMBAT,,HP_TIE,,15902,3,18,18,18
938,791,duel,EVO-DS2,tengu,1000,1000,COMBAT,B,KO,,15906,3,18,0,4
939,800,duel,EVO-GEM2,baku,1000,1000,COMBAT,A,KO,,15986,3,17,2,0
940,801,ranked,GEM-LITE,PI-AGENT,833,829,COMBAT,A,HP,,15985,3,18,40,2
941,802,ranked,tanuki,raiju,837,867,COMBAT,B,KO,,15989,3,13,0,54
942,803,ranked,kirin,EVO-DS3,1008,898,COMBAT,B,KO,,16032,3,17,0,28
943,800,duel,EVO-GEM2,baku,1000,1000,COMBAT,A,KO,,16069,3,13,72,0
944,804,ranked,GEM-LITE,raiju,848,882,COMBAT,B,KO,,16075,3,13,0,16
945,805,ranked,tanuki,PI-AGENT,822,814,COMBAT,B,KO,,16075,3,15,0,26
946,806,ranked,kitsune,EVO-DS3,1021,917,COMBAT,A,KO,,16157,3,13,58,0
947,807,ranked,kirin,raiju,989,896,COMBAT,A,KO,,16136,2,12,16,0
948,808,ranked,GEM-LITE,PI-AGENT,834,830,COMBAT,A,HP,,16163,3,18,48,18
949,809,ranked,tanuki,raiju,806,883,COMBAT,B,KO,,16224,3,17,0,52
950,810,ranked,kirin,EVO-DS3,1002,905,COMBAT,B,KO,,16242,3,16,0,28
951,811,ranked,GEM-LITE,PI-AGENT,849,815,COMBAT,A,HP,,16307,3,18,46,12
952,812,ranked,kappa,kitsune,1226,1033,COMBAT,A,KO,,16296,2,11,86,0
953,813,ranked,kirin,raiju,983,896,COMBAT,A,KO,,16302,2,12,16,0
954,814,ranked,tanuki,EVO-DS3,793,924,COMBAT,B,KO,,16371,3,17,0,28
955,815,ranked,PI-AGENT,raiju,801,883,COMBAT,B,KO,,16395,3,13,0,20
956,816,ranked,GEM-LITE,kirin,863,996,COMBAT,A,HP,,16434,3,18,68,48
957,817,ranked,kitsune,EVO-DS3,1024,935,COMBAT,B,HP,,16456,3,18,12,26
958,818,ranked,tanuki,PI-AGENT,782,788,COMBAT,B,HP,,16483,3,18,2,30
959,819,ranked,GEM-LITE,raiju,883,896,COMBAT,B,KO,,16493,2,11,0,62
960,820,ranked,kirin,EVO-DS3,976,953,COMBAT,B,HP,,16542,3,18,12,48
961,821,ranked,kitsune,raiju,1006,911,COMBAT,B,KO,,16581,3,15,0,14
962,822,duel,EVO-DS2,tengu,1000,1000,COMBAT,B,KO,,16560,2,12,0,52
963,823,ranked,GEM-LITE,tanuki,868,767,COMBAT,B,KO,,16617,3,18,0,10
964,822,duel,EVO-DS2,tengu,1000,1000,COMBAT,A,KO,,16644,3,16,6,0
965,824,ranked,kirin,raiju,960,930,COMBAT,A,KO,,16642,2,12,16,0
966,825,ranked,kitsune,EVO-DS3,987,969,COMBAT,A,KO,,16667,3,14,28,0
967,826,ranked,tanuki,PI-AGENT,786,803,COMBAT,B,HP,,16704,3,18,4,16
968,822,duel,EVO-DS2,tengu,1000,1000,COMBAT,B,KO,,16727,3,15,0,38
969,827,ranked,GEM-LITE,raiju,849,915,COMBAT,B,KO,,16728,3,13,0,26
970,828,ranked,kitsune,EVO-DS3,1002,954,COMBAT,A,KO,,16810,3,18,12,0
971,829,ranked,GEM-LITE,tanuki,836,771,COMBAT,A,HP,,16815,3,18,46,30
972,830,ranked,PI-AGENT,raiju,818,928,COMBAT,A,KO,,16853,3,14,8,0
973,831,ranked,kappa,EVO-DS,1235,1310,COMBAT,A,KO,,16854,2,12,10,0
974,832,ranked,kirin,EVO-DS3,975,940,COMBAT,A,HP,,16894,3,18,34,24
975,833,ranked,GEM-LITE,QWEN-235,849,780,COMBAT,A,HP,,16902,3,18,40,24
976,834,cup,oni,KEN.EXE,1327,1083,COMBAT,A,KO,,16916,3,17,50,0
977,835,cup,RYUBOT,EVO-GEM,1133,1140,COMBAT,A,KO,,16890,2,9,12,0
978,836,ranked,tanuki,PI-AGENT,758,837,COMBAT,B,HP,,16939,3,18,2,30
979,835,cup,RYUBOT,EVO-GEM,1133,1140,COMBAT,A,KO,,16970,3,13,4,0
980,837,ranked,kitsune,raiju,1016,909,COMBAT,B,KO,,16979,3,17,0,8
981,838,ranked,GEM-LITE,EVO-DS3,862,926,COMBAT,B,KO,,16987,3,18,0,28
982,839,ranked,QWEN-235,ronin,767,708,FORFEIT,B,,REVEAL,16976,1,6,84,84
983,834,cup,oni,KEN.EXE,1327,1083,COMBAT,A,KO,,16970,2,9,42,0
984,840,ranked,kappa,EVO-DS,1253,1292,COMBAT,B,KO,,16972,2,8,0,30
985,841,ranked,kirin,KEN.EXE,989,1083,COMBAT,B,KO,,17059,3,16,0,24
986,842,ranked,kappa,EVO-GEM,1239,1140,COMBAT,A,KO,,17036,2,12,16,0
987,843,ranked,PI-AGENT,raiju,850,928,COMBAT,A,KO,,17065,3,18,4,0
988,844,ranked,kitsune,EVO-DS3,997,939,COMBAT,B,HP,,17076,3,18,2,6
989,845,ranked,tanuki,ronin,745,725,FORFEIT,A,,REVEAL,17060,1,6,100,78
990,846,ranked,kappa,EVO-DS,1251,1306,COMBAT,A,KO,,17094,2,11,8,0
991,847,ranked,GEM-LITE,tanuki,849,760,COMBAT,B,KO,,17148,3,16,0,34
992,848,ranked,EVO-GEM,KEN.EXE,1128,1095,COMBAT,A,KO,,17146,3,13,66,0
993,849,ranked,kirin,raiju,977,910,COMBAT,A,KO,,17123,2,12,16,0
994,850,ranked,PI-AGENT,EVO-DS3,868,956,COMBAT,B,KO,,17163,3,14,0,42
995,851,duel,EVO-DS2,baku,1000,1000,COMBAT,A,KO,,17188,3,16,52,0
996,852,ranked,kitsune,raiju,980,897,COMBAT,A,KO,,17211,3,16,14,0
997,853,ranked,kirin,KEN.EXE,990,1081,COMBAT,B,HP,,17233,3,18,14,32
998,854,ranked,kappa,EVO-DS,1268,1289,COMBAT,B,KO,,17212,2,10,0,14
999,855,ranked,tanuki,PI-AGENT,778,855,COMBAT,A,KO,,17251,3,18,16,0
1000,851,duel,EVO-DS2,baku,1000,1000,COMBAT,A,KO,,17270,3,16,30,0
1001,856,ranked,GEM-LITE,EVO-DS3,831,969,COMBAT,,HP_TIE,,17291,3,18,34,34
1002,857,ranked,kitsune,kirin,993,977,COMBAT,A,KO,,17319,3,16,8,0
1003,858,ranked,EVO-GEM,KEN.EXE,1142,1094,COMBAT,A,KO,,17294,2,7,58,0
1004,859,ranked,tanuki,raiju,796,884,COMBAT,B,KO,,17340,3,17,0,22
1005,860,ranked,PI-AGENT,QWEN-235,837,750,FORFEIT,A,,REVEAL,17319,1,6,70,92
1006,861,ranked,kappa,EVO-DS,1253,1304,COMBAT,B,KO,,17326,2,12,0,22
1007,862,ranked,GEM-LITE,PI-AGENT,835,850,COMBAT,B,HP,,17405,3,18,14,38
1008,863,ranked,kirin,EVO-DS3,962,965,COMBAT,A,KO,,17408,3,15,2,0
1009,864,ranked,kitsune,KEN.EXE,1008,1080,COMBAT,B,KO,,17407,3,15,0,20
1010,865,ranked,kappa,EVO-GEM,1239,1156,COMBAT,A,KO,,17382,2,9,12,0
1011,866,ranked,tanuki,ronin,783,710,FORFEIT,A,,COMMIT,17399,1,6,20,72
1012,867,ranked,kappa,EVO-DS,1252,1318,COMBAT,A,KO,,17443,2,9,22,0
1013,868,duel,tengu,baku,1000,1000,COMBAT,A,KO,,17488,3,15,22,0
1014,869,ranked,PI-AGENT,raiju,865,897,COMBAT,B,KO,,17489,3,13,0,26
1015,870,ranked,EVO-GEM,KEN.EXE,1143,1093,COMBAT,A,HP,,17495,3,18,28,22
1016,871,ranked,GEM-LITE,tanuki,820,796,COMBAT,A,HP,,17495,3,18,8,4
1017,872,ranked,kitsune,kirin,995,978,COMBAT,B,KO,,17495,3,18,0,14
1018,873,ranked,EVO-DS3,raiju,949,911,COMBAT,,DOUBLE_KO,,17575,3,13,0,0
1019,874,ranked,tanuki,PI-AGENT,781,851,COMBAT,A,HP,,17581,3,18,36,2
1020,875,ranked,kitsune,KEN.EXE,979,1079,COMBAT,B,HP,,17582,3,18,30,58
1021,876,ranked,kappa,EVO-GEM,1270,1157,COMBAT,,DOUBLE_KO,,17595,2,10,0,0
1022,877,ranked,GEM-LITE,QWEN-235,835,737,FORFEIT,A,,REVEAL,17624,1,6,84,84
1023,878,ranked,kirin,raiju,994,912,COMBAT,A,KO,,17635,2,12,16,0
1024,879,ranked,kitsune,EVO-DS3,967,948,COMBAT,B,HP,,17671,3,18,22,28
1025,880,ranked,EVO-GEM,KEN.EXE,1160,1091,COMBAT,A,KO,,17655,2,7,58,0
1026,881,ranked,GEM-LITE,tanuki,847,799,COMBAT,A,HP,,17711,3,18,46,40
1027,882,ranked,PI-AGENT,raiju,833,899,COMBAT,B,KO,,17722,3,13,0,28
1028,883,ranked,kappa,EVO-GEM,1267,1173,COMBAT,A,KO,,17716,2,10,2,0
1029,884,ranked,kirin,KEN.EXE,1007,1078,COMBAT,B,HP,,17742,3,18,4,16
1030,885,duel,EVO-DS2,baku,1000,1000,COMBAT,B,KO,,17787,3,17,0,30
1031,886,ranked,tanuki,ronin,785,697,FORFEIT,A,,REVEAL,17752,0,0,,
1032,887,ranked,GEM-LITE,kitsune,861,951,COMBAT,A,HP,,17797,3,18,54,46
1033,888,ranked,EVO-DS3,raiju,964,912,COMBAT,B,KO,,17811,3,15,0,54
1034,889,ranked,EVO-GEM,KEN.EXE,1161,1091,COMBAT,B,KO,,17807,2,12,0,26
1035,890,ranked,tanuki,PI-AGENT,798,820,COMBAT,A,KO,,17840,3,18,8,0
1036,891,ranked,kitsune,kirin,933,994,COMBAT,A,KO,,17886,3,16,4,0
1037,892,ranked,GEM-LITE,EVO-DS3,879,947,COMBAT,A,HP,,17898,3,18,38,18
1038,893,ranked,kappa,EVO-GEM,1279,1143,COMBAT,B,KO,,17907,2,10,0,10
1039,894,ranked,PI-AGENT,raiju,804,929,COMBAT,A,HP,,17968,3,18,12,4
1040,895,ranked,EVO-DS,KEN.EXE,1300,1109,COMBAT,A,KO,,17975,3,18,4,0
1041,896,ranked,GEM-LITE,tanuki,897,814,COMBAT,A,HP,,17987,3,18,64,62
1042,897,ranked,kirin,EVO-DS3,977,929,COMBAT,A,HP,,17986,3,18,30,20
1043,898,ranked,kappa,EVO-GEM,1259,1163,COMBAT,A,KO,,18023,2,11,16,0
1044,899,ranked,kitsune,raiju,950,909,COMBAT,B,KO,,18054,3,13,0,10
1045,900,ranked,GEM-LITE,PI-AGENT,910,824,COMBAT,A,HP,,18075,3,18,36,18
1046,901,duel,EVO-DS2,EVO-GEM2,1000,1000,COMBAT,B,KO,,18088,3,17,0,42
1047,902,ranked,EVO-GEM,KEN.EXE,1151,1100,COMBAT,A,KO,,18113,3,17,2,0
1048,903,ranked,tanuki,EVO-DS3,801,915,COMBAT,A,HP,,18114,3,18,30,16
1049,904,ranked,kirin,raiju,991,926,COMBAT,A,KO,,18115,2,12,16,0
1050,905,ranked,GEM-LITE,kitsune,923,933,COMBAT,B,HP,,18162,3,18,32,72
1051,901,duel,EVO-DS2,EVO-GEM2,1000,1000,COMBAT,A,KO,,18171,3,14,12,0
1052,906,ranked,tanuki,PI-AGENT,820,811,COMBAT,A,HP,,18202,3,18,34,10
1053,907,ranked,kirin,KEN.EXE,1004,1086,COMBAT,B,KO,,18202,3,18,0,52
1054,908,ranked,EVO-DS3,raiju,896,913,COMBAT,B,KO,,18203,3,13,0,10
1055,909,cup,oni,RYUBOT,1327,1133,COMBAT,B,KO,,18189,2,12,0,4
1056,910,ranked,EVO-DS,EVO-GEM,1309,1165,COMBAT,A,KO,,18212,2,12,30,0
1057,901,duel,EVO-DS2,EVO-GEM2,1000,1000,COMBAT,B,KO,,18249,3,15,0,50
1058,909,cup,oni,RYUBOT,1327,1133,COMBAT,A,KO,,18242,2,11,22,0
1059,911,ranked,GEM-LITE,tanuki,908,835,COMBAT,A,HP,,18288,3,18,54,24
1060,912,ranked,kitsune,raiju,948,928,COMBAT,B,KO,,18292,3,13,0,8
1061,913,ranked,PI-AGENT,EVO-DS3,796,881,COMBAT,B,HP,,18294,3,18,20,22
1062,909,cup,oni,RYUBOT,1327,1133,COMBAT,B,KO,,18297,2,10,0,8
1063,914,ranked,kirin,KEN.EXE,991,1099,COMBAT,,DOUBLE_KO,,18348,3,18,0,0
1064,915,ranked,EVO-DS,EVO-GEM,1320,1154,COMBAT,A,KO,,18355,2,10,12,0
1065,916,ranked,GEM-LITE,kitsune,921,932,COMBAT,B,HP,,18378,3,18,8,48
1066,909,cup,oni,RYUBOT,1327,1133,COMBAT,,DOUBLE_KO,,18353,2,11,0,0
1067,917,ranked,tanuki,PI-AGENT,822,783,COMBAT,B,KO,,18355,2,12,0,64
1068,918,ranked,EVO-DS3,raiju,894,944,COMBAT,B,KO,,18381,3,15,0,40
1069,919,duel,tengu,baku,1000,1000,COMBAT,A,KO,,18360,2,11,56,0
1070,909,cup,oni,RYUBOT,1327,1133,COMBAT,A,KO,,18407,2,9,10,0
1071,919,duel,tengu,baku,1000,1000,COMBAT,B,KO,,18441,3,17,0,8
1072,920,ranked,GEM-LITE,kirin,906,994,COMBAT,A,KO,,18463,3,16,44,0
1073,921,ranked,tanuki,EVO-DS3,805,880,COMBAT,B,HP,,18468,3,18,14,16
1074,922,ranked,kitsune,raiju,947,958,COMBAT,A,KO,,18471,3,13,14,0
1075,909,cup,oni,RYUBOT,1327,1133,COMBAT,A,KO,,18462,2,7,56,0
1076,923,ranked,kappa,KEN.EXE,1271,1096,COMBAT,A,KO,,18516,3,16,34,0
1077,924,ranked,EVO-DS,EVO-GEM,1330,1144,COMBAT,B,KO,,18522,3,13,0,22
1078,919,duel,tengu,baku,1000,1000,COMBAT,A,KO,,18524,3,13,20,0
1079,925,ranked,PI-AGENT,EVO-DS3,800,893,COMBAT,B,HP,,18555,3,18,6,70
1080,926,ranked,kirin,raiju,976,942,COMBAT,A,KO,,18530,2,12,16,0
1081,927,ranked,GEM-LITE,raiju,924,928,COMBAT,A,HP,,18615,3,18,40,34
1082,928,ranked,kirin,EVO-DS3,990,906,COMBAT,A,KO,,18642,3,15,24,0
1083,929,duel,EVO-GEM2,tengu,1000,1000,COMBAT,B,KO,,18688,3,13,0,54
1084,930,ranked,GEM-LITE,kirin,940,1003,COMBAT,A,HP,,18730,3,18,24,10
1085,931,ranked,EVO-DS3,raiju,893,912,COMBAT,A,KO,,18730,3,13,8,0
1086,932,cup,oni,QWEN-235,1327,725,FORFEIT,A,,REVEAL,18745,1,6,66,22
1087,933,cup,kitsune,KEN.EXE,963,1086,COMBAT,A,KO,,18764,3,15,22,0
1088,934,cup,PI-AGENT,EVO-GEM,787,1165,COMBAT,B,KO,,18763,3,13,0,44
1089,935,cup,tanuki,RYUBOT,792,1133,COMBAT,B,KO,,18765,3,17,0,20
1090,929,duel,EVO-GEM2,tengu,1000,1000,COMBAT,B,KO,,18770,3,13,0,4
1091,936,ranked,kirin,raiju,985,896,COMBAT,A,KO,,18796,2,12,16,0
1092,937,ranked,GEM-LITE,EVO-DS3,958,909,COMBAT,A,KO,,18819,3,18,18,0
1093,934,cup,PI-AGENT,EVO-GEM,787,1165,COMBAT,B,KO,,18818,2,10,0,74
1094,933,cup,kitsune,KEN.EXE,963,1086,COMBAT,B,HP,,18845,3,18,18,56
1095,935,cup,tanuki,RYUBOT,792,1133,COMBAT,A,HP,,18849,3,18,40,2
1096,938,ranked,GEM-LITE,raiju,972,883,COMBAT,B,KO,,18910,3,13,0,44
1097,933,cup,kitsune,KEN.EXE,963,1086,COMBAT,A,KO,,18929,3,15,18,0
1098,935,cup,tanuki,RYUBOT,792,1133,COMBAT,B,KO,,18903,2,12,0,38
1099,939,ranked,kirin,EVO-DS3,998,895,COMBAT,A,KO,,18951,3,14,16,0
1100,940,duel,EVO-GEM2,tengu,1000,1000,COMBAT,A,KO,,18988,3,13,28,0
1101,941,ranked,EVO-DS3,raiju,883,901,COMBAT,B,KO,,19042,3,15,0,30
1102,942,ranked,GEM-LITE,kirin,954,1010,COMBAT,A,HP,,19039,3,18,44,8
1103,940,duel,EVO-GEM2,tengu,1000,1000,COMBAT,B,KO,,19044,2,10,0,40
1104,940,duel,EVO-GEM2,tengu,1000,1000,COMBAT,B,KO,,19100,2,9,0,26
1105,943,ranked,kirin,KEN.EXE,993,1086,COMBAT,B,KO,,19128,3,18,0,16
1106,944,ranked,GEM-LITE,raiju,971,916,COMBAT,A,KO,,19099,2,12,22,0
1107,945,ranked,tanuki,EVO-DS3,792,868,COMBAT,B,KO,,19131,3,18,0,56
1108,940,duel,EVO-GEM2,tengu,1000,1000,COMBAT,B,KO,,19154,2,12,0,8
1109,946,ranked,GEM-LITE,kirin,985,980,COMBAT,A,KO,,19214,3,17,20,0
1110,947,ranked,PI-AGENT,EVO-DS3,787,881,COMBAT,B,HP,,19222,3,18,18,26
1111,948,ranked,tanuki,raiju,779,902,COMBAT,A,KO,,19231,2,10,30,0
1112,949,ranked,kappa,EVO-DS,1281,1309,COMBAT,A,KO,,19256,2,11,28,0
1113,950,ranked,QWEN-235,ronin,725,684,FORFEIT,A,,COMMIT,19228,0,0,,
1114,951,duel,EVO-DS2,baku,1000,1000,COMBAT,A,HP,,19287,3,18,72,8
1115,952,ranked,GEM-LITE,KEN.EXE,1000,1099,FORFEIT,B,,REVEAL,19312,2,12,26,52
1116,953,ranked,kirin,EVO-DS3,965,893,COMBAT,B,KO,,19286,2,11,0,28
1117,954,ranked,PI-AGENT,QWEN-235,775,739,FORFEIT,A,,REVEAL,19296,1,6,56,86
1118,951,duel,EVO-DS2,baku,1000,1000,COMBAT,B,HP,,19369,3,18,20,66
1119,955,ranked,tanuki,raiju,798,883,COMBAT,B,KO,,19346,2,11,0,48
1120,956,ranked,kappa,EVO-DS,1297,1293,COMBAT,B,KO,,19398,3,13,0,4
1121,957,ranked,PI-AGENT,EVO-DS3,789,911,COMBAT,A,KO,,19421,3,15,26,0
1122,958,ranked,kirin,raiju,947,896,COMBAT,A,KO,,19408,2,12,16,0
1123,951,duel,EVO-DS2,baku,1000,1000,COMBAT,B,KO,,19452,3,16,0,18
1124,959,ranked,tanuki,raiju,785,882,COMBAT,A,KO,,19468,2,12,22,0
1125,960,ranked,kirin,EVO-DS3,961,892,COMBAT,A,KO,,19504,3,18,12,0
1126,961,ranked,kappa,EVO-DS,1281,1309,COMBAT,B,KO,,19515,2,11,0,2
1127,962,ranked,PI-AGENT,raiju,808,863,COMBAT,B,KO,,19554,3,15,0,36
1128,963,duel,EVO-GEM2,baku,1000,1000,COMBAT,A,KO,,19589,3,15,16,0
1129,964,ranked,tanuki,EVO-DS3,804,879,COMBAT,B,HP,,19590,3,18,50,52
1130,965,ranked,QWEN-235,ronin,725,670,FORFEIT,A,,REVEAL,19572,0,0,,
1131,966,ranked,kirin,KEN.EXE,974,1111,COMBAT,B,KO,,19632,3,16,0,40
1132,967,ranked,kappa,EVO-DS,1266,1324,COMBAT,,DOUBLE_KO,,19635,2,10,0,0
1133,968,ranked,PI-AGENT,QWEN-235,794,739,FORFEIT,A,,REVEAL,19639,1,6,66,92
1134,963,duel,EVO-GEM2,baku,1000,1000,COMBAT,A,KO,,19670,3,13,44,0
1135,969,ranked,GEM-LITE,raiju,988,877,COMBAT,A,KO,,19678,3,16,6,0
1136,970,ranked,kirin,EVO-DS3,963,892,COMBAT,A,KO,,19718,3,18,22,0
1137,971,ranked,tanuki,PI-AGENT,791,808,COMBAT,A,HP,,19727,3,18,62,42
1138,972,ranked,kappa,KEN.EXE,1267,1122,COMBAT,A,KO,,19762,3,13,44,0
1139,973,ranked,EVO-DS3,raiju,879,865,COMBAT,B,KO,,19806,3,13,0,24
1140,974,ranked,GEM-LITE,kirin,1000,976,COMBAT,A,HP,,19810,3,18,44,34
1141,975,ranked,kappa,EVO-DS,1278,1323,COMBAT,B,KO,,19823,2,9,0,8
1142,976,ranked,tanuki,PI-AGENT,807,792,COMBAT,A,KO,,19872,3,17,50,0
1143,977,duel,EVO-DS2,EVO-GEM2,1000,1000,COMBAT,A,KO,,19890,3,17,16,0
1144,978,ranked,GEM-LITE,KEN.EXE,1015,1111,COMBAT,A,KO,,19900,3,14,40,0
1145,979,ranked,kirin,EVO-DS3,961,863,COMBAT,,DOUBLE_KO,,19899,3,17,0,0
1146,980,ranked,tanuki,raiju,822,881,COMBAT,B,KO,,19958,3,13,0,6
1147,981,ranked,QWEN-235,ronin,725,656,DOUBLE_FAULT,,,REVEAL,19946,1,6,92,82
1148,982,ranked,kappa,EVO-DS,1264,1337,COMBAT,B,KO,,19939,2,12,0,14
1149,983,ranked,PI-AGENT,EVO-DS3,777,866,COMBAT,A,KO,,19984,3,15,44,0
1150,984,ranked,GEM-LITE,kirin,1034,958,COMBAT,B,HP,,19985,3,18,4,16
1151,985,cup,oni,kitsune,1327,963,COMBAT,A,KO,,20064,3,13,44,0
1152,986,cup,RYUBOT,EVO-GEM,1133,1165,COMBAT,A,KO,,20065,3,13,8,0
1153,987,ranked,GEM-LITE,KEN.EXE,1016,1092,COMBAT,,HP_TIE,,20069,3,18,18,18
1154,988,ranked,tanuki,PI-AGENT,808,795,COMBAT,A,KO,,20071,3,15,16,0
1155,989,ranked,EVO-DS3,raiju,848,895,COMBAT,B,KO,,20071,3,13,0,36
1156,985,cup,oni,kitsune,1327,963,COMBAT,A,KO,,20146,3,13,48,0
1157,986,cup,RYUBOT,EVO-GEM,1133,1165,COMBAT,A,KO,,20148,3,13,4,0
1158,990,ranked,GEM-LITE,kirin,1018,976,COMBAT,A,KO,,20155,3,16,12,0
1159,991,ranked,tanuki,raiju,823,909,COMBAT,B,KO,,20157,3,13,0,36
1160,992,ranked,PI-AGENT,EVO-DS3,780,834,COMBAT,B,HP,,20159,3,18,32,36
1161,993,duel,EVO-DS2,baku,1000,1000,COMBAT,B,KO,,20161,2,12,0,40
1162,994,ranked,kappa,KEN.EXE,1251,1090,COMBAT,A,HP,,20236,3,18,14,6
1163,995,ranked,GEM-LITE,kitsune,1032,963,COMBAT,B,HP,,20244,3,18,22,62
1164,996,ranked,kirin,raiju,962,922,COMBAT,A,KO,,20214,2,12,16,0
1165,997,ranked,tanuki,PI-AGENT,810,766,COMBAT,B,KO,,20244,3,13,0,68
1166,998,ranked,EVO-DS3,raiju,848,908,COMBAT,B,KO,,20301,3,13,0,12
1167,999,ranked,kappa,EVO-GEM,1261,1165,COMBAT,A,KO,,20296,2,9,12,0
1168,1000,ranked,kitsune,kirin,981,976,COMBAT,,DOUBLE_KO,,20332,3,15,0,0
1169,1001,ranked,GEM-LITE,KEN.EXE,1014,1080,COMBAT,B,HP,,20329,3,18,8,12
1170,1002,ranked,tanuki,PI-AGENT,793,783,COMBAT,B,HP,,20394,3,18,12,22
1171,1003,ranked,EVO-GEM,KEN.EXE,1153,1093,COMBAT,A,KO,,20416,3,13,38,0
1172,1004,ranked,GEM-LITE,raiju,1001,922,COMBAT,B,KO,,20418,3,13,0,62
1173,1005,ranked,kitsune,EVO-DS3,981,834,COMBAT,A,KO,,20458,3,16,44,0
1174,1006,duel,EVO-DS2,tengu,1000,1000,COMBAT,B,KO,,20484,3,13,0,14
1175,1007,ranked,kirin,raiju,976,940,COMBAT,A,KO,,20478,2,12,16,0
1176,1008,ranked,GEM-LITE,KEN.EXE,983,1079,COMBAT,B,KO,,20508,3,17,0,20
1177,1009,ranked,tanuki,PI-AGENT,777,799,COMBAT,B,KO,,20538,3,13,0,30
1178,1010,ranked,kappa,EVO-GEM,1273,1167,COMBAT,A,KO,,20514,2,9,30,0
1179,1011,ranked,kitsune,raiju,992,926,COMBAT,B,KO,,20563,3,13,0,24
1180,1006,duel,EVO-DS2,tengu,1000,1000,COMBAT,B,KO,,20567,3,13,0,48
1181,1012,ranked,GEM-LITE,kirin,971,990,COMBAT,B,HP,,20593,3,18,32,34
1182,1013,ranked,EVO-GEM,KEN.EXE,1155,1091,COMBAT,A,HP,,20602,3,18,54,4
1183,1014,ranked,PI-AGENT,EVO-DS3,814,823,COMBAT,B,KO,,20627,3,18,0,62
1184,1006,duel,EVO-DS2,tengu,1000,1000,COMBAT,,DOUBLE_KO,,20649,3,13,0,0
1185,1015,ranked,GEM-LITE,kitsune,956,974,COMBAT,A,KO,,20679,3,18,18,0
1186,1016,ranked,kirin,raiju,1005,944,COMBAT,A,KO,,20655,2,12,16,0
1187,1017,ranked,tanuki,EVO-DS3,762,838,COMBAT,,HP_TIE,,20713,3,18,20,20
1188,1018,ranked,kappa,EVO-GEM,1285,1168,COMBAT,A,KO,,20704,2,12,22,0
1189,1006,duel,EVO-DS2,tengu,1000,1000,COMBAT,B,KO,,20728,3,15,0,18
1190,1019,ranked,kirin,KEN.EXE,1019,1078,COMBAT,B,KO,,20744,3,15,0,8
1191,1020,ranked,GEM-LITE,raiju,972,930,COMBAT,B,KO,,20766,3,17,0,78
1192,1021,duel,EVO-GEM2,baku,1000,1000,COMBAT,A,KO,,20791,3,13,24,0
1193,1022,ranked,PI-AGENT,EVO-DS3,799,836,COMBAT,B,KO,,20798,3,18,0,26
1194,1023,ranked,kitsune,kirin,958,1005,COMBAT,B,KO,,20832,3,14,0,6
1195,1024,ranked,EVO-GEM,KEN.EXE,1156,1092,COMBAT,A,KO,,20836,3,13,66,0
1196,1021,duel,EVO-GEM2,baku,1000,1000,COMBAT,A,KO,,20872,3,17,8,0
1197,1025,ranked,tanuki,EVO-DS3,764,850,COMBAT,A,HP,,20887,3,18,46,40
1198,1026,ranked,GEM-LITE,raiju,955,947,COMBAT,B,KO,,20908,3,13,0,20
1199,1027,ranked,kirin,KEN.EXE,1019,1079,COMBAT,B,KO,,20926,3,17,0,28
1200,1028,ranked,kappa,EVO-GEM,1297,1169,COMBAT,B,KO,,20935,2,10,0,12
1201,1029,ranked,PI-AGENT,EVO-DS3,785,832,COMBAT,A,HP,,20974,3,18,18,14
1202,1030,ranked,kitsune,raiju,944,963,COMBAT,A,KO,,20967,2,12,22,0
1203,1031,ranked,GEM-LITE,kirin,939,1005,COMBAT,A,HP,,21010,3,18,32,4
1204,1032,ranked,EVO-GEM,KEN.EXE,1189,1093,COMBAT,B,KO,,20996,2,12,0,8
1205,1033,ranked,tanuki,EVO-DS3,782,815,COMBAT,A,KO,,21062,3,14,92,0
1206,1034,duel,tengu,baku,1000,1000,COMBAT,A,KO,,21085,3,14,46,0
1207,1035,ranked,kitsune,kirin,960,987,COMBAT,B,KO,,21072,2,11,0,56
1208,1036,ranked,GEM-LITE,raiju,957,947,COMBAT,B,HP,,21100,3,18,22,62
1209,1037,ranked,kappa,EVO-GEM,1277,1170,COMBAT,B,KO,,21093,2,10,0,14
1210,1034,duel,tengu,baku,1000,1000,COMBAT,A,KO,,21169,3,14,72,0
1211,1038,ranked,EVO-GEM,KEN.EXE,1189,1112,COMBAT,B,KO,,21149,2,12,0,26
1212,1039,ranked,kirin,raiju,1002,963,COMBAT,A,KO,,21160,2,12,16,0
1213,1040,ranked,GEM-LITE,kitsune,941,945,COMBAT,A,HP,,21186,3,18,56,52
1214,1041,ranked,tanuki,EVO-DS3,799,798,COMBAT,B,KO,,21206,3,16,0,14
1215,1042,ranked,kappa,EVO-GEM,1258,1171,COMBAT,A,KO,,21210,2,8,16,0
1216,1043,ranked,GEM-LITE,kirin,957,1016,FORFEIT,B,,REVEAL,21255,1,6,76,62
1217,1044,ranked,kitsune,raiju,929,949,COMBAT,A,KO,,21273,3,14,14,0
1218,1045,ranked,EVO-GEM,KEN.EXE,1158,1130,COMBAT,A,KO,,21298,3,14,40,0
1219,1046,ranked,tanuki,EVO-DS3,783,814,COMBAT,B,HP,,21349,3,18,42,50
1220,1047,ranked,kitsune,kirin,945,1030,COMBAT,,HP_TIE,,21359,3,18,12,12
1221,1048,cup,oni,RYUBOT,1327,1133,COMBAT,A,KO,,21365,3,13,16,0
1222,1049,duel,tengu,baku,1000,1000,COMBAT,A,KO,,21390,3,14,60,0
1223,1050,ranked,PI-AGENT,raiju,802,933,COMBAT,B,KO,,21398,3,15,0,52
1224,1051,ranked,kirin,KEN.EXE,1028,1115,COMBAT,B,HP,,21447,3,18,48,64
1225,1048,cup,oni,RYUBOT,1327,1133,COMBAT,A,KO,,21392,1,6,100,0
1226,1052,ranked,EVO-DS,EVO-GEM,1350,1173,COMBAT,B,KO,,21437,2,10,0,8
1227,1049,duel,tengu,baku,1000,1000,COMBAT,A,KO,,21473,3,13,32,0
1228,1048,cup,oni,RYUBOT,1327,1133,COMBAT,A,KO,,21450,2,11,26,0
1229,1053,ranked,kitsune,raiju,947,944,COMBAT,A,KO,,21483,3,16,8,0
1230,1054,ranked,EVO-DS3,raiju,829,929,COMBAT,B,KO,,21573,3,15,0,8
1231,1055,ranked,kitsune,kirin,962,1015,COMBAT,B,KO,,21575,3,17,0,28
1232,1056,ranked,kappa,KEN.EXE,1271,1128,COMBAT,A,KO,,21579,3,15,26,0
1233,1057,ranked,EVO-DS,EVO-GEM,1329,1194,COMBAT,A,KO,,21560,2,9,12,0
1234,1058,ranked,GEM-LITE,tanuki,943,768,COMBAT,A,HP,,21657,3,18,44,30
1235,1059,ranked,kirin,raiju,1029,941,COMBAT,A,KO,,21636,2,12,16,0
1236,1060,ranked,PI-AGENT,EVO-DS3,791,817,COMBAT,A,HP,,21683,3,18,46,24
1237,1061,ranked,kappa,EVO-DS,1282,1340,COMBAT,B,KO,,21654,2,11,0,36
1238,1062,duel,EVO-GEM2,tengu,1000,1000,COMBAT,B,KO,,21662,2,10,0,18
1239,1063,ranked,kitsune,kirin,948,1042,COMBAT,B,KO,,21721,3,15,0,16
1240,1064,ranked,GEM-LITE,raiju,953,928,FORFEIT,B,,REVEAL,21752,2,12,16,44
1241,1065,cup,oni,QWEN-235,1327,725,COMBAT,A,KO,,21725,2,9,20,0
1242,1066,cup,RYUBOT,EVO-GEM,1133,1183,COMBAT,,DOUBLE_KO,,21728,2,10,0,0
1243,1067,ranked,tanuki,EVO-DS3,758,801,COMBAT,A,HP,,21770,3,18,56,54
1244,1068,ranked,kappa,EVO-DS,1268,1354,COMBAT,B,KO,,21771,2,11,0,8
1245,1069,ranked,kirin,KEN.EXE,1054,1117,COMBAT,B,KO,,21808,3,14,0,24
1246,1065,cup,oni,QWEN-235,1327,725,FORFEIT,A,,REVEAL,21789,1,6,66,26
1247,1066,cup,RYUBOT,EVO-GEM,1133,1183,COMBAT,A,KO,,21783,2,10,12,0
1248,1070,ranked,kitsune,raiju,936,944,COMBAT,B,KO,,21837,3,13,0,26
1249,1071,ranked,PI-AGENT,ronin,807,656,FORFEIT,A,,COMMIT,21792,0,0,,
1250,1066,cup,RYUBOT,EVO-GEM,1133,1183,COMBAT,B,KO,,21837,2,10,0,14
1251,1072,ranked,tanuki,PI-AGENT,775,818,COMBAT,A,HP,,21878,3,18,20,18
1252,1073,ranked,kappa,EVO-DS,1255,1367,COMBAT,A,KO,,21886,2,12,10,0
1253,1066,cup,RYUBOT,EVO-GEM,1133,1183,COMBAT,B,KO,,21892,2,10,0,16
1254,1074,ranked,kirin,raiju,1041,959,COMBAT,A,KO,,21895,2,12,16,0
1255,1075,ranked,kitsune,EVO-DS3,921,784,COMBAT,A,HP,,21964,3,18,20,8
1256,1076,ranked,RYUBOT,KEN.EXE,1133,1130,COMBAT,A,KO,,21983,3,18,6,0
1257,1077,duel,tengu,baku,1000,1000,COMBAT,A,KO,,21987,3,17,14,0
1258,1078,ranked,tanuki,PI-AGENT,792,801,COMBAT,A,HP,,22026,3,18,16,2
1259,1079,ranked,kappa,EVO-DS,1274,1348,COMBAT,A,KO,,22004,2,12,24,0
1260,1080,ranked,kirin,raiju,1054,946,COMBAT,A,KO,,22012,2,12,16,0
1261,1081,ranked,GEM-LITE,kitsune,937,932,COMBAT,A,HP,,22080,3,18,42,40
1262,1082,ranked,kirin,KEN.EXE,1066,1115,COMBAT,,DOUBLE_KO,,22097,3,14,0,0
1263,1083,ranked,PI-AGENT,EVO-DS3,785,773,COMBAT,B,KO,,22114,3,13,0,38
1264,1084,ranked,tanuki,QWEN-235,808,725,FORFEIT,A,,REVEAL,22095,1,6,66,72
1265,1085,ranked,kappa,RYUBOT,1292,1148,COMBAT,B,KO,,22104,2,11,0,8
1266,1086,ranked,GEM-LITE,raiju,952,934,COMBAT,B,KO,,22167,3,13,0,10
1267,1087,ranked,tanuki,kitsune,821,917,COMBAT,B,HP,,22188,3,18,22,34
1268,1088,ranked,kappa,EVO-DS,1272,1330,COMBAT,A,KO,,22164,2,11,4,0
1269,1089,ranked,RYUBOT,KEN.EXE,1168,1114,COMBAT,A,KO,,22193,3,13,18,0
1270,1090,ranked,PI-AGENT,ronin,769,645,FORFEIT,A,,REVEAL,22192,0,0,,
1271,1091,ranked,tanuki,EVO-DS3,809,789,COMBAT,A,HP,,22276,3,18,38,6
1272,1092,ranked,kitsune,raiju,929,950,COMBAT,A,KO,,22274,3,14,8,0
1273,1093,ranked,kirin,KEN.EXE,1067,1100,COMBAT,B,KO,,22284,3,18,0,24
1274,1094,duel,tengu,baku,1000,1000,COMBAT,A,KO,,22284,3,13,42,0
1275,1095,ranked,kappa,EVO-DS,1289,1313,COMBAT,B,KO,,22279,2,11,0,36
1276,1096,ranked,GEM-LITE,PI-AGENT,936,781,COMBAT,B,HP,,22359,3,18,26,60
1277,1097,ranked,kappa,RYUBOT,1274,1182,COMBAT,A,KO,,22338,2,12,12,0
1278,1098,ranked,tanuki,raiju,824,934,COMBAT,B,KO,,22401,3,13,0,42
1279,1099,ranked,kitsune,kirin,945,1053,COMBAT,B,HP,,22411,3,18,4,52
1280,1100,ranked,QWEN-235,EVO-DS3,712,774,FORFEIT,B,,REVEAL,22404,1,6,78,84
1281,1101,ranked,RYUBOT,KEN.EXE,1169,1114,COMBAT,A,KO,,22424,3,18,22,0
1282,1102,ranked,tanuki,PI-AGENT,812,801,COMBAT,A,KO,,22487,3,16,24,0
1283,1103,ranked,GEM-LITE,raiju,916,946,COMBAT,B,HP,,22488,3,18,4,76
1284,1104,ranked,kirin,KEN.EXE,1065,1100,COMBAT,B,KO,,22511,3,17,0,32
1285,1105,ranked,kitsune,EVO-DS3,933,788,COMBAT,B,HP,,22540,3,18,8,20
1286,1106,ranked,EVO-DS,RYUBOT,1328,1183,COMBAT,A,KO,,22524,2,10,40,0
1287,1107,ranked,GEM-LITE,tanuki,901,827,COMBAT,A,HP,,22574,3,18,24,4
1288,1108,duel,EVO-DS2,baku,1000,1000,COMBAT,B,HP,,22588,3,18,44,52
1289,1109,ranked,kirin,raiju,1051,961,COMBAT,A,KO,,22571,2,12,16,0
1290,1110,ranked,RYUBOT,KEN.EXE,1172,1114,COMBAT,,DOUBLE_KO,,22609,3,18,0,0
1291,1111,ranked,PI-AGENT,EVO-DS3,786,808,COMBAT,A,HP,,22625,3,18,26,8
1292,1112,ranked,kitsune,raiju,913,948,COMBAT,,DOUBLE_KO,,22660,3,13,0,0
1293,1113,ranked,GEM-LITE,kirin,914,1064,COMBAT,B,HP,,22701,3,18,52,62
1294,1114,ranked,tanuki,EVO-DS3,814,792,COMBAT,B,HP,,22710,3,18,4,26
1295,1115,ranked,kappa,RYUBOT,1287,1171,COMBAT,,DOUBLE_KO,,22711,2,12,0,0
1296,1116,ranked,kirin,KEN.EXE,1075,1115,COMBAT,B,HP,,22790,3,18,20,28
1297,1117,ranked,PI-AGENT,kitsune,802,914,COMBAT,B,HP,,22787,3,18,16,32
1298,1118,ranked,GEM-LITE,raiju,903,947,COMBAT,B,KO,,22791,3,15,0,4
1299,1119,ranked,kappa,RYUBOT,1284,1174,COMBAT,A,KO,,22855,3,14,8,0
1300,1120,ranked,tanuki,EVO-DS3,798,808,COMBAT,B,KO,,22856,3,17,0,20
1301,1121,ranked,kitsune,raiju,926,961,COMBAT,B,KO,,22877,3,15,0,26
1302,1122,ranked,GEM-LITE,PI-AGENT,889,790,COMBAT,A,HP,,22879,3,18,36,8
1303,1123,duel,tengu,baku,1000,1000,COMBAT,A,KO,,22888,3,14,46,0
1304,1124,ranked,kirin,KEN.EXE,1061,1129,COMBAT,B,KO,,22907,2,11,0,28
1305,1125,ranked,kitsune,EVO-DS3,912,823,COMBAT,A,HP,,22962,3,18,50,28
1306,1126,ranked,tanuki,PI-AGENT,783,778,COMBAT,A,KO,,22940,2,11,60,0
1307,1127,ranked,GEM-LITE,raiju,901,975,COMBAT,B,KO,,22965,3,13,0,64
1308,1128,ranked,RYUBOT,KEN.EXE,1162,1142,COMBAT,A,KO,,22966,2,11,24,0
1309,1129,ranked,kirin,raiju,1048,988,COMBAT,A,KO,,23024,2,12,16,0
1310,1130,ranked,tanuki,EVO-DS3,798,810,COMBAT,B,KO,,23049,3,15,0,40
1311,1131,ranked,GEM-LITE,kitsune,888,925,COMBAT,A,HP,,23052,3,18,46,40
1312,1132,cup,oni,EVO-GEM,1327,1183,COMBAT,A,KO,,23024,2,9,16,0
1313,1133,ranked,kappa,RYUBOT,1296,1177,COMBAT,A,KO,,23064,2,10,32,0
1314,1134,ranked,PI-AGENT,ronin,763,633,FORFEIT,A,,REVEAL,23111,2,12,42,100
1315,1132,cup,oni,EVO-GEM,1327,1183,COMBAT,A,KO,,23079,2,9,16,0
1316,1135,ranked,GEM-LITE,raiju,905,974,COMBAT,B,KO,,23138,3,15,0,42
1317,1136,ranked,kitsune,EVO-DS3,908,825,COMBAT,A,HP,,23142,3,18,84,68
1318,1137,ranked,RYUBOT,KEN.EXE,1165,1127,COMBAT,A,KO,,23152,3,15,16,0
1319,1132,cup,oni,EVO-GEM,1327,1183,COMBAT,A,KO,,23134,2,9,16,0
1320,1138,ranked,tanuki,PI-AGENT,783,774,COMBAT,A,KO,,23170,2,12,28,0
1321,1139,ranked,oni,EVO-DS,1327,1339,COMBAT,,DOUBLE_KO,,23224,3,13,0,0
1322,1140,ranked,kirin,raiju,1062,987,COMBAT,A,KO,,23196,2,12,16,0
1323,1141,ranked,GEM-LITE,kitsune,892,921,COMBAT,A,HP,,23228,3,18,42,22
1324,1142,ranked,RYUBOT,EVO-GEM,1179,1183,COMBAT,B,KO,,23210,2,10,0,26
1325,1143,ranked,PI-AGENT,EVO-DS3,759,812,COMBAT,A,HP,,23256,3,18,72,62
1326,1144,ranked,RYUBOT,kirin,1164,1075,COMBAT,A,KO,,23266,2,12,52,0
1327,1145,ranked,EVO-GEM,KEN.EXE,1198,1113,COMBAT,A,KO,,23272,2,10,58,0
1328,1146,ranked,oni,kappa,1327,1308,COMBAT,A,KO,,23285,2,9,18,0
1329,1147,ranked,kitsune,raiju,905,974,COMBAT,B,KO,,23286,2,11,0,22
1330,1148,ranked,tanuki,EVO-DS3,798,795,COMBAT,B,HP,,23345,3,18,24,38
1331,1149,ranked,kirin,raiju,1062,987,COMBAT,A,KO,,23348,2,12,16,0
1332,1150,ranked,GEM-LITE,EVO-DS3,908,811,COMBAT,B,HP,,23429,3,18,28,32
1333,1151,duel,tengu,baku,1000,1000,COMBAT,A,KO,,23487,3,13,2,0
1334,1152,cup,oni,QWEN-235,1342,698,FORFEIT,A,,REVEAL,23533,1,6,66,32
1335,1153,cup,kitsune,KEN.EXE,892,1100,COMBAT,B,HP,,23552,3,18,12,14
1336,1154,cup,PI-AGENT,EVO-GEM,776,1211,COMBAT,B,KO,,23526,2,10,0,60
1337,1155,cup,tanuki,RYUBOT,782,1177,COMBAT,B,KO,,23550,3,13,0,54
1338,1156,ranked,EVO-DS3,raiju,830,974,COMBAT,A,KO,,23554,3,16,8,0
1339,1151,duel,tengu,baku,1000,1000,COMBAT,A,KO,,23569,3,15,34,0
1340,1157,ranked,GEM-LITE,kirin,889,1075,COMBAT,A,KO,,23595,3,16,8,0
1341,1154,cup,PI-AGENT,EVO-GEM,776,1211,COMBAT,B,KO,,23610,3,14,0,24
1342,1155,cup,tanuki,RYUBOT,782,1177,COMBAT,B,KO,,23633,3,15,0,48
1343,1153,cup,kitsune,KEN.EXE,892,1100,COMBAT,B,HP,,23633,3,18,20,48
1344,1158,ranked,GEM-LITE,EVO-DS3,910,850,COMBAT,A,KO,,23682,3,16,62,0
1345,1159,ranked,kitsune,raiju,892,954,COMBAT,A,KO,,23691,2,12,30,0
1346,1160,ranked,tanuki,PI-AGENT,782,776,COMBAT,A,HP,,23722,3,18,60,30
1347,1161,ranked,GEM-LITE,kitsune,924,909,COMBAT,A,HP,,23778,3,18,20,8
1348,1162,duel,EVO-GEM2,tengu,1000,1000,COMBAT,B,KO,,23760,2,10,0,26
1349,1163,ranked,PI-AGENT,EVO-DS3,761,836,COMBAT,B,HP,,23812,3,18,2,62
1350,1162,duel,EVO-GEM2,tengu,1000,1000,COMBAT,B,KO,,23814,2,11,0,12
1351,1164,ranked,tanuki,raiju,797,937,COMBAT,B,KO,,23850,3,13,0,32
1352,1165,ranked,kitsune,EVO-DS3,894,849,COMBAT,A,HP,,23900,3,18,32,8
1353,1166,ranked,GEM-LITE,kirin,939,1054,FORFEIT,B,,REVEAL,23915,2,12,52,62
1354,1167,ranked,PI-AGENT,EVO-DS3,748,835,COMBAT,B,HP,,23990,3,18,22,42
1355,1168,ranked,tanuki,raiju,786,948,COMBAT,B,KO,,24017,3,13,0,36
1356,1169,ranked,kitsune,EVO-DS3,908,848,COMBAT,A,HP,,24080,3,18,86,20
1357,1170,ranked,kappa,EVO-DS,1293,1339,COMBAT,A,KO,,24054,2,12,44,0
1358,1171,ranked,PI-AGENT,QWEN-235,735,698,FORFEIT,A,,REVEAL,24066,1,6,70,66
1359,1172,duel,EVO-GEM2,baku,1000,1000,COMBAT,A,KO,,24090,3,13,26,0
1360,1173,ranked,kirin,raiju,1066,958,COMBAT,A,KO,,24115,2,12,16,0
1361,1174,ranked,tanuki,PI-AGENT,776,749,COMBAT,A,HP,,24153,3,18,32,18
1362,1172,duel,EVO-GEM2,baku,1000,1000,COMBAT,B,KO,,24145,2,12,0,26
1363,1175,ranked,kappa,EVO-DS,1310,1322,COMBAT,A,KO,,24199,3,17,14,0
1364,1176,ranked,kitsune,raiju,922,946,COMBAT,B,KO,,24201,3,15,0,22
1365,1172,duel,EVO-GEM2,baku,1000,1000,COMBAT,A,KO,,24227,3,15,18,0
1366,1177,ranked,tanuki,EVO-DS3,791,834,COMBAT,A,HP,,24238,3,18,70,40
1367,1178,ranked,PI-AGENT,ronin,734,622,FORFEIT,A,,REVEAL,24272,1,6,60,100
1368,1179,ranked,GEM-LITE,raiju,927,961,COMBAT,A,HP,,24288,3,18,32,28
1369,1172,duel,EVO-GEM2,baku,1000,1000,COMBAT,A,KO,,24310,3,13,36,0
1370,1180,ranked,kitsune,EVO-DS3,907,817,COMBAT,B,KO,,24328,3,16,0,18
1371,1181,ranked,kappa,EVO-DS,1326,1306,COMBAT,B,KO,,24316,2,9,0,30
1372,1182,ranked,tanuki,PI-AGENT,808,746,COMBAT,B,KO,,24359,3,13,0,50
1373,1183,duel,EVO-DS2,tengu,1000,1000,COMBAT,B,KO,,24390,3,13,0,16
1374,1184,ranked,kirin,raiju,1078,944,COMBAT,A,KO,,24388,2,12,16,0
1375,1185,ranked,GEM-LITE,kitsune,944,889,COMBAT,B,HP,,24414,3,18,38,60
1376,1186,ranked,PI-AGENT,QWEN-235,763,684,FORFEIT,A,,REVEAL,24426,1,6,78,88
1377,1187,ranked,tanuki,EVO-DS3,791,835,COMBAT,B,HP,,24446,3,18,28,54
1378,1188,ranked,kappa,EVO-DS,1310,1322,COMBAT,A,KO,,24431,2,10,16,0
1379,1183,duel,EVO-DS2,tengu,1000,1000,COMBAT,B,KO,,24444,2,12,0,84
1380,1189,ranked,kitsune,raiju,906,933,COMBAT,B,KO,,24497,3,13,0,14
1381,1190,ranked,tanuki,PI-AGENT,777,776,COMBAT,B,HP,,24529,3,18,16,62
1382,1191,ranked,GEM-LITE,EVO-DS3,927,849,COMBAT,,HP_TIE,,24539,3,18,28,28
1383,1192,ranked,kappa,EVO-DS,1326,1306,COMBAT,B,KO,,24572,3,13,0,12
1384,1193,ranked,PI-AGENT,kitsune,792,891,COMBAT,B,KO,,24614,3,16,0,14
1385,1194,ranked,kirin,raiju,1089,948,COMBAT,A,KO,,24600,2,12,16,0
1386,1195,ranked,tanuki,EVO-DS3,761,851,COMBAT,B,HP,,24626,3,18,42,86
1387,1196,ranked,GEM-LITE,raiju,925,937,COMBAT,B,HP,,24688,3,18,40,76
1388,1197,duel,EVO-DS2,baku,1000,1000,COMBAT,B,KO,,24686,3,16,0,52
1389,1198,ranked,kappa,EVO-DS,1310,1322,COMBAT,,DOUBLE_KO,,24713,3,13,0,0
1390,1199,ranked,kitsune,EVO-DS3,903,864,COMBAT,B,HP,,24715,3,18,28,48
1391,1200,ranked,tanuki,PI-AGENT,748,780,COMBAT,B,KO,,24692,2,12,0,56
1392,1201,ranked,QWEN-235,ronin,671,610,FORFEIT,A,,COMMIT,24692,0,0,,
1393,1197,duel,EVO-DS2,baku,1000,1000,COMBAT,A,HP,,24770,3,18,34,16
1394,1202,ranked,tanuki,QWEN-235,734,685,COMBAT,B,KO,,24779,3,15,0,24
1395,1203,ranked,GEM-LITE,EVO-DS3,910,881,COMBAT,A,KO,,24802,3,15,66,0
1396,1204,ranked,kitsune,raiju,886,952,COMBAT,A,KO,,24805,3,15,16,0
1397,1197,duel,EVO-DS2,baku,1000,1000,COMBAT,A,HP,,24853,3,18,42,18
1398,1205,cup,oni,KEN.EXE,1342,1100,COMBAT,A,HP,,24851,3,18,32,10
1399,1206,cup,RYUBOT,EVO-GEM,1177,1211,COMBAT,B,KO,,24826,2,7,0,56
1400,1207,ranked,tanuki,PI-AGENT,717,794,COMBAT,B,HP,,24870,3,18,22,36
1401,1208,ranked,EVO-DS3,raiju,866,934,COMBAT,B,HP,,24894,3,18,8,30
1402,1209,ranked,GEM-LITE,kitsune,925,904,COMBAT,B,HP,,24897,3,18,12,16
1403,1206,cup,RYUBOT,EVO-GEM,1177,1211,COMBAT,,DOUBLE_KO,,24882,2,10,0,0
1404,1205,cup,oni,KEN.EXE,1342,1100,COMBAT,A,KO,,24906,2,11,10,0
1405,1210,ranked,tanuki,QWEN-235,704,702,FORFEIT,A,,REVEAL,24939,1,6,56,84
1406,1206,cup,RYUBOT,EVO-GEM,1177,1211,COMBAT,B,KO,,24938,2,7,0,78
1407,1211,ranked,PI-AGENT,EVO-DS3,807,853,COMBAT,B,KO,,24979,3,17,0,38
1408,1212,ranked,GEM-LITE,raiju,909,947,COMBAT,A,HP,,24981,3,18,54,20
1409,1213,duel,EVO-GEM2,baku,1000,1000,COMBAT,B,KO,,24965,2,9,0,22
1410,1214,ranked,RYUBOT,kirin,1177,1100,COMBAT,A,KO,,25000,2,11,52,0
1411,1215,ranked,kitsune,EVO-DS3,920,867,COMBAT,B,HP,,25065,3,18,16,20
1412,1216,ranked,tanuki,ronin,719,596,FORFEIT,A,,COMMIT,25008,0,0,,
1413,1217,ranked,RYUBOT,KEN.EXE,1190,1100,COMBAT,A,KO,,25060,2,10,54,0
1414,1218,ranked,tanuki,PI-AGENT,731,793,COMBAT,A,KO,,25094,3,18,44,0
1415,1219,ranked,GEM-LITE,raiju,926,930,COMBAT,B,KO,,25126,3,13,0,44
1416,1220,ranked,kirin,KEN.EXE,1087,1087,COMBAT,,DOUBLE_KO,,25145,3,18,0,0
1417,1221,ranked,EVO-DS,RYUBOT,1322,1203,COMBAT,B,KO,,25160,2,11,0,14
1418,1222,ranked,kitsune,EVO-DS3,903,884,COMBAT,A,HP,,25208,3,18,72,10
1419,1223,ranked,kappa,RYUBOT,1310,1222,COMBAT,A,KO,,25222,2,11,22,0
1420,1224,ranked,GEM-LITE,PI-AGENT,911,776,COMBAT,B,HP,,25253,3,18,34,38
1421,1225,ranked,KEN.EXE,raiju,1087,945,COMBAT,A,KO,,25270,3,16,4,0
1422,1226,duel,EVO-GEM2,tengu,1000,1000,COMBAT,B,KO,,25285,3,13,0,22
1423,1227,ranked,EVO-DS,RYUBOT,1303,1209,COMBAT,A,KO,,25284,2,8,50,0
1424,1228,ranked,tanuki,EVO-DS3,748,869,COMBAT,B,KO,,25332,3,14,0,66
1425,1229,ranked,GEM-LITE,kitsune,891,918,COMBAT,A,KO,,25338,3,17,34,0
1426,1230,ranked,kirin,KEN.EXE,1087,1098,COMBAT,A,HP,,25359,3,18,34,32
1427,1231,ranked,PI-AGENT,raiju,796,934,COMBAT,B,KO,,25392,3,15,0,20
1428,1232,ranked,kappa,RYUBOT,1323,1197,COMBAT,A,KO,,25384,2,9,24,0
1429,1233,ranked,GEM-LITE,EVO-DS3,907,881,FORFEIT,B,,REVEAL,25431,2,12,56,26
1430,1234,ranked,RYUBOT,kirin,1186,1103,COMBAT,A,KO,,25443,2,12,52,0
1431,1235,ranked,kitsune,raiju,902,945,COMBAT,A,KO,,25449,2,9,22,0
1432,1236,ranked,kirin,KEN.EXE,1090,1082,COMBAT,B,HP,,25532,3,18,30,36
1433,1237,ranked,EVO-DS3,raiju,897,928,COMBAT,B,KO,,25536,3,15,0,30
1434,1238,ranked,EVO-DS,RYUBOT,1315,1199,COMBAT,,DOUBLE_KO,,25542,2,12,0,0
1435,1239,ranked,PI-AGENT,kitsune,785,919,COMBAT,B,HP,,25578,3,18,30,44
1436,1240,duel,EVO-GEM2,tengu,1000,1000,COMBAT,B,KO,,25588,3,14,0,4
1437,1241,ranked,kirin,raiju,1074,943,COMBAT,A,KO,,25635,2,12,16,0
1438,1242,ranked,kappa,RYUBOT,1334,1202,COMBAT,A,KO,,25638,2,9,56,0
1439,1243,ranked,kitsune,EVO-DS3,930,882,COMBAT,A,KO,,25667,3,16,18,0
1440,1240,duel,EVO-GEM2,tengu,1000,1000,COMBAT,B,KO,,25643,2,10,0,22
1441,1244,ranked,kirin,KEN.EXE,1085,1098,COMBAT,B,KO,,25723,3,18,0,28
1442,1245,ranked,PI-AGENT,EVO-DS3,774,868,COMBAT,A,KO,,25755,3,13,60,0
1443,1246,ranked,GEM-LITE,raiju,891,932,COMBAT,B,KO,,25756,3,13,0,34
1444,1247,ranked,EVO-DS,RYUBOT,1312,1191,COMBAT,A,KO,,25734,2,9,34,0
1445,1248,ranked,RYUBOT,KEN.EXE,1179,1113,COMBAT,A,KO,,25824,3,18,4,0
1446,1249,ranked,kitsune,raiju,944,946,COMBAT,B,KO,,25844,3,13,0,18
1447,1250,ranked,GEM-LITE,PI-AGENT,877,793,COMBAT,A,KO,,25843,3,17,18,0
1448,1251,ranked,tanuki,EVO-DS3,736,849,COMBAT,A,HP,,25880,3,18,32,12
1449,1252,duel,EVO-GEM2,baku,1000,1000,COMBAT,A,KO,,25891,3,13,22,0
1450,1253,ranked,kirin,KEN.EXE,1070,1100,COMBAT,A,HP,,25910,3,18,20,8
1451,1254,ranked,GEM-LITE,raiju,890,961,COMBAT,B,KO,,25932,3,17,0,56
1452,1255,ranked,EVO-DS,RYUBOT,1324,1192,COMBAT,A,KO,,25951,3,15,10,0
1453,1256,ranked,PI-AGENT,EVO-DS3,780,830,COMBAT,A,KO,,25968,3,18,6,0
1454,1257,ranked,GEM-LITE,kitsune,877,929,COMBAT,A,HP,,26016,3,18,62,46
1455,1258,ranked,RYUBOT,KEN.EXE,1181,1084,COMBAT,A,KO,,26036,3,14,16,0
1456,1259,ranked,tanuki,EVO-DS3,755,813,COMBAT,A,HP,,26056,3,18,58,46
1457,1260,ranked,kirin,raiju,1086,974,COMBAT,A,KO,,26031,2,12,16,0
1458,1261,ranked,GEM-LITE,PI-AGENT,894,797,COMBAT,A,HP,,26101,3,18,38,32
1459,1262,ranked,kitsune,raiju,912,962,COMBAT,B,KO,,26118,3,13,0,16
1460,1263,ranked,RYUBOT,kirin,1193,1098,COMBAT,A,KO,,26119,3,13,36,0
1461,1264,cup,oni,EVO-GEM,1342,1211,COMBAT,A,KO,,26126,2,9,16,0
1462,1265,duel,EVO-DS2,tengu,1000,1000,COMBAT,B,KO,,26186,3,18,0,30
1463,1266,ranked,PI-AGENT,EVO-DS3,785,796,COMBAT,A,HP,,26190,3,18,32,2
1464,1267,ranked,KEN.EXE,raiju,1072,976,COMBAT,A,HP,,26203,3,18,58,6
1465,1268,ranked,GEM-LITE,kitsune,906,898,COMBAT,A,HP,,26208,3,18,70,56
1466,1264,cup,oni,EVO-GEM,1342,1211,COMBAT,A,KO,,26182,2,9,16,0
1467,1269,ranked,EVO-DS,RYUBOT,1335,1205,COMBAT,A,KO,,26218,2,11,8,0
1468,1264,cup,oni,EVO-GEM,1342,1211,COMBAT,A,KO,,26236,2,9,16,0
1469,1265,duel,EVO-DS2,tengu,1000,1000,COMBAT,B,KO,,26269,3,17,0,24
1470,1270,ranked,kirin,KEN.EXE,1086,1084,COMBAT,B,KO,,26288,3,17,0,40
1471,1271,ranked,PI-AGENT,kitsune,801,883,COMBAT,B,HP,,26296,3,18,40,74
1472,1272,ranked,GEM-LITE,tanuki,921,772,COMBAT,B,HP,,26334,3,18,58,62
1473,1265,duel,EVO-DS2,tengu,1000,1000,COMBAT,B,KO,,26350,3,14,0,26
1474,1273,ranked,EVO-DS3,raiju,780,964,COMBAT,B,KO,,26370,3,13,0,56
1475,1274,ranked,kappa,RYUBOT,1345,1194,COMBAT,A,KO,,26357,2,12,54,0
1476,1275,ranked,kirin,raiju,1070,974,COMBAT,A,KO,,26426,2,12,16,0
1477,1276,ranked,kappa,EVO-DS,1356,1346,COMBAT,A,KO,,26455,2,11,22,0
1478,1277,duel,tengu,baku,1000,1000,COMBAT,A,HP,,26488,3,18,28,10
1479,1278,ranked,GEM-LITE,EVO-DS3,901,770,FORFEIT,B,,REVEAL,26508,2,12,70,36
1480,1279,cup,tanuki,kitsune,792,896,COMBAT,B,HP,,26539,3,18,2,34
1481,1280,cup,QWEN-235,EVO-GEM,687,1211,FORFEIT,B,,REVEAL,26519,1,6,36,74
1482,1281,cup,PI-AGENT,KEN.EXE,788,1100,COMBAT,B,KO,,26539,3,16,0,44
1483,1282,ranked,RYUBOT,kirin,1183,1082,COMBAT,A,KO,,26529,2,11,24,0
1484,1277,duel,tengu,baku,1000,1000,COMBAT,A,KO,,26570,3,14,20,0
1485,1283,ranked,kappa,EVO-DS,1371,1331,COMBAT,B,KO,,26570,2,11,0,6
1486,1279,cup,tanuki,kitsune,792,896,COMBAT,B,KO,,26622,3,14,0,62
1487,1281,cup,PI-AGENT,KEN.EXE,788,1100,COMBAT,B,HP,,26622,3,18,20,40
1488,1277,duel,tengu,baku,1000,1000,COMBAT,B,KO,,26653,3,15,0,6
1489,1284,ranked,kirin,raiju,1070,962,COMBAT,A,KO,,26626,2,12,16,0
1490,1285,ranked,tanuki,EVO-DS3,792,790,COMBAT,A,HP,,26708,3,18,52,6
1491,1286,ranked,kappa,EVO-DS,1354,1348,COMBAT,A,KO,,26688,2,12,28,0
1492,1277,duel,tengu,baku,1000,1000,COMBAT,A,KO,,26737,3,18,20,0
1493,1287,ranked,RYUBOT,kirin,1195,1082,COMBAT,A,KO,,26729,2,11,28,0
1494,1288,duel,EVO-DS2,EVO-GEM2,1000,1000,COMBAT,,DOUBLE_KO,,26786,3,17,0,0
1495,1289,ranked,PI-AGENT,raiju,788,950,COMBAT,B,KO,,26795,3,15,0,22
1496,1290,ranked,kappa,EVO-DS,1369,1333,COMBAT,A,KO,,26802,2,10,24,0
1497,1291,ranked,GEM-LITE,tanuki,881,807,COMBAT,A,HP,,26830,3,18,36,24
1498,1292,ranked,QWEN-235,EVO-DS3,687,775,FORFEIT,B,,REVEAL,26823,1,6,92,80
1499,1293,ranked,RYUBOT,kirin,1207,1070,COMBAT,A,KO,,26875,3,14,28,0
1500,1294,ranked,PI-AGENT,EVO-DS3,778,788,COMBAT,B,HP,,26910,3,18,2,44
1501,1295,ranked,GEM-LITE,raiju,894,960,COMBAT,B,KO,,26916,3,13,0,36
1502,1296,ranked,kappa,EVO-DS,1383,1319,COMBAT,A,KO,,26948,3,14,22,0
1503,1297,ranked,tanuki,EVO-DS3,794,803,COMBAT,B,KO,,26992,3,15,0,22
1504,1298,ranked,kirin,raiju,1059,973,COMBAT,A,KO,,26978,2,12,16,0
1505,1299,ranked,EVO-DS,RYUBOT,1306,1218,COMBAT,A,KO,,27035,3,15,2,0
1506,1300,ranked,GEM-LITE,PI-AGENT,881,763,FORFEIT,B,,REVEAL,27024,1,6,64,74
1507,1301,duel,tengu,baku,1000,1000,COMBAT,A,KO,,27094,3,13,32,0
1508,1302,ranked,PI-AGENT,EVO-DS3,782,818,COMBAT,B,KO,,27109,3,17,0,38
1509,1303,ranked,kappa,EVO-DS,1396,1319,COMBAT,B,KO,,27094,2,11,0,2
1510,1304,ranked,kirin,raiju,1072,960,COMBAT,A,KO,,27095,2,12,16,0
1511,1305,ranked,QWEN-235,ronin,674,584,FORFEIT,A,,REVEAL,27100,0,0,,
1512,1301,duel,tengu,baku,1000,1000,COMBAT,A,HP,,27176,3,18,42,18
1513,1306,ranked,tanuki,QWEN-235,779,687,FORFEIT,A,,REVEAL,27168,1,6,54,84
1514,1307,ranked,EVO-DS,RYUBOT,1337,1205,COMBAT,A,KO,,27191,2,12,6,0
1515,1308,ranked,kirin,raiju,1084,948,COMBAT,A,KO,,27209,2,12,16,0
1516,1309,ranked,PI-AGENT,EVO-DS3,768,832,COMBAT,A,HP,,27255,3,18,36,32
1517,1310,ranked,RYUBOT,kirin,1194,1095,COMBAT,A,KO,,27266,2,12,16,0
1518,1311,ranked,tanuki,raiju,792,937,COMBAT,B,KO,,27338,3,15,0,24
1519,1312,ranked,GEM-LITE,PI-AGENT,862,786,COMBAT,A,HP,,27346,3,18,78,50
1520,1313,duel,tengu,baku,1000,1000,COMBAT,B,KO,,27387,3,18,0,6
1521,1314,ranked,EVO-DS,RYUBOT,1348,1206,COMBAT,A,KO,,27364,2,8,56,0
1522,1315,ranked,tanuki,EVO-DS3,781,814,COMBAT,A,HP,,27426,3,18,50,16
1523,1316,ranked,GEM-LITE,raiju,875,948,COMBAT,B,KO,,27431,3,15,0,40
1524,1317,ranked,RYUBOT,kirin,1195,1083,COMBAT,A,KO,,27491,3,13,24,0
1525,1318,ranked,tanuki,PI-AGENT,798,773,COMBAT,A,HP,,27513,3,18,28,18
1526,1319,ranked,GEM-LITE,EVO-DS3,862,797,FORFEIT,B,,REVEAL,27528,2,12,76,54
1527,1320,ranked,tanuki,EVO-DS3,813,815,COMBAT,B,HP,,27615,3,18,16,44
1528,1321,ranked,kirin,raiju,1071,961,COMBAT,A,KO,,27591,2,12,16,0
1529,1322,ranked,kappa,RYUBOT,1378,1207,COMBAT,A,KO,,27630,2,12,44,0
1530,1323,duel,EVO-GEM2,tengu,1000,1000,COMBAT,B,KO,,27658,2,10,0,26
1531,1324,ranked,PI-AGENT,EVO-DS3,758,830,COMBAT,A,HP,,27704,3,18,56,42
1532,1325,ranked,kirin,raiju,1083,949,COMBAT,A,KO,,27708,2,12,16,0
1533,1323,duel,EVO-GEM2,tengu,1000,1000,COMBAT,B,KO,,27712,2,11,0,12
1534,1326,ranked,tanuki,PI-AGENT,798,776,COMBAT,B,HP,,27792,3,18,22,36
1535,1323,duel,EVO-GEM2,tengu,1000,1000,COMBAT,B,KO,,27767,2,9,0,22
1536,1327,ranked,EVO-DS,RYUBOT,1359,1197,COMBAT,A,KO,,27772,2,10,8,0
1537,1328,ranked,EVO-DS3,raiju,812,938,COMBAT,B,KO,,27835,3,13,0,42
1538,1329,cup,oni,kitsune,1342,896,COMBAT,A,KO,,27811,2,11,18,0
1539,1330,cup,EVO-GEM,KEN.EXE,1211,1100,COMBAT,A,KO,,27838,3,17,66,0
1540,1331,ranked,RYUBOT,kirin,1187,1094,COMBAT,,DOUBLE_KO,,27863,3,14,0,0
1541,1329,cup,oni,kitsune,1342,896,COMBAT,A,KO,,27866,2,9,68,0
1542,1330,cup,EVO-GEM,KEN.EXE,1211,1100,COMBAT,A,HP,,27920,3,18,30,18
1543,1332,ranked,PI-AGENT,EVO-DS3,792,801,COMBAT,B,HP,,27920,3,18,26,32
1544,1333,duel,tengu,baku,1000,1000,COMBAT,A,KO,,27984,3,13,24,0
1545,1334,ranked,tanuki,raiju,782,949,COMBAT,,DOUBLE_KO,,28003,3,15,0,0
1546,1335,ranked,kitsune,EVO-DS3,896,816,COMBAT,A,KO,,27979,2,12,48,0
1547,1336,ranked,kirin,KEN.EXE,1096,1100,COMBAT,B,KO,,28010,3,16,0,32
1548,1337,ranked,EVO-DS,RYUBOT,1369,1185,COMBAT,A,KO,,28029,3,13,2,0
1549,1338,ranked,PI-AGENT,EVO-DS3,777,803,COMBAT,A,KO,,28065,3,16,12,0
1550,1339,ranked,kitsune,raiju,909,944,COMBAT,B,KO,,28090,3,17,0,4
1551,1340,ranked,RYUBOT,KEN.EXE,1175,1115,COMBAT,B,HP,,28120,3,18,4,28
1552,1341,ranked,tanuki,PI-AGENT,787,793,COMBAT,B,HP,,28150,3,18,60,66
1553,1342,ranked,kirin,KEN.EXE,1081,1132,COMBAT,B,KO,,28208,3,17,0,12
1554,1343,ranked,kitsune,EVO-DS3,895,787,COMBAT,A,HP,,28218,3,18,44,4
1555,1344,ranked,PI-AGENT,raiju,808,958,COMBAT,B,HP,,28279,3,18,4,66
1556,1345,duel,EVO-GEM2,tengu,1000,1000,COMBAT,B,KO,,28290,3,13,0,22
1557,1346,ranked,RYUBOT,KEN.EXE,1158,1146,COMBAT,A,KO,,28266,2,12,4,0
1558,1347,ranked,tanuki,EVO-DS3,772,775,COMBAT,B,HP,,28307,3,18,30,44
1559,1348,ranked,kirin,KEN.EXE,1067,1131,COMBAT,B,KO,,28351,3,16,0,24
1560,1349,ranked,kitsune,raiju,907,969,COMBAT,,DOUBLE_KO,,28366,3,15,0,0
1561,1345,duel,EVO-GEM2,tengu,1000,1000,COMBAT,B,KO,,28344,2,11,0,12
1562,1350,ranked,tanuki,PI-AGENT,757,797,COMBAT,B,HP,,28396,3,18,2,62
1563,1351,ranked,RYUBOT,KEN.EXE,1173,1144,COMBAT,A,KO,,28412,2,12,30,0
1564,1352,ranked,tanuki,EVO-DS3,743,790,COMBAT,B,KO,,28484,3,18,0,14
1565,1353,ranked,PI-AGENT,kitsune,811,908,COMBAT,B,HP,,28485,3,18,28,48
1566,1354,ranked,kirin,KEN.EXE,1054,1129,COMBAT,B,HP,,28499,3,18,6,20
1567,1355,ranked,tanuki,PI-AGENT,729,799,COMBAT,A,HP,,28571,3,18,52,34
1568,1356,ranked,kitsune,raiju,920,968,COMBAT,A,KO,,28575,3,15,8,0
1569,1357,ranked,EVO-DS,RYUBOT,1379,1188,COMBAT,A,KO,,28578,3,14,2,0
1570,1358,duel,EVO-GEM2,baku,1000,1000,COMBAT,A,HP,,28589,3,18,40,10
1571,1359,ranked,kirin,KEN.EXE,1041,1142,COMBAT,B,HP,,28646,3,18,24,28
1572,1358,duel,EVO-GEM2,baku,1000,1000,COMBAT,A,KO,,28672,3,13,46,0
1573,1360,ranked,kitsune,EVO-DS3,937,804,COMBAT,B,KO,,28702,3,13,0,48
1574,1361,ranked,tanuki,PI-AGENT,747,781,COMBAT,A,HP,,28715,3,18,40,28
1575,1362,ranked,RYUBOT,KEN.EXE,1179,1154,COMBAT,,DOUBLE_KO,,28730,3,15,0,0
1576,1363,ranked,kitsune,raiju,917,951,COMBAT,A,KO,,28762,2,11,16,0
1577,1364,ranked,kitsune,kirin,934,1029,COMBAT,B,KO,,28820,2,12,0,42
1578,1365,ranked,RYUBOT,KEN.EXE,1179,1154,COMBAT,A,KO,,28845,2,12,44,0
1579,1366,ranked,kappa,EVO-DS,1388,1388,COMBAT,B,KO,,28857,2,11,0,18
1580,1367,ranked,tanuki,ronin,764,571,FORFEIT,A,,REVEAL,28836,0,0,,
1581,1368,ranked,PI-AGENT,EVO-DS3,764,824,COMBAT,B,HP,,28881,3,18,34,48
1582,1369,ranked,GEM-LITE,raiju,844,934,COMBAT,A,HP,,28884,3,18,18,4
1583,1370,ranked,tanuki,QWEN-235,773,674,FORFEIT,A,,REVEAL,28903,1,6,74,54
1584,1371,ranked,kirin,KEN.EXE,1041,1139,COMBAT,B,KO,,28933,3,16,0,28
1585,1372,ranked,kitsune,EVO-DS3,922,838,COMBAT,B,KO,,28966,3,17,0,52
1586,1373,ranked,tanuki,PI-AGENT,785,750,COMBAT,A,HP,,28993,3,18,34,28
1587,1374,ranked,kappa,EVO-DS,1372,1404,COMBAT,B,KO,,28974,2,10,0,10
1588,1375,ranked,RYUBOT,KEN.EXE,1194,1151,COMBAT,B,KO,,29020,3,17,0,14
1589,1376,ranked,GEM-LITE,raiju,862,916,COMBAT,A,KO,,29027,3,13,40,0
1590,1377,ranked,tanuki,EVO-DS3,799,856,COMBAT,B,HP,,29078,3,18,24,86
1591,1378,ranked,kitsune,kirin,904,1029,COMBAT,A,HP,,29095,3,18,36,4
1592,1379,ranked,kappa,EVO-DS,1358,1418,COMBAT,B,KO,,29089,2,11,0,36
1593,1380,cup,oni,EVO-GEM,1342,1211,COMBAT,A,KO,,29110,2,9,16,0
1594,1381,ranked,GEM-LITE,PI-AGENT,879,736,COMBAT,A,HP,,29156,3,18,34,32
1595,1382,ranked,RYUBOT,KEN.EXE,1177,1168,COMBAT,B,KO,,29163,3,17,0,6
1596,1383,ranked,EVO-DS3,raiju,870,899,COMBAT,B,KO,,29167,3,17,0,20
1597,1384,duel,EVO-DS2,EVO-GEM2,1000,1000,COMBAT,B,KO,,29188,3,13,0,14
1598,1380,cup,oni,EVO-GEM,1342,1211,COMBAT,A,KO,,29164,2,9,16,0
1599,1385,ranked,tanuki,kitsune,785,924,COMBAT,A,HP,,29223,3,18,52,30
1600,1386,ranked,QWEN-235,ronin,662,562,FORFEIT,A,,REVEAL,29180,0,0,,
1601,1387,ranked,kappa,EVO-DS,1344,1432,COMBAT,B,KO,,29208,2,11,0,2
1602,1380,cup,oni,EVO-GEM,1342,1211,COMBAT,A,KO,,29220,2,9,16,0
1603,1388,ranked,kirin,raiju,1009,914,COMBAT,A,KO,,29228,2,12,16,0
1604,1389,ranked,GEM-LITE,EVO-DS3,890,855,COMBAT,A,HP,,29255,3,18,54,6
1605,1390,ranked,PI-AGENT,QWEN-235,725,674,FORFEIT,A,,REVEAL,29249,1,6,54,74
1606,1384,duel,EVO-DS2,EVO-GEM2,1000,1000,COMBAT,B,KO,,29270,3,17,0,10
1607,1391,ranked,RYUBOT,KEN.EXE,1161,1184,COMBAT,,DOUBLE_KO,,29307,3,15,0,0
1608,1392,ranked,EVO-DS3,raiju,841,902,COMBAT,A,KO,,29315,2,9,26,0
1609,1393,ranked,kappa,EVO-DS,1331,1445,COMBAT,B,KO,,29323,2,12,0,16
1610,1394,ranked,GEM-LITE,kirin,904,1021,COMBAT,A,KO,,29382,3,16,28,0
1611,1395,ranked,EVO-DS3,raiju,858,885,COMBAT,B,KO,,29457,3,13,0,2
1612,1396,ranked,kappa,EVO-DS,1319,1457,COMBAT,B,KO,,29438,2,11,0,34
1613,1397,duel,EVO-DS2,EVO-GEM2,1000,1000,COMBAT,B,KO,,29458,2,11,0,62
1614,1398,cup,kitsune,RYUBOT,904,1161,COMBAT,B,KO,,29527,3,13,0,8
1615,1399,cup,PI-AGENT,EVO-GEM,739,1211,COMBAT,B,KO,,29522,3,14,0,48
1616,1400,cup,tanuki,KEN.EXE,805,1184,COMBAT,B,KO,,29523,3,15,0,56
1617,1401,ranked,GEM-LITE,kirin,923,1002,COMBAT,B,KO,,29528,3,14,0,4
1618,1402,ranked,EVO-DS3,raiju,843,900,COMBAT,B,KO,,29603,3,15,0,14
1619,1399,cup,PI-AGENT,EVO-GEM,739,1211,COMBAT,B,KO,,29577,2,10,0,88
1620,1400,cup,tanuki,KEN.EXE,805,1184,COMBAT,A,HP,,29605,3,18,24,14
1621,1398,cup,kitsune,RYUBOT,904,1161,COMBAT,B,KO,,29610,3,18,0,40
1622,1403,ranked,QWEN-235,ronin,660,550,DOUBLE_FAULT,,,REVEAL,29601,1,6,66,74
1623,1404,ranked,GEM-LITE,kirin,910,1015,COMBAT,B,HP,,29670,3,18,8,32
1624,1400,cup,tanuki,KEN.EXE,805,1184,COMBAT,B,KO,,29687,3,17,0,58
1625,1405,ranked,EVO-DS3,raiju,829,914,COMBAT,,DOUBLE_KO,,29745,3,13,0,0
1626,1406,ranked,GEM-LITE,tanuki,898,805,FORFEIT,B,,REVEAL,29784,2,12,26,84
1627,1407,duel,EVO-GEM2,tengu,1000,1000,COMBAT,B,KO,,29758,2,11,0,8
1628,1408,ranked,kitsune,kirin,904,1027,COMBAT,,HP_TIE,,29815,3,18,44,44
1629,1409,ranked,PI-AGENT,EVO-DS3,739,831,COMBAT,A,HP,,29830,3,18,44,2
1630,1407,duel,EVO-GEM2,tengu,1000,1000,COMBAT,B,KO,,29811,2,9,0,30
1631,1410,ranked,tanuki,raiju,823,912,COMBAT,B,KO,,29871,3,13,0,42
1632,1411,ranked,kitsune,EVO-DS3,907,813,COMBAT,B,HP,,29916,3,18,16,48
1633,1412,ranked,kirin,raiju,1024,925,COMBAT,A,KO,,29931,2,12,16,0
1634,1413,ranked,tanuki,PI-AGENT,810,757,COMBAT,A,KO,,29959,3,13,32,0
1635,1414,ranked,kitsune,raiju,888,913,COMBAT,A,KO,,29991,2,10,30,0
1636,1415,ranked,PI-AGENT,EVO-DS3,743,832,COMBAT,B,KO,,30049,3,13,0,22
1637,1416,ranked,tanuki,raiju,824,897,COMBAT,A,KO,,30050,2,12,26,0
1638,1417,duel,tengu,baku,1000,1000,COMBAT,A,KO,,30090,3,15,68,0
1639,1418,ranked,GEM-LITE,kitsune,880,904,COMBAT,A,HP,,30109,3,18,40,26
1640,1419,ranked,EVO-DS3,raiju,845,879,COMBAT,A,KO,,30112,2,12,12,0
1641,1417,duel,tengu,baku,1000,1000,COMBAT,A,HP,,30174,3,18,42,12
1642,1420,ranked,tanuki,PI-AGENT,842,730,COMBAT,A,KO,,30179,3,16,52,0
1643,1421,ranked,GEM-LITE,EVO-DS3,896,862,COMBAT,A,HP,,30198,3,18,48,10
1644,1422,ranked,kitsune,raiju,888,862,COMBAT,A,KO,,30171,2,12,22,0
1645,1423,ranked,tanuki,raiju,854,847,COMBAT,B,KO,,30267,3,13,0,22
1646,1424,ranked,kitsune,EVO-DS3,903,848,COMBAT,A,KO,,30283,3,14,72,0
1647,1425,ranked,GEM-LITE,kirin,910,1036,COMBAT,B,KO,,30328,3,18,0,28
1648,1426,ranked,kitsune,raiju,917,863,COMBAT,B,KO,,30371,3,17,0,12
1649,1427,ranked,tanuki,EVO-DS3,838,834,COMBAT,B,HP,,30370,3,18,26,32
1650,1428,duel,EVO-GEM2,baku,1000,1000,COMBAT,A,KO,,30386,3,13,54,0
1651,1429,ranked,GEM-LITE,kitsune,899,900,COMBAT,A,HP,,30459,3,18,50,10
1652,1430,ranked,tanuki,raiju,822,880,COMBAT,,DOUBLE_KO,,30459,3,13,0,0
1653,1428,duel,EVO-GEM2,baku,1000,1000,COMBAT,,DOUBLE_KO,,30467,3,15,0,0
1654,1431,ranked,PI-AGENT,EVO-DS3,718,850,COMBAT,B,HP,,30499,3,18,40,42
1655,1432,ranked,GEM-LITE,raiju,915,879,COMBAT,B,KO,,30547,3,17,0,20
1656,1433,ranked,tanuki,kitsune,823,884,COMBAT,A,HP,,30547,3,18,62,40
1657,1428,duel,EVO-GEM2,baku,1000,1000,COMBAT,B,KO,,30552,3,18,0,12
1658,1428,duel,EVO-GEM2,baku,1000,1000,COMBAT,A,KO,,30633,3,13,16,0
1659,1434,ranked,kitsune,EVO-DS3,867,861,COMBAT,B,KO,,30636,3,17,0,68
1660,1435,ranked,tanuki,raiju,840,896,COMBAT,A,KO,,30635,3,15,8,0
1661,1436,duel,EVO-DS2,tengu,1000,1000,COMBAT,B,KO,,30687,3,13,0,34
1662,1437,ranked,GEM-LITE,kirin,898,1047,COMBAT,A,HP,,30697,3,18,20,14
1663,1438,ranked,tanuki,kitsune,857,851,COMBAT,A,HP,,30725,3,18,66,38
1664,1436,duel,EVO-DS2,tengu,1000,1000,COMBAT,B,KO,,30741,2,12,0,32
1665,1439,ranked,GEM-LITE,raiju,918,879,COMBAT,B,HP,,30788,3,18,12,18
1666,1440,ranked,PI-AGENT,EVO-DS3,707,877,COMBAT,B,KO,,30802,3,14,0,50
1667,1441,cup,oni,RYUBOT,1342,1161,COMBAT,A,KO,,30796,2,7,50,0
1668,1442,cup,EVO-GEM,KEN.EXE,1211,1184,COMBAT,A,KO,,30822,3,14,14,0
1669,1443,ranked,tanuki,kitsune,872,836,COMBAT,B,HP,,30870,3,18,18,40
1670,1441,cup,oni,RYUBOT,1342,1161,COMBAT,A,KO,,30851,2,9,46,0
1671,1444,ranked,GEM-LITE,EVO-DS3,901,887,FORFEIT,B,,REVEAL,30895,2,12,84,54
1672,1442,cup,EVO-GEM,KEN.EXE,1211,1184,COMBAT,A,KO,,30906,3,13,66,0
1673,1445,ranked,kirin,raiju,1027,896,COMBAT,A,KO,,30886,2,12,16,0
1674,1446,ranked,kitsune,raiju,853,885,COMBAT,B,KO,,30970,3,17,0,38
1675,1447,ranked,tanuki,EVO-DS3,855,903,COMBAT,B,HP,,30983,3,18,28,30
1676,1448,duel,EVO-GEM2,tengu,1000,1000,COMBAT,B,KO,,30960,2,11,0,18
1677,1449,ranked,RYUBOT,KEN.EXE,1161,1184,COMBAT,A,KO,,30994,3,15,4,0
1678,1448,duel,EVO-GEM2,tengu,1000,1000,COMBAT,A,KO,,31045,3,13,4,0
1679,1450,ranked,kitsune,EVO-DS3,839,917,COMBAT,B,KO,,31042,2,10,0,38
1680,1451,ranked,tanuki,raiju,841,899,COMBAT,A,KO,,31069,3,14,8,0
1681,1452,ranked,kirin,KEN.EXE,1038,1168,COMBAT,B,HP,,31119,3,18,2,52
1682,1453,ranked,kappa,RYUBOT,1308,1177,COMBAT,A,KO,,31096,2,12,8,0
1683,1448,duel,EVO-GEM2,tengu,1000,1000,COMBAT,B,KO,,31101,2,11,0,22
1684,1454,ranked,tanuki,kitsune,858,826,COMBAT,B,HP,,31155,3,18,32,66
1685,1455,ranked,kirin,EVO-DS3,1027,930,COMBAT,B,HP,,31203,3,18,40,44
1686,1456,ranked,RYUBOT,KEN.EXE,1166,1179,COMBAT,B,KO,,31206,3,14,0,30
1687,1457,ranked,GEM-LITE,raiju,885,882,COMBAT,A,KO,,31189,2,10,22,0
1688,1458,ranked,GEM-LITE,tanuki,900,841,COMBAT,B,HP,,31275,3,18,14,18
1689,1459,ranked,kitsune,raiju,843,867,COMBAT,B,KO,,31251,2,11,0,92
1690,1460,ranked,PI-AGENT,QWEN-235,697,660,FORFEIT,A,,REVEAL,31263,1,6,66,100
1691,1461,ranked,kappa,EVO-DS,1319,1468,COMBAT,,DOUBLE_KO,,31254,2,10,0,0
1692,1462,duel,tengu,baku,1000,1000,COMBAT,A,KO,,31289,3,13,50,0
1693,1463,ranked,RYUBOT,kirin,1151,1008,COMBAT,A,KO,,31329,3,13,8,0
1694,1464,ranked,EVO-DS3,raiju,949,882,COMBAT,B,KO,,31339,3,13,0,48
1695,1465,ranked,tanuki,kitsune,858,828,COMBAT,B,KO,,31364,3,14,0,30
1696,1462,duel,tengu,baku,1000,1000,COMBAT,A,KO,,31345,2,12,78,0
1697,1466,ranked,kappa,KEN.EXE,1323,1194,COMBAT,B,HP,,31377,3,18,20,34
1698,1467,ranked,GEM-LITE,EVO-DS3,883,931,COMBAT,B,HP,,31425,3,18,20,36
1699,1468,ranked,kirin,raiju,997,900,COMBAT,A,KO,,31400,2,12,16,0
1700,1469,ranked,PI-AGENT,ronin,711,550,FORFEIT,A,,REVEAL,31384,0,0,,
1701,1470,ranked,RYUBOT,KEN.EXE,1162,1214,COMBAT,A,HP,,31466,3,18,26,2
1702,1471,ranked,kitsune,raiju,844,888,COMBAT,B,KO,,31486,3,13,0,26
1703,1472,ranked,tanuki,PI-AGENT,842,721,COMBAT,A,HP,,31511,3,18,42,28
1704,1473,ranked,kirin,EVO-DS3,1009,945,COMBAT,A,HP,,31516,3,18,14,4
1705,1474,ranked,kappa,EVO-DS,1303,1464,COMBAT,,DOUBLE_KO,,31519,2,10,0,0
1706,1475,ranked,GEM-LITE,raiju,869,902,COMBAT,B,HP,,31571,3,18,8,16
1707,1476,duel,EVO-DS2,baku,1000,1000,COMBAT,B,HP,,31590,3,18,24,66
1708,1477,ranked,tanuki,kitsune,854,830,COMBAT,B,KO,,31598,3,15,0,26
1709,1478,ranked,PI-AGENT,QWEN-235,709,646,FORFEIT,A,,REVEAL,31580,1,6,100,100
1710,1479,ranked,RYUBOT,KEN.EXE,1179,1197,COMBAT,A,KO,,31582,2,9,38,0
1711,1480,ranked,kirin,EVO-DS3,1022,932,COMBAT,A,KO,,31660,3,15,10,0
1712,1481,ranked,kitsune,raiju,846,916,COMBAT,A,KO,,31655,2,12,8,0
1713,1482,ranked,kappa,EVO-DS,1308,1459,COMBAT,A,KO,,31687,3,16,2,0
1714,1483,ranked,GEM-LITE,tanuki,855,838,FORFEIT,B,,REVEAL,31695,2,12,84,28
1715,1484,ranked,RYUBOT,KEN.EXE,1195,1181,COMBAT,A,KO,,31727,3,15,10,0
1716,1485,ranked,kitsune,EVO-DS3,864,919,COMBAT,,DOUBLE_KO,,31746,3,16,0,0
1717,1486,ranked,tanuki,raiju,854,898,COMBAT,B,KO,,31783,3,17,0,32
1718,1487,ranked,PI-AGENT,ronin,722,540,FORFEIT,A,,COMMIT,31771,1,6,68,86
1719,1488,ranked,kappa,EVO-DS,1328,1439,COMBAT,A,KO,,31830,3,15,14,0
1720,1489,ranked,kirin,KEN.EXE,1035,1166,COMBAT,B,KO,,31854,3,18,0,20
1721,1490,ranked,kitsune,raiju,865,912,COMBAT,A,KO,,31842,2,12,16,0
1722,1491,ranked,tanuki,EVO-DS3,840,918,COMBAT,B,HP,,31871,3,18,6,38
1723,1492,duel,EVO-DS2,baku,1000,1000,COMBAT,B,KO,,31887,3,14,0,46
1724,1493,ranked,PI-AGENT,QWEN-235,732,633,FORFEIT,A,,REVEAL,31888,1,6,52,58
1725,1494,ranked,RYUBOT,KEN.EXE,1210,1177,COMBAT,A,KO,,31938,3,16,34,0
1726,1495,ranked,EVO-DS3,raiju,931,895,COMBAT,B,KO,,31959,3,13,0,40
1727,1496,ranked,tanuki,kitsune,827,882,COMBAT,B,HP,,31959,3,18,36,42
1728,1492,duel,EVO-DS2,baku,1000,1000,COMBAT,A,HP,,31970,3,18,50,38
1729,1497,ranked,kappa,EVO-DS,1347,1420,COMBAT,B,KO,,31947,2,9,0,36
1730,1498,ranked,GEM-LITE,PI-AGENT,839,744,COMBAT,A,HP,,32020,3,18,22,16
1731,1499,ranked,tanuki,raiju,813,912,COMBAT,B,KO,,32048,3,13,0,16
1732,1500,ranked,kitsune,EVO-DS3,896,914,COMBAT,B,KO,,32048,3,17,0,68
1733,1492,duel,EVO-DS2,baku,1000,1000,COMBAT,A,KO,,32051,3,16,20,0
1734,1501,ranked,kirin,KEN.EXE,1024,1163,COMBAT,B,KO,,32062,3,15,0,28
1735,1502,ranked,kappa,RYUBOT,1334,1224,COMBAT,A,KO,,32074,3,13,4,0
1736,1503,cup,oni,EVO-GEM,1342,1211,COMBAT,A,KO,,32095,2,9,16,0
1737,1492,duel,EVO-DS2,baku,1000,1000,COMBAT,A,KO,,32136,3,17,52,0
1738,1504,ranked,GEM-LITE,tanuki,851,801,COMBAT,B,HP,,32135,3,18,52,64
1739,1505,ranked,kitsune,raiju,881,924,COMBAT,B,KO,,32133,3,17,0,74
1740,1506,ranked,kirin,EVO-DS3,1013,929,COMBAT,A,KO,,32151,3,18,24,0
1741,1507,ranked,kappa,EVO-DS,1346,1433,COMBAT,B,KO,,32131,2,12,0,4
1742,1508,ranked,RYUBOT,KEN.EXE,1212,1174,COMBAT,A,KO,,32162,3,14,62,0
1743,1503,cup,oni,EVO-GEM,1342,1211,COMBAT,A,KO,,32147,2,9,16,0
1744,1509,duel,EVO-GEM2,tengu,1000,1000,COMBAT,B,KO,,32158,2,12,0,16
1745,1510,ranked,tanuki,PI-AGENT,818,732,COMBAT,B,KO,,32220,3,16,0,2
1746,1511,ranked,GEM-LITE,kitsune,834,867,COMBAT,A,KO,,32222,3,13,24,0
1747,1503,cup,oni,EVO-GEM,1342,1211,COMBAT,A,KO,,32201,2,9,16,0
1748,1512,ranked,kirin,raiju,1026,938,COMBAT,A,KO,,32210,2,12,16,0
1749,1509,duel,EVO-GEM2,tengu,1000,1000,COMBAT,B,KO,,32212,2,9,0,26
1750,1513,ranked,kappa,RYUBOT,1333,1226,COMBAT,B,KO,,32259,2,10,0,36
1751,1509,duel,EVO-GEM2,tengu,1000,1000,COMBAT,B,KO,,32294,3,13,0,18
1752,1514,ranked,EVO-DS3,raiju,916,925,COMBAT,B,KO,,32302,3,13,0,12
1753,1515,ranked,kirin,KEN.EXE,1039,1160,COMBAT,B,HP,,32339,3,18,4,28
1754,1516,ranked,GEM-LITE,raiju,851,940,COMBAT,B,KO,,32391,3,15,0,36
1755,1517,ranked,kappa,KEN.EXE,1314,1172,COMBAT,B,KO,,32465,3,14,0,22
1756,1518,ranked,kirin,EVO-DS3,1027,901,COMBAT,A,HP,,32466,3,18,54,4
1757,1519,duel,EVO-GEM2,baku,1000,1000,COMBAT,B,KO,,32463,2,12,0,16
1758,1520,cup,tanuki,kitsune,800,850,COMBAT,A,HP,,32504,3,18,34,22
1759,1521,cup,QWEN-235,RYUBOT,621,1245,FORFEIT,B,,REVEAL,32485,1,6,82,62
1760,1522,cup,PI-AGENT,EVO-GEM,750,1211,COMBAT,B,KO,,32477,2,10,0,54
1761,1523,ranked,GEM-LITE,raiju,838,953,COMBAT,A,KO,,32508,2,12,30,0
1762,1519,duel,EVO-GEM2,baku,1000,1000,COMBAT,A,KO,,32543,3,15,28,0
1763,1522,cup,PI-AGENT,EVO-GEM,750,1211,COMBAT,B,KO,,32537,2,10,0,50
1764,1520,cup,tanuki,kitsune,800,850,COMBAT,A,HP,,32586,3,18,10,2
1765,1524,ranked,GEM-LITE,EVO-DS3,857,890,COMBAT,A,HP,,32592,3,18,50,12
1766,1525,ranked,kappa,KEN.EXE,1294,1192,COMBAT,A,KO,,32583,2,12,50,0
1767,1519,duel,EVO-GEM2,baku,1000,1000,COMBAT,A,KO,,32625,3,17,40,0
1768,1526,ranked,kirin,raiju,1038,934,COMBAT,A,KO,,32605,2,12,16,0
1769,1527,ranked,PI-AGENT,kitsune,750,850,COMBAT,B,KO,,32674,3,18,0,4
1770,1528,ranked,EVO-DS3,raiju,873,922,COMBAT,B,KO,,32690,3,15,0,34
1771,1529,ranked,kappa,KEN.EXE,1306,1180,COMBAT,A,KO,,32697,2,12,42,0
1772,1530,ranked,GEM-LITE,kitsune,874,862,COMBAT,B,HP,,32759,3,18,32,38
1773,1531,duel,EVO-GEM2,baku,1000,1000,COMBAT,A,KO,,32789,3,13,36,0
1774,1532,ranked,kirin,raiju,1050,936,COMBAT,A,KO,,32792,2,12,16,0
1775,1533,ranked,PI-AGENT,EVO-DS3,738,859,COMBAT,B,HP,,32820,3,18,10,66
1776,1534,ranked,kappa,KEN.EXE,1317,1169,COMBAT,A,KO,,32814,2,11,16,0
1777,1531,duel,EVO-GEM2,baku,1000,1000,COMBAT,B,KO,,32844,2,8,0,44
1778,1535,ranked,GEM-LITE,raiju,858,924,COMBAT,B,HP,,32878,3,18,30,50
1779,1536,ranked,kirin,KEN.EXE,1062,1158,COMBAT,A,HP,,32902,3,18,44,32
1780,1537,ranked,kitsune,EVO-DS3,878,871,COMBAT,B,HP,,32905,3,18,26,74
1781,1531,duel,EVO-GEM2,baku,1000,1000,COMBAT,B,KO,,32901,2,10,0,26
1782,1538,ranked,PI-AGENT,ronin,726,530,FORFEIT,A,,COMMIT,32928,0,0,,
1783,1539,ranked,EVO-DS3,raiju,887,937,COMBAT,A,KO,,32968,2,12,18,0
1784,1540,ranked,GEM-LITE,kitsune,845,862,COMBAT,A,HP,,32992,3,18,54,52
1785,1541,ranked,kirin,KEN.EXE,1081,1139,COMBAT,A,HP,,33048,3,18,42,20
1786,1542,ranked,kitsune,EVO-DS3,846,904,COMBAT,B,KO,,33079,3,14,0,64
1787,1543,ranked,GEM-LITE,raiju,861,920,COMBAT,B,KO,,33077,3,13,0,8
1788,1544,duel,EVO-DS2,EVO-GEM2,1000,1000,COMBAT,A,KO,,33091,3,14,40,0
1789,1545,ranked,PI-AGENT,kitsune,735,832,COMBAT,B,KO,,33168,3,13,0,16
1790,1546,ranked,GEM-LITE,EVO-DS3,847,918,COMBAT,B,HP,,33167,3,18,28,32
1791,1544,duel,EVO-DS2,EVO-GEM2,1000,1000,COMBAT,A,KO,,33175,3,14,18,0
1792,1547,ranked,kirin,KEN.EXE,1098,1122,COMBAT,B,KO,,33191,3,18,0,4
1793,1548,ranked,GEM-LITE,raiju,834,934,COMBAT,A,HP,,33253,3,18,12,8
1794,1549,ranked,kitsune,EVO-DS3,844,931,COMBAT,A,KO,,33256,3,15,42,0
1795,1544,duel,EVO-DS2,EVO-GEM2,1000,1000,COMBAT,B,KO,,33261,3,15,0,10
1796,1550,ranked,GEM-LITE,EVO-DS3,853,913,COMBAT,B,KO,,33342,3,13,0,40
1797,1551,ranked,kitsune,raiju,862,915,COMBAT,B,KO,,33343,3,15,0,52
1798,1544,duel,EVO-DS2,EVO-GEM2,1000,1000,COMBAT,A,KO,,33315,2,11,12,0
1799,1552,ranked,kappa,KEN.EXE,1328,1137,COMBAT,B,KO,,33358,3,16,0,28
1800,1553,duel,tengu,baku,1000,1000,COMBAT,,DOUBLE_KO,,33387,3,17,0,0
1801,1554,ranked,EVO-DS3,raiju,927,929,COMBAT,B,KO,,33432,3,17,0,4
1802,1555,ranked,GEM-LITE,kitsune,839,848,COMBAT,A,HP,,33431,3,18,34,26
1803,1556,ranked,kitsune,EVO-DS3,832,912,COMBAT,A,KO,,33519,3,17,14,0
1804,1557,ranked,GEM-LITE,PI-AGENT,855,723,COMBAT,A,HP,,33560,3,18,60,36
1805,1558,ranked,kirin,raiju,1083,944,COMBAT,A,KO,,33531,2,12,16,0
1806,1559,ranked,kitsune,raiju,850,933,COMBAT,A,KO,,33590,2,12,22,0
1807,1560,ranked,GEM-LITE,EVO-DS3,866,894,FORFEIT,B,,REVEAL,33626,1,6,68,92
1808,1561,ranked,PI-AGENT,QWEN-235,712,621,FORFEIT,A,,REVEAL,33691,2,12,50,64
1809,1562,ranked,kirin,KEN.EXE,1094,1159,COMBAT,B,KO,,33686,3,16,0,36
1810,1563,duel,EVO-GEM2,tengu,1000,1000,COMBAT,B,KO,,33660,2,11,0,12
1811,1564,ranked,kitsune,EVO-DS3,868,909,COMBAT,B,HP,,33714,3,18,16,30
1812,1565,ranked,kappa,EVO-DS,1306,1446,COMBAT,A,KO,,33727,3,13,18,0
1813,1563,duel,EVO-GEM2,tengu,1000,1000,COMBAT,B,KO,,33715,2,11,0,16
1814,1563,duel,EVO-GEM2,tengu,1000,1000,COMBAT,,DOUBLE_KO,,33797,3,13,0,0
1815,1566,ranked,EVO-DS3,raiju,923,915,COMBAT,A,HP,,33803,3,18,18,6
1816,1567,cup,oni,tanuki,1342,800,COMBAT,A,KO,,33804,3,13,36,0
1817,1568,cup,RYUBOT,EVO-GEM,1245,1211,COMBAT,B,KO,,33777,2,7,0,54
1818,1569,ranked,kirin,KEN.EXE,1081,1172,COMBAT,B,HP,,33832,3,18,18,36
1819,1570,ranked,PI-AGENT,kitsune,725,854,COMBAT,A,KO,,33842,3,18,12,0
1820,1568,cup,RYUBOT,EVO-GEM,1245,1211,COMBAT,,DOUBLE_KO,,33857,3,14,0,0
1821,1571,ranked,kappa,EVO-DS,1326,1426,COMBAT,B,KO,,33843,2,11,0,32
1822,1563,duel,EVO-GEM2,tengu,1000,1000,COMBAT,B,KO,,33876,3,14,0,4
1823,1567,cup,oni,tanuki,1342,800,COMBAT,A,KO,,33860,2,7,56,0
1824,1572,ranked,kitsune,raiju,834,900,COMBAT,A,KO,,33936,3,14,22,0
1825,1568,cup,RYUBOT,EVO-GEM,1245,1211,COMBAT,B,KO,,33942,3,14,0,12
1826,1573,ranked,GEM-LITE,EVO-DS3,851,938,COMBAT,B,HP,,33951,3,18,4,36
1827,1574,ranked,kappa,KEN.EXE,1314,1185,COMBAT,A,KO,,33972,3,17,42,0
1828,1575,duel,EVO-GEM2,tengu,1000,1000,COMBAT,B,KO,,33961,2,10,0,44
1829,1576,ranked,QWEN-235,ronin,608,521,FORFEIT,A,,REVEAL,33968,0,0,,
1830,1577,ranked,tanuki,PI-AGENT,800,745,COMBAT,A,HP,,34031,3,18,40,20
1831,1578,ranked,GEM-LITE,kitsune,838,852,COMBAT,A,KO,,34039,3,18,40,0
1832,1579,ranked,EVO-DS3,raiju,951,882,COMBAT,B,KO,,34038,3,13,0,44
1833,1575,duel,EVO-GEM2,tengu,1000,1000,COMBAT,B,KO,,34043,3,13,0,8
1834,1580,ranked,kappa,RYUBOT,1325,1245,COMBAT,A,KO,,34030,2,11,28,0
1835,1581,ranked,kirin,KEN.EXE,1068,1174,COMBAT,B,HP,,34098,3,18,22,60
1836,1582,ranked,kappa,EVO-DS,1338,1438,COMBAT,A,KO,,34092,2,12,6,0
1837,1575,duel,EVO-GEM2,tengu,1000,1000,COMBAT,A,KO,,34096,2,11,20,0
1838,1583,ranked,tanuki,kitsune,814,836,COMBAT,A,KO,,34124,3,13,30,0
1839,1584,ranked,GEM-LITE,EVO-DS3,854,933,COMBAT,A,HP,,34127,3,18,36,24
1840,1585,ranked,PI-AGENT,QWEN-235,731,621,FORFEIT,A,,REVEAL,34141,1,6,82,64
1841,1575,duel,EVO-GEM2,tengu,1000,1000,COMBAT,B,KO,,34184,3,13,0,18
1842,1586,ranked,RYUBOT,KEN.EXE,1232,1186,COMBAT,,DOUBLE_KO,,34183,3,13,0,0
1843,1587,ranked,tanuki,raiju,830,900,COMBAT,B,KO,,34212,3,17,0,52
1844,1588,ranked,GEM-LITE,kitsune,872,820,COMBAT,B,HP,,34215,3,18,46,56
1845,1589,ranked,kappa,EVO-DS,1357,1419,COMBAT,B,KO,,34206,2,12,0,24
1846,1590,ranked,kirin,EVO-DS3,1056,915,COMBAT,B,KO,,34256,3,15,0,16
1847,1591,duel,EVO-DS2,EVO-GEM2,1000,1000,COMBAT,B,KO,,34288,3,13,0,2
1848,1592,ranked,tanuki,PI-AGENT,817,743,COMBAT,B,HP,,34300,3,18,14,78
1849,1593,ranked,kitsune,raiju,837,913,COMBAT,A,KO,,34274,2,11,4,0
1850,1594,ranked,RYUBOT,KEN.EXE,1231,1187,COMBAT,B,KO,,34298,2,11,0,30
1851,1595,ranked,GEM-LITE,EVO-DS3,855,935,COMBAT,A,KO,,34343,3,14,16,0
1852,1596,ranked,kappa,EVO-DS,1343,1433,COMBAT,A,KO,,34323,2,12,4,0
1853,1591,duel,EVO-DS2,EVO-GEM2,1000,1000,COMBAT,,DOUBLE_KO,,34367,3,13,0,0
1854,1597,ranked,tanuki,kitsune,799,855,COMBAT,B,HP,,34388,3,18,10,24
1855,1598,ranked,kirin,raiju,1036,895,COMBAT,A,KO,,34379,2,12,16,0
1856,1599,ranked,RYUBOT,KEN.EXE,1214,1204,COMBAT,A,KO,,34415,2,10,52,0
1857,1591,duel,EVO-DS2,EVO-GEM2,1000,1000,COMBAT,B,KO,,34451,3,13,0,24
1858,1600,ranked,kappa,EVO-DS,1361,1415,COMBAT,B,KO,,34439,2,11,0,42
1859,1601,ranked,GEM-LITE,raiju,873,884,COMBAT,A,KO,,34466,3,14,28,0
1860,1602,ranked,tanuki,PI-AGENT,785,761,COMBAT,B,HP,,34474,3,18,10,26
1861,1603,ranked,kitsune,EVO-DS3,869,917,COMBAT,B,KO,,34473,3,15,0,14
1862,1604,ranked,QWEN-235,ronin,609,508,FORFEIT,A,,REVEAL,34460,0,0,,
1863,1605,ranked,kirin,KEN.EXE,1047,1189,COMBAT,B,KO,,34540,3,17,0,12
1864,1606,ranked,GEM-LITE,EVO-DS3,889,931,COMBAT,A,HP,,34559,3,18,74,48
1865,1607,ranked,tanuki,raiju,769,868,COMBAT,B,KO,,34562,3,15,0,34
1866,1608,ranked,PI-AGENT,kitsune,777,855,COMBAT,A,HP,,34563,3,18,42,24
1867,1609,ranked,kappa,RYUBOT,1347,1229,COMBAT,A,KO,,34539,2,12,24,0
1868,1610,duel,EVO-DS2,EVO-GEM2,1000,1000,COMBAT,B,KO,,34588,3,15,0,12
1869,1611,ranked,RYUBOT,KEN.EXE,1217,1200,COMBAT,B,KO,,34625,3,15,0,46
1870,1612,ranked,GEM-LITE,raiju,906,880,COMBAT,B,HP,,34651,3,18,28,80
1871,1613,ranked,kitsune,EVO-DS3,837,914,COMBAT,A,HP,,34650,3,18,48,24
1872,1614,ranked,tanuki,PI-AGENT,757,795,COMBAT,B,HP,,34651,3,18,20,42
1873,1610,duel,EVO-DS2,EVO-GEM2,1000,1000,COMBAT,A,KO,,34643,2,12,12,0
1874,1610,duel,EVO-DS2,EVO-GEM2,1000,1000,COMBAT,B,KO,,34722,3,17,0,26
1875,1615,ranked,PI-AGENT,kitsune,809,855,COMBAT,A,KO,,34739,3,17,6,0
1876,1616,ranked,EVO-DS3,raiju,896,896,COMBAT,B,HP,,34737,3,18,4,6
1877,1617,ranked,kappa,KEN.EXE,1359,1216,COMBAT,A,HP,,34749,3,18,34,20
1878,1618,ranked,tanuki,QWEN-235,743,621,FORFEIT,A,,REVEAL,34759,1,6,100,68
1879,1619,ranked,GEM-LITE,kirin,890,1036,COMBAT,B,HP,,34777,3,18,28,32
1880,1620,ranked,kitsune,EVO-DS3,838,880,COMBAT,B,KO,,34826,3,15,0,36
1881,1621,ranked,PI-AGENT,raiju,826,912,COMBAT,B,KO,,34825,3,13,0,24
1882,1622,ranked,RYUBOT,KEN.EXE,1201,1205,COMBAT,A,KO,,34835,3,14,44,0
1883,1623,duel,EVO-DS2,tengu,1000,1000,COMBAT,B,HP,,34887,3,18,8,64
1884,1624,ranked,GEM-LITE,tanuki,879,755,COMBAT,A,HP,,34904,3,18,28,22
1885,1625,ranked,PI-AGENT,kitsune,813,824,COMBAT,B,KO,,34910,3,15,0,24
1886,1626,ranked,EVO-DS3,raiju,894,925,COMBAT,A,KO,,34916,3,16,22,0
1887,1627,ranked,kirin,KEN.EXE,1047,1189,COMBAT,B,KO,,34963,3,18,0,8
1888,1623,duel,EVO-DS2,tengu,1000,1000,COMBAT,B,HP,,34970,3,18,6,60
1889,1628,ranked,GEM-LITE,PI-AGENT,891,798,COMBAT,A,HP,,34996,3,18,60,16
1890,1629,ranked,tanuki,kitsune,743,839,COMBAT,B,HP,,34996,3,18,30,56
1891,1630,ranked,kappa,RYUBOT,1370,1217,COMBAT,A,KO,,34974,2,12,4,0
1892,1623,duel,EVO-DS2,tengu,1000,1000,COMBAT,B,KO,,35055,3,13,0,26
1893,1631,ranked,EVO-DS3,raiju,910,909,COMBAT,,DOUBLE_KO,,35057,3,17,0,0
1894,1632,ranked,RYUBOT,KEN.EXE,1206,1200,COMBAT,A,HP,,35062,3,18,6,4
1895,1633,ranked,tanuki,PI-AGENT,731,785,COMBAT,B,HP,,35083,3,18,8,12
1896,1634,ranked,GEM-LITE,kitsune,904,851,COMBAT,B,HP,,35083,3,18,30,36
1897,1635,cup,oni,EVO-GEM,1342,1211,COMBAT,A,KO,,35077,2,9,16,0
1898,1635,cup,oni,EVO-GEM,1342,1211,COMBAT,A,KO,,35130,2,9,16,0
1899,1636,ranked,GEM-LITE,raiju,887,909,COMBAT,B,KO,,35170,3,13,0,42
1900,1637,ranked,kitsune,EVO-DS3,868,910,COMBAT,B,KO,,35170,3,18,0,36
1901,1638,duel,EVO-GEM2,baku,1000,1000,COMBAT,,DOUBLE_KO,,35186,3,15,0,0
1902,1639,ranked,kirin,KEN.EXE,1036,1185,COMBAT,B,HP,,35191,3,18,42,52
1903,1635,cup,oni,EVO-GEM,1342,1211,COMBAT,A,KO,,35187,2,9,16,0
1904,1640,ranked,kappa,RYUBOT,1381,1221,COMBAT,,DOUBLE_KO,,35231,3,13,0,0
1905,1641,ranked,tanuki,PI-AGENT,717,799,COMBAT,B,HP,,35227,3,18,16,60
1906,1642,ranked,kitsune,raiju,854,924,COMBAT,A,KO,,35227,2,11,16,0
1907,1643,ranked,GEM-LITE,EVO-DS3,872,924,COMBAT,A,HP,,35258,3,18,6,4
1908,1644,ranked,EVO-DS3,raiju,907,906,COMBAT,A,KO,,35317,2,10,26,0
1909,1645,ranked,GEM-LITE,kirin,889,1025,COMBAT,A,HP,,35387,3,18,16,12
1910,1646,ranked,GEM-LITE,raiju,909,891,COMBAT,B,KO,,35480,3,13,0,4
1911,1647,ranked,kirin,EVO-DS3,1005,922,COMBAT,B,KO,,35474,3,13,0,20
1912,1648,duel,EVO-DS2,baku,1000,1000,COMBAT,A,KO,,35485,3,14,30,0
1913,1649,cup,oni,QWEN-235,1342,609,FORFEIT,A,,REVEAL,35471,1,6,52,26
1914,1650,cup,kitsune,KEN.EXE,872,1196,COMBAT,B,KO,,35490,3,17,0,16
1915,1651,cup,tanuki,RYUBOT,704,1226,COMBAT,B,KO,,35488,3,13,0,36
1916,1652,cup,PI-AGENT,EVO-GEM,812,1211,COMBAT,B,KO,,35488,3,13,0,54
1917,1653,ranked,GEM-LITE,EVO-DS3,893,940,COMBAT,A,KO,,35567,3,16,62,0
1918,1654,ranked,kirin,raiju,987,907,COMBAT,A,KO,,35540,2,12,16,0
1919,1648,duel,EVO-DS2,baku,1000,1000,COMBAT,A,KO,,35538,2,10,86,0
1920,1651,cup,tanuki,RYUBOT,704,1226,COMBAT,A,KO,,35575,3,18,16,0
1921,1652,cup,PI-AGENT,EVO-GEM,812,1211,COMBAT,B,KO,,35544,2,7,0,64
1922,1650,cup,kitsune,KEN.EXE,872,1196,COMBAT,B,KO,,35545,2,9,0,84
1923,1655,ranked,GEM-LITE,raiju,910,894,COMBAT,A,HP,,35654,3,18,26,10
1924,1656,ranked,kirin,EVO-DS3,1000,923,COMBAT,A,KO,,35656,3,17,36,0
1925,1651,cup,tanuki,RYUBOT,704,1226,COMBAT,B,KO,,35659,3,15,0,76
1926,1657,ranked,GEM-LITE,kirin,925,1013,COMBAT,B,HP,,35745,3,18,36,58
1927,1658,ranked,PI-AGENT,raiju,812,879,COMBAT,B,KO,,35745,3,13,0,8
1928,1659,ranked,kitsune,EVO-DS3,872,910,COMBAT,B,HP,,35746,3,18,34,58
1929,1660,duel,EVO-GEM2,baku,1000,1000,COMBAT,A,KO,,35789,3,17,20,0
1930,1661,ranked,GEM-LITE,raiju,912,892,COMBAT,B,KO,,35831,3,13,0,66
1931,1662,ranked,PI-AGENT,kitsune,799,858,COMBAT,B,HP,,35835,3,18,22,64
1932,1660,duel,EVO-GEM2,baku,1000,1000,COMBAT,A,KO,,35870,3,13,26,0
1933,1663,ranked,kirin,EVO-DS3,1026,924,COMBAT,B,HP,,35873,3,18,18,28
1934,1664,ranked,GEM-LITE,kitsune,896,872,COMBAT,A,HP,,35921,3,18,78,6
1935,1665,ranked,PI-AGENT,raiju,785,908,COMBAT,B,KO,,35962,3,13,0,52
1936,1666,ranked,GEM-LITE,kirin,911,1007,COMBAT,A,KO,,36012,3,15,24,0
1937,1667,ranked,PI-AGENT,kitsune,773,857,COMBAT,A,KO,,36051,3,17,62,0
1938,1668,ranked,EVO-DS3,raiju,943,920,COMBAT,B,HP,,36081,3,18,10,76
1939,1669,ranked,kappa,EVO-DS,1376,1429,COMBAT,B,KO,,36055,2,8,0,58
1940,1670,duel,EVO-GEM2,baku,1000,1000,COMBAT,,DOUBLE_KO,,36087,3,13,0,0
1941,1671,ranked,tanuki,QWEN-235,704,609,FORFEIT,A,,REVEAL,36067,1,6,54,84
1942,1672,ranked,GEM-LITE,kitsune,930,839,COMBAT,B,HP,,36140,3,18,22,28
1943,1673,ranked,tanuki,PI-AGENT,716,791,COMBAT,B,KO,,36155,3,14,0,52
1944,1674,ranked,kirin,raiju,988,936,COMBAT,A,KO,,36139,2,12,16,0
1945,1675,ranked,kappa,EVO-DS,1362,1443,COMBAT,,DOUBLE_KO,,36174,2,11,0,0
1946,1676,ranked,EVO-DS3,raiju,927,922,COMBAT,B,KO,,36199,2,11,0,32
1947,1677,ranked,GEM-LITE,kirin,912,1002,COMBAT,B,HP,,36227,3,18,28,32
1948,1678,ranked,PI-AGENT,kitsune,804,857,COMBAT,A,HP,,36242,3,18,26,16
1949,1679,ranked,kirin,raiju,1015,938,COMBAT,A,KO,,36288,2,12,16,0
1950,1680,ranked,kappa,EVO-DS,1364,1441,COMBAT,B,KO,,36290,2,10,0,32
1951,1681,ranked,GEM-LITE,EVO-DS3,899,911,COMBAT,A,HP,,36321,3,18,84,36
1952,1682,ranked,tanuki,PI-AGENT,703,821,COMBAT,B,HP,,36366,3,18,22,56
1953,1683,ranked,kitsune,raiju,840,925,COMBAT,B,KO,,36376,3,15,0,24
1954,1684,duel,EVO-DS2,tengu,1000,1000,COMBAT,A,KO,,36388,3,17,6,0
1955,1685,ranked,kappa,EVO-DS,1351,1454,COMBAT,A,KO,,36405,2,11,36,0
1956,1686,ranked,QWEN-235,ronin,597,496,FORFEIT,A,,REVEAL,36388,0,0,,
1957,1687,ranked,kirin,EVO-DS3,1028,895,COMBAT,B,KO,,36423,2,10,0,24
1958,1688,ranked,GEM-LITE,PI-AGENT,915,833,FORFEIT,B,,REVEAL,36436,1,6,82,66
1959,1684,duel,EVO-DS2,tengu,1000,1000,COMBAT,B,KO,,36471,3,13,0,32
1960,1689,ranked,tanuki,QWEN-235,691,609,FORFEIT,A,,REVEAL,36456,1,6,62,74
1961,1690,ranked,kitsune,EVO-DS3,827,915,COMBAT,A,HP,,36510,3,18,32,2
1962,1691,ranked,kirin,raiju,1008,938,COMBAT,A,KO,,36482,2,12,16,0
1963,1692,ranked,kappa,EVO-DS,1370,1435,COMBAT,B,KO,,36522,2,12,0,6
1964,1684,duel,EVO-DS2,tengu,1000,1000,COMBAT,B,KO,,36555,3,13,0,74
1965,1693,ranked,PI-AGENT,raiju,851,925,COMBAT,B,KO,,36569,3,15,0,8
1966,1694,ranked,tanuki,kitsune,704,845,COMBAT,A,HP,,36637,3,18,54,14
1967,1695,ranked,kirin,EVO-DS3,1021,897,COMBAT,B,KO,,36638,3,16,0,32
1968,1696,ranked,kappa,EVO-DS,1357,1448,COMBAT,B,KO,,36640,2,11,0,14
1969,1697,duel,EVO-GEM2,tengu,1000,1000,COMBAT,B,KO,,36664,2,11,0,26
1970,1698,ranked,PI-AGENT,raiju,838,938,COMBAT,B,KO,,36716,3,15,0,22
1971,1699,ranked,kitsune,EVO-DS3,825,916,COMBAT,A,KO,,36728,3,15,44,0
1972,1697,duel,EVO-GEM2,tengu,1000,1000,COMBAT,B,KO,,36720,2,10,0,22
1973,1700,cup,oni,KEN.EXE,1342,1196,COMBAT,A,KO,,36790,3,17,58,0
1974,1701,cup,RYUBOT,EVO-GEM,1226,1211,COMBAT,B,KO,,36761,2,10,0,20
1975,1702,ranked,GEM-LITE,kirin,897,1002,COMBAT,A,HP,,36802,3,18,44,16
1976,1703,ranked,PI-AGENT,kitsune,826,843,COMBAT,A,KO,,36815,3,17,22,0
1977,1704,ranked,EVO-DS3,raiju,898,950,COMBAT,B,KO,,36814,3,13,0,10
1978,1705,ranked,tanuki,QWEN-235,724,596,COMBAT,A,HP,,36824,3,18,14,6
1979,1701,cup,RYUBOT,EVO-GEM,1226,1211,COMBAT,B,KO,,36816,2,7,0,76
1980,1700,cup,oni,KEN.EXE,1342,1196,COMBAT,B,KO,,36845,2,10,0,10
1981,1706,ranked,kirin,EVO-DS3,983,884,COMBAT,B,KO,,36899,3,13,0,16
1982,1707,ranked,GEM-LITE,raiju,916,964,FORFEIT,B,,REVEAL,36879,1,6,68,58
1983,1708,ranked,tanuki,kitsune,735,827,COMBAT,A,HP,,36911,3,18,62,22
1984,1700,cup,oni,KEN.EXE,1342,1196,COMBAT,A,HP,,36927,3,18,48,20
1985,1709,ranked,QWEN-235,ronin,585,484,FORFEIT,B,,REVEAL,36931,1,6,84,62
1986,1710,ranked,PI-AGENT,EVO-DS3,842,903,COMBAT,A,HP,,36986,3,18,18,6
1987,1711,ranked,kirin,raiju,964,978,COMBAT,A,KO,,36960,2,12,16,0
1988,1712,duel,EVO-DS2,baku,1000,1000,COMBAT,A,KO,,36987,3,13,86,0
1989,1713,ranked,RYUBOT,KEN.EXE,1226,1196,COMBAT,,DOUBLE_KO,,37014,3,14,0,0
1990,1714,ranked,tanuki,kitsune,753,809,COMBAT,A,KO,,37056,3,14,76,0
1991,1712,duel,EVO-DS2,baku,1000,1000,COMBAT,B,HP,,37069,3,18,8,36
1992,1715,ranked,EVO-DS3,raiju,886,962,COMBAT,B,KO,,37068,3,15,0,4
1993,1716,ranked,PI-AGENT,kirin,859,980,COMBAT,B,KO,,37108,3,18,0,66
1994,1717,ranked,kappa,KEN.EXE,1344,1196,COMBAT,A,KO,,37139,3,13,48,0
1995,1712,duel,EVO-DS2,baku,1000,1000,COMBAT,B,HP,,37152,3,18,34,46
1996,1718,ranked,kitsune,EVO-DS3,792,873,COMBAT,A,HP,,37154,3,18,48,28
1997,1719,ranked,tanuki,PI-AGENT,770,847,COMBAT,A,HP,,37195,3,18,38,28
1998,1720,ranked,kirin,raiju,992,975,COMBAT,A,KO,,37167,2,12,16,0
1999,1721,ranked,RYUBOT,KEN.EXE,1226,1185,COMBAT,A,KO,,37199,2,10,46,0
2000,1712,duel,EVO-DS2,baku,1000,1000,COMBAT,A,KO,,37235,3,18,28,0
2001,1722,ranked,GEM-LITE,EVO-DS3,902,855,COMBAT,B,HP,,37243,3,18,26,30
2002,1723,ranked,tanuki,kitsune,788,810,COMBAT,B,KO,,37283,3,15,0,60
2003,1724,duel,EVO-GEM2,tengu,1000,1000,COMBAT,B,KO,,37258,2,12,0,8
2004,1725,ranked,kirin,raiju,1007,960,COMBAT,A,KO,,37282,2,12,16,0
2005,1712,duel,EVO-DS2,baku,1000,1000,COMBAT,A,KO,,37317,3,18,12,0
2006,1726,ranked,kappa,RYUBOT,1355,1240,COMBAT,,DOUBLE_KO,,37327,3,13,0,0
2007,1727,ranked,PI-AGENT,EVO-DS3,829,872,COMBAT,B,HP,,37330,3,18,4,56
2008,1724,duel,EVO-GEM2,tengu,1000,1000,COMBAT,B,KO,,37340,3,13,0,4
2009,1728,ranked,GEM-LITE,kitsune,885,825,COMBAT,A,HP,,37371,3,18,50,46
2010,1729,ranked,kirin,KEN.EXE,1021,1171,COMBAT,B,HP,,37409,3,18,16,28
2011,1730,ranked,EVO-DS3,raiju,886,946,COMBAT,B,KO,,37425,3,13,0,20
2012,1731,ranked,tanuki,PI-AGENT,773,815,COMBAT,B,HP,,37417,3,18,8,40
2013,1732,ranked,kappa,RYUBOT,1352,1243,COMBAT,,DOUBLE_KO,,37444,2,12,0,0
2014,1733,ranked,PI-AGENT,kitsune,829,811,COMBAT,B,KO,,37502,3,17,0,32
2015,1734,ranked,GEM-LITE,EVO-DS3,899,872,COMBAT,A,HP,,37512,3,18,84,14
2016,1735,ranked,RYUBOT,KEN.EXE,1246,1182,COMBAT,A,KO,,37529,3,13,22,0
2017,1736,duel,EVO-DS2,baku,1000,1000,COMBAT,A,KO,,37585,3,16,68,0
2018,1737,ranked,tanuki,kitsune,759,827,COMBAT,B,HP,,37591,3,18,14,52
2019,1738,ranked,GEM-LITE,kirin,914,1010,COMBAT,A,HP,,37597,3,18,44,42
2020,1739,ranked,PI-AGENT,EVO-DS3,813,857,COMBAT,B,HP,,37598,3,18,6,36
2021,1740,ranked,kappa,RYUBOT,1349,1259,COMBAT,,DOUBLE_KO,,37616,3,13,0,0
2022,1736,duel,EVO-DS2,baku,1000,1000,COMBAT,B,HP,,37667,3,18,8,22
2023,1741,ranked,EVO-DS3,raiju,871,960,COMBAT,A,KO,,37684,3,13,26,0
2024,1742,ranked,GEM-LITE,kitsune,933,840,FORFEIT,B,,REVEAL,37691,2,12,56,58
2025,1743,ranked,tanuki,PI-AGENT,746,799,COMBAT,B,KO,,37659,2,7,0,86
2026,1744,ranked,RYUBOT,KEN.EXE,1261,1169,COMBAT,B,KO,,37703,3,13,0,14
2027,1736,duel,EVO-DS2,baku,1000,1000,COMBAT,A,HP,,37752,3,18,24,22
2028,1745,ranked,PI-AGENT,EVO-DS3,813,889,COMBAT,A,KO,,37772,3,17,66,0
2029,1746,ranked,kitsune,raiju,858,942,COMBAT,A,KO,,37779,3,18,8,0
2030,1747,ranked,kappa,RYUBOT,1347,1243,COMBAT,A,KO,,37804,2,10,4,0
2031,1748,ranked,tanuki,PI-AGENT,732,831,COMBAT,B,HP,,37858,3,18,18,42
2032,1749,ranked,kitsune,EVO-DS3,876,871,COMBAT,B,KO,,37865,3,17,0,24
2033,1750,ranked,kirin,KEN.EXE,991,1187,COMBAT,B,HP,,37872,3,18,48,52
2034,1751,duel,EVO-GEM2,tengu,1000,1000,COMBAT,B,KO,,37887,3,13,0,4
2035,1752,ranked,PI-AGENT,raiju,843,924,COMBAT,A,KO,,37947,3,16,4,0
2036,1753,ranked,kappa,RYUBOT,1359,1231,COMBAT,B,KO,,37923,2,12,0,22
2037,1754,ranked,kirin,EVO-DS3,982,887,COMBAT,A,HP,,37959,3,18,20,8
2038,1751,duel,EVO-GEM2,tengu,1000,1000,COMBAT,B,KO,,37970,3,13,0,4
2039,1755,ranked,tanuki,kitsune,720,860,COMBAT,B,KO,,37990,3,18,0,48
2040,1756,ranked,RYUBOT,KEN.EXE,1251,1196,COMBAT,B,KO,,38013,3,17,0,28
2041,1757,ranked,PI-AGENT,EVO-DS3,861,875,COMBAT,B,KO,,38046,3,17,0,30
2042,1758,ranked,kitsune,raiju,871,906,COMBAT,A,HP,,38081,3,18,8,6
2043,1759,cup,oni,EVO-GEM,1342,1211,COMBAT,A,KO,,38063,2,9,16,0
2044,1760,ranked,kappa,RYUBOT,1339,1234,COMBAT,A,KO,,38138,3,13,4,0
2045,1759,cup,oni,EVO-GEM,1342,1211,COMBAT,A,KO,,38117,2,9,16,0
2046,1761,ranked,kitsune,EVO-DS3,888,890,COMBAT,B,KO,,38168,3,13,0,18
2047,1762,ranked,PI-AGENT,raiju,846,889,COMBAT,,DOUBLE_KO,,38167,3,15,0,0
2048,1763,duel,tengu,baku,1000,1000,COMBAT,A,KO,,38185,3,13,50,0
2049,1759,cup,oni,EVO-GEM,1342,1211,COMBAT,A,KO,,38176,2,9,16,0
2050,1764,ranked,RYUBOT,KEN.EXE,1222,1213,COMBAT,A,KO,,38199,2,9,58,0
2051,1765,ranked,kirin,EVO-DS3,994,905,COMBAT,A,KO,,38254,3,13,26,0
2052,1766,ranked,PI-AGENT,kitsune,847,873,COMBAT,A,HP,,38259,3,18,28,22
2053,1763,duel,tengu,baku,1000,1000,COMBAT,A,KO,,38269,3,14,80,0
2054,1767,ranked,kirin,EVO-DS3,1007,892,COMBAT,A,KO,,38398,3,17,6,0
2055,1768,cup,oni,QWEN-235,1342,566,COMBAT,A,KO,,38450,2,11,20,0
2056,1769,cup,PI-AGENT,KEN.EXE,863,1198,COMBAT,B,HP,,38479,3,18,24,34
2057,1770,cup,tanuki,RYUBOT,709,1237,COMBAT,B,KO,,38478,3,13,0,34
2058,1771,cup,kitsune,EVO-GEM,857,1211,COMBAT,B,KO,,38452,2,7,0,64
2059,1772,ranked,GEM-LITE,raiju,915,888,COMBAT,B,KO,,38483,3,13,0,24
2060,1773,ranked,kappa,EVO-DS,1351,1461,COMBAT,B,KO,,38479,2,12,0,24
2061,1768,cup,oni,QWEN-235,1342,566,FORFEIT,A,,REVEAL,38513,1,6,66,26
2062,1771,cup,kitsune,EVO-GEM,857,1211,COMBAT,B,KO,,38508,2,10,0,20
2063,1774,ranked,kirin,EVO-DS3,1019,880,COMBAT,A,HP,,38541,3,18,32,4
2064,1770,cup,tanuki,RYUBOT,709,1237,COMBAT,B,KO,,38534,2,10,0,22
2065,1769,cup,PI-AGENT,KEN.EXE,863,1198,COMBAT,B,KO,,38562,3,17,0,14
2066,1775,ranked,kappa,EVO-DS,1339,1473,COMBAT,A,KO,,38594,2,11,16,0
2067,1776,ranked,GEM-LITE,raiju,899,904,COMBAT,,DOUBLE_KO,,38627,3,15,0,0
2068,1777,ranked,kitsune,EVO-DS3,857,869,COMBAT,B,HP,,38652,3,18,32,64
2069,1778,ranked,PI-AGENT,raiju,863,904,COMBAT,A,KO,,38714,3,16,8,0
2070,1779,ranked,kappa,EVO-DS,1359,1453,COMBAT,B,KO,,38709,2,11,0,8
2071,1780,ranked,GEM-LITE,kitsune,899,842,COMBAT,B,HP,,38736,3,18,40,46
2072,1781,ranked,kirin,EVO-DS3,1030,884,COMBAT,A,KO,,38778,3,17,6,0
2073,1782,duel,tengu,baku,1000,1000,COMBAT,A,KO,,38763,2,11,58,0
2074,1783,ranked,PI-AGENT,kitsune,880,859,COMBAT,A,HP,,38824,3,18,14,8
2075,1784,ranked,GEM-LITE,raiju,882,887,COMBAT,B,KO,,38822,3,13,0,20
2076,1785,ranked,QWEN-235,ronin,566,503,FORFEIT,A,,COMMIT,38780,0,0,,
2077,1782,duel,tengu,baku,1000,1000,COMBAT,A,KO,,38817,2,11,68,0
2078,1786,ranked,kappa,EVO-DS,1347,1465,COMBAT,B,KO,,38827,2,11,0,2
2079,1787,ranked,GEM-LITE,EVO-DS3,867,873,COMBAT,A,KO,,38906,3,17,12,0
2080,1788,ranked,PI-AGENT,raiju,895,902,COMBAT,B,KO,,38883,2,11,0,12
2081,1789,ranked,tanuki,QWEN-235,709,579,FORFEIT,A,,REVEAL,38912,1,6,54,100
2082,1790,ranked,kitsune,raiju,844,917,COMBAT,B,KO,,38968,3,13,0,2
2083,1791,ranked,kappa,EVO-DS,1335,1477,COMBAT,B,KO,,38941,2,11,0,8
2084,1792,ranked,GEM-LITE,PI-AGENT,883,880,COMBAT,B,HP,,38991,3,18,4,12
2085,1793,ranked,tanuki,EVO-DS3,720,857,COMBAT,A,HP,,39042,3,18,18,2
2086,1794,ranked,GEM-LITE,raiju,867,930,COMBAT,B,KO,,39080,3,15,0,20
2087,1795,ranked,PI-AGENT,kitsune,896,831,COMBAT,A,KO,,39076,3,17,50,0
2088,1796,duel,EVO-GEM2,baku,1000,1000,COMBAT,A,KO,,39087,3,13,40,0
2089,1797,ranked,kappa,EVO-DS,1324,1488,COMBAT,B,KO,,39105,3,15,0,38
2090,1798,ranked,tanuki,kitsune,740,818,COMBAT,A,HP,,39163,3,18,64,2
2091,1799,ranked,PI-AGENT,EVO-DS3,909,837,COMBAT,A,HP,,39163,3,18,54,52
2092,1800,ranked,kirin,raiju,1041,943,COMBAT,A,KO,,39142,2,12,16,0
2093,1801,ranked,GEM-LITE,raiju,854,931,COMBAT,B,KO,,39238,3,17,0,72
2094,1802,ranked,QWEN-235,ronin,568,490,FORFEIT,A,,COMMIT,39176,0,0,,
2095,1803,ranked,kitsune,EVO-DS3,800,824,COMBAT,B,HP,,39250,3,18,12,82
2096,1804,ranked,PI-AGENT,kirin,922,1053,COMBAT,A,KO,,39290,3,16,12,0
2097,1805,ranked,GEM-LITE,tanuki,841,758,COMBAT,B,HP,,39325,3,18,2,38
2098,1806,ranked,EVO-DS3,raiju,839,944,COMBAT,B,HP,,39380,3,18,4,6
2099,1807,duel,EVO-DS2,tengu,1000,1000,COMBAT,B,KO,,39387,3,13,0,38
2100,1808,ranked,GEM-LITE,kitsune,823,785,COMBAT,A,KO,,39410,3,18,24,0
2101,1809,ranked,PI-AGENT,kirin,942,1033,COMBAT,B,KO,,39435,3,18,0,42
2102,1810,ranked,tanuki,EVO-DS3,776,827,COMBAT,A,HP,,39466,3,18,64,20
2103,1807,duel,EVO-DS2,tengu,1000,1000,COMBAT,B,KO,,39471,3,13,0,78
2104,1811,ranked,kirin,raiju,1046,956,COMBAT,A,KO,,39494,2,12,16,0
2105,1812,ranked,GEM-LITE,PI-AGENT,837,929,COMBAT,B,HP,,39526,3,18,2,14
2106,1813,ranked,tanuki,kitsune,793,771,COMBAT,A,HP,,39554,3,18,88,40
2107,1814,ranked,QWEN-235,ronin,581,477,FORFEIT,B,,REVEAL,39563,1,6,80,52
2108,1815,ranked,GEM-LITE,EVO-DS3,824,810,COMBAT,B,HP,,39614,3,18,8,22
2109,1816,ranked,PI-AGENT,raiju,942,943,COMBAT,B,KO,,39587,2,11,0,32
2110,1817,duel,EVO-DS2,baku,1000,1000,COMBAT,A,KO,,39689,3,15,16,0
2111,1818,ranked,tanuki,kitsune,808,756,COMBAT,A,KO,,39697,3,16,26,0
2112,1819,ranked,kirin,raiju,1059,958,COMBAT,A,KO,,39688,2,12,16,0
2113,1820,ranked,GEM-LITE,PI-AGENT,808,927,COMBAT,A,HP,,39741,3,18,58,40
2114,1817,duel,EVO-DS2,baku,1000,1000,COMBAT,B,HP,,39773,3,18,36,42
2115,1821,cup,oni,KEN.EXE,1342,1198,COMBAT,A,KO,,39777,3,13,12,0
2116,1822,cup,RYUBOT,EVO-GEM,1237,1211,COMBAT,B,KO,,39751,2,7,0,58
2117,1823,ranked,tanuki,EVO-DS3,822,826,COMBAT,A,KO,,39783,3,16,8,0
2118,1824,ranked,GEM-LITE,kitsune,827,742,FORFEIT,B,,REVEAL,39836,2,12,76,36
2119,1825,ranked,kirin,raiju,1071,946,COMBAT,A,KO,,39803,2,12,16,0
2120,1822,cup,RYUBOT,EVO-GEM,1237,1211,COMBAT,,DOUBLE_KO,,39834,3,13,0,0
2121,1817,duel,EVO-DS2,baku,1000,1000,COMBAT,A,HP,,39856,3,18,48,6
2122,1821,cup,oni,KEN.EXE,1342,1198,COMBAT,A,KO,,39832,2,11,10,0
2123,1826,ranked,PI-AGENT,EVO-DS3,908,810,COMBAT,B,HP,,39871,3,18,22,34
2124,1827,ranked,tanuki,raiju,838,934,COMBAT,B,KO,,39891,3,15,0,22
2125,1822,cup,RYUBOT,EVO-GEM,1237,1211,COMBAT,A,KO,,39889,2,12,12,0
2126,1828,ranked,kitsune,EVO-DS3,760,829,COMBAT,A,KO,,39960,3,18,70,0
2127,1822,cup,RYUBOT,EVO-GEM,1237,1211,COMBAT,B,KO,,39944,2,7,0,78
2128,1829,ranked,tanuki,PI-AGENT,826,889,COMBAT,A,HP,,39980,3,18,54,36
2129,1830,duel,EVO-GEM2,tengu,1000,1000,COMBAT,B,KO,,39962,2,9,0,30
2130,1831,ranked,kirin,raiju,1083,946,COMBAT,A,KO,,39992,2,12,16,0
2131,1832,ranked,kappa,RYUBOT,1314,1237,COMBAT,,DOUBLE_KO,,40032,3,13,0,0
2132,1833,ranked,PI-AGENT,EVO-DS3,871,811,COMBAT,B,HP,,40067,3,18,20,22
2133,1834,ranked,tanuki,kitsune,844,778,COMBAT,B,KO,,40065,3,18,0,52
2134,1835,ranked,kirin,KEN.EXE,1094,1198,COMBAT,A,KO,,40119,3,18,30,0
2135,1836,ranked,PI-AGENT,raiju,854,935,COMBAT,B,KO,,40155,3,15,0,24
2136,1837,ranked,kitsune,EVO-DS3,796,828,COMBAT,A,HP,,40155,3,18,38,8
2137,1838,ranked,GEM-LITE,tanuki,809,826,COMBAT,B,HP,,40160,3,18,32,58
2138,1839,ranked,kappa,RYUBOT,1312,1239,COMBAT,A,KO,,40148,2,12,12,0
2139,1840,ranked,RYUBOT,KEN.EXE,1226,1179,COMBAT,A,HP,,40233,3,18,18,4
2140,1841,ranked,PI-AGENT,kitsune,841,813,COMBAT,B,HP,,40243,3,18,2,44
2141,1842,ranked,tanuki,EVO-DS3,841,811,COMBAT,,HP_TIE,,40246,3,18,24,24
2142,1843,duel,EVO-DS2,baku,1000,1000,COMBAT,A,HP,,40284,3,18,42,30
2143,1844,ranked,kirin,KEN.EXE,1113,1165,COMBAT,B,HP,,40324,3,18,12,52
2144,1845,ranked,kappa,RYUBOT,1325,1240,COMBAT,A,KO,,40295,2,11,14,0
2145,1846,ranked,GEM-LITE,raiju,794,948,COMBAT,A,HP,,40328,3,18,54,12
2146,1847,ranked,tanuki,PI-AGENT,841,825,COMBAT,A,HP,,40336,3,18,62,28
2147,1848,ranked,kitsune,EVO-DS3,829,811,COMBAT,A,HP,,40334,3,18,58,52
2148,1843,duel,EVO-DS2,baku,1000,1000,COMBAT,B,KO,,40366,3,18,0,68
2149,1849,ranked,RYUBOT,KEN.EXE,1227,1179,COMBAT,A,KO,,40384,2,10,28,0
2150,1850,ranked,kitsune,raiju,844,928,COMBAT,A,KO,,40395,2,12,8,0
2151,1851,ranked,GEM-LITE,EVO-DS3,814,796,COMBAT,B,KO,,40421,3,17,0,30
2152,1843,duel,EVO-DS2,baku,1000,1000,COMBAT,A,HP,,40448,3,18,64,6
2153,1852,ranked,kappa,RYUBOT,1338,1241,COMBAT,B,KO,,40444,2,12,0,4
2154,1853,ranked,kirin,KEN.EXE,1099,1165,COMBAT,A,HP,,40471,3,18,6,4
2155,1854,ranked,tanuki,PI-AGENT,856,810,COMBAT,B,HP,,40480,3,18,2,62
2156,1855,ranked,EVO-DS3,raiju,812,910,COMBAT,B,HP,,40506,3,18,8,16
2157,1856,ranked,GEM-LITE,kitsune,798,862,COMBAT,B,HP,,40511,3,18,36,48
2158,1857,ranked,kappa,RYUBOT,1319,1260,COMBAT,A,KO,,40562,2,11,36,0
2159,1858,duel,EVO-DS2,baku,1000,1000,COMBAT,B,HP,,40588,3,18,12,44
2160,1859,ranked,tanuki,raiju,839,922,COMBAT,A,KO,,40589,3,13,8,0
2161,1860,ranked,PI-AGENT,EVO-DS3,827,800,COMBAT,B,HP,,40596,3,18,6,30
2162,1861,ranked,kirin,KEN.EXE,1117,1147,COMBAT,B,KO,,40615,3,16,0,44
2163,1862,ranked,GEM-LITE,kitsune,785,875,COMBAT,A,HP,,40652,3,18,48,30
2164,1858,duel,EVO-DS2,baku,1000,1000,COMBAT,A,HP,,40671,3,18,62,22
2165,1863,ranked,PI-AGENT,raiju,811,904,COMBAT,B,KO,,40680,3,13,0,30
2166,1864,ranked,tanuki,EVO-DS3,857,816,COMBAT,B,HP,,40685,3,18,10,56
2167,1865,ranked,RYUBOT,KEN.EXE,1246,1162,COMBAT,A,KO,,40674,2,10,40,0
2168,1858,duel,EVO-DS2,baku,1000,1000,COMBAT,A,HP,,40752,3,18,34,14
2169,1866,ranked,kirin,KEN.EXE,1102,1149,COMBAT,B,KO,,40759,3,17,0,24
2170,1867,ranked,kappa,RYUBOT,1333,1259,COMBAT,,DOUBLE_KO,,40759,3,13,0,0
2171,1868,ranked,GEM-LITE,PI-AGENT,803,798,COMBAT,B,HP,,40766,3,18,34,52
2172,1869,ranked,kitsune,raiju,857,917,COMBAT,B,KO,,40767,3,17,0,36
2173,1870,ranked,tanuki,EVO-DS3,840,833,COMBAT,A,HP,,40831,3,18,78,68
2174,1871,ranked,RYUBOT,KEN.EXE,1261,1163,COMBAT,A,HP,,40847,3,18,18,12
2175,1872,ranked,PI-AGENT,kitsune,814,843,COMBAT,A,HP,,40854,3,18,78,24
2176,1873,ranked,QWEN-235,ronin,562,496,FORFEIT,A,,COMMIT,40828,0,0,,
2177,1874,duel,EVO-DS2,EVO-GEM2,1000,1000,COMBAT,A,KO,,40888,3,13,18,0
2178,1875,ranked,GEM-LITE,raiju,787,931,FORFEIT,B,,REVEAL,40904,2,12,32,40
2179,1876,ranked,kappa,RYUBOT,1331,1273,COMBAT,A,KO,,40905,2,11,6,0
2180,1877,ranked,kirin,KEN.EXE,1088,1151,COMBAT,B,KO,,40937,3,14,0,28
2181,1878,ranked,kitsune,EVO-DS3,827,818,COMBAT,B,KO,,40938,3,17,0,36
2182,1879,ranked,tanuki,PI-AGENT,855,830,COMBAT,A,HP,,40946,3,18,40,38
2183,1874,duel,EVO-DS2,EVO-GEM2,1000,1000,COMBAT,B,KO,,40972,3,13,0,56
2184,1880,ranked,RYUBOT,KEN.EXE,1259,1164,COMBAT,A,HP,,41021,3,18,10,6
2185,1881,ranked,tanuki,raiju,870,942,COMBAT,B,KO,,41031,3,15,0,24
2186,1882,ranked,PI-AGENT,EVO-DS3,815,834,COMBAT,A,KO,,41036,3,14,32,0
2187,1874,duel,EVO-DS2,EVO-GEM2,1000,1000,COMBAT,B,KO,,41028,2,11,0,18
2188,1883,ranked,kappa,EVO-DS,1345,1498,COMBAT,A,KO,,41042,2,8,4,0
2189,1884,cup,oni,EVO-GEM,1342,1211,COMBAT,A,KO,,41050,2,9,16,0
2190,1885,ranked,kirin,KEN.EXE,1075,1152,COMBAT,B,KO,,41109,3,16,0,32
2191,1886,ranked,tanuki,kitsune,857,811,COMBAT,A,HP,,41120,3,18,20,12
2192,1887,ranked,kappa,RYUBOT,1365,1271,COMBAT,A,KO,,41131,3,16,4,0
2193,1884,cup,oni,EVO-GEM,1342,1211,COMBAT,A,KO,,41106,2,9,16,0
2194,1888,ranked,EVO-DS3,raiju,818,955,COMBAT,B,KO,,41166,3,13,0,14
2195,1889,ranked,QWEN-235,ronin,575,483,FORFEIT,A,,COMMIT,41108,0,0,,
2196,1890,duel,EVO-GEM2,tengu,1000,1000,COMBAT,B,KO,,41159,2,12,0,36
2197,1884,cup,oni,EVO-GEM,1342,1211,COMBAT,A,KO,,41160,2,9,16,0
2198,1891,ranked,PI-AGENT,kitsune,831,797,COMBAT,A,HP,,41209,3,18,34,18
2199,1892,ranked,RYUBOT,KEN.EXE,1259,1165,COMBAT,B,KO,,41220,3,18,0,6
2200,1893,ranked,GEM-LITE,tanuki,776,871,COMBAT,A,HP,,41227,3,18,46,8
2201,1894,ranked,kirin,raiju,1062,966,COMBAT,A,KO,,41225,2,12,16,0
2202,1895,ranked,kappa,EVO-DS,1377,1478,COMBAT,A,KO,,41231,2,10,2,0
2203,1896,ranked,GEM-LITE,EVO-DS3,795,807,COMBAT,A,HP,,41315,3,18,64,50
2204,1897,ranked,kirin,raiju,1074,954,COMBAT,A,KO,,41344,2,12,16,0
2205,1898,ranked,kappa,EVO-DS,1396,1459,COMBAT,B,KO,,41347,2,12,0,20
2206,1899,ranked,GEM-LITE,EVO-DS3,811,791,COMBAT,B,HP,,41460,3,18,28,44
2207,1900,cup,tanuki,KEN.EXE,852,1184,COMBAT,B,HP,,41462,3,18,40,44
2208,1901,cup,kitsune,RYUBOT,783,1240,COMBAT,B,KO,,41434,2,9,0,76
2209,1902,cup,PI-AGENT,EVO-GEM,845,1211,COMBAT,B,KO,,41461,3,13,0,22
2210,1903,ranked,kirin,raiju,1086,942,COMBAT,A,KO,,41457,2,12,16,0
2211,1904,duel,EVO-DS2,EVO-GEM2,1000,1000,COMBAT,A,KO,,41489,3,14,12,0
2212,1905,ranked,kappa,EVO-DS,1383,1472,COMBAT,A,KO,,41464,2,10,22,0
2213,1906,ranked,QWEN-235,ronin,588,470,FORFEIT,A,,REVEAL,41452,0,0,,
2214,1901,cup,kitsune,RYUBOT,783,1240,COMBAT,A,KO,,41490,2,9,42,0
2215,1902,cup,PI-AGENT,EVO-GEM,845,1211,COMBAT,A,HP,,41544,3,18,22,18
2216,1900,cup,tanuki,KEN.EXE,852,1184,COMBAT,B,KO,,41546,3,18,0,34
2217,1901,cup,kitsune,RYUBOT,783,1240,COMBAT,A,KO,,41572,3,17,26,0
2218,1907,ranked,EVO-DS3,raiju,807,931,COMBAT,B,KO,,41587,3,15,0,22
2219,1908,ranked,kappa,EVO-DS,1401,1454,COMBAT,B,KO,,41579,2,12,0,20
2220,1902,cup,PI-AGENT,EVO-GEM,845,1211,COMBAT,B,KO,,41625,3,13,0,34
2221,1909,ranked,GEM-LITE,QWEN-235,795,600,FORFEIT,A,,REVEAL,41608,1,6,74,92
2222,1910,ranked,GEM-LITE,EVO-DS3,804,795,COMBAT,A,KO,,41696,3,14,52,0
2223,1911,ranked,PI-AGENT,raiju,845,943,COMBAT,B,KO,,41711,3,17,0,56
2224,1912,ranked,kappa,EVO-DS,1387,1468,COMBAT,A,KO,,41695,2,11,4,0
2225,1913,ranked,RYUBOT,kirin,1240,1097,COMBAT,A,KO,,41731,2,11,60,0
2226,1914,ranked,tanuki,EVO-DS3,852,780,COMBAT,B,HP,,41783,3,18,28,66
2227,1915,duel,EVO-GEM2,baku,1000,1000,COMBAT,B,KO,,41787,3,17,0,4
2228,1916,ranked,GEM-LITE,PI-AGENT,819,833,COMBAT,B,HP,,41800,3,18,8,44
2229,1917,ranked,kirin,raiju,1086,955,COMBAT,A,KO,,41830,2,12,16,0
2230,1915,duel,EVO-GEM2,baku,1000,1000,COMBAT,A,KO,,41841,2,11,56,0
2231,1918,ranked,tanuki,PI-AGENT,834,848,COMBAT,A,HP,,41887,3,18,34,16
2232,1919,ranked,GEM-LITE,EVO-DS3,804,798,COMBAT,A,KO,,41885,3,14,40,0
2233,1920,ranked,EVO-DS,RYUBOT,1450,1251,COMBAT,,DOUBLE_KO,,41900,3,13,0,0
2234,1915,duel,EVO-GEM2,baku,1000,1000,COMBAT,B,KO,,41897,2,12,0,8
2235,1921,ranked,tanuki,raiju,850,944,COMBAT,B,KO,,41974,3,13,0,40
2236,1922,ranked,PI-AGENT,EVO-DS3,832,783,COMBAT,A,KO,,41976,3,13,28,0
2237,1915,duel,EVO-GEM2,baku,1000,1000,COMBAT,A,KO,,41981,3,13,10,0
2238,1923,ranked,GEM-LITE,tanuki,819,838,COMBAT,B,KO,,42060,3,17,0,56
2239,1924,ranked,kappa,RYUBOT,1405,1257,COMBAT,A,KO,,42033,2,8,42,0
2240,1915,duel,EVO-GEM2,baku,1000,1000,COMBAT,A,KO,,42063,3,15,24,0
2241,1925,duel,EVO-DS2,tengu,1000,1000,COMBAT,B,KO,,42059,2,12,0,38
2242,1926,ranked,kirin,raiju,1097,956,COMBAT,A,KO,,42079,2,12,16,0
2243,1927,ranked,PI-AGENT,EVO-DS3,846,769,COMBAT,B,HP,,42118,3,18,20,24
2244,1925,duel,EVO-DS2,tengu,1000,1000,COMBAT,A,KO,,42143,3,16,4,0
2245,1928,ranked,tanuki,raiju,853,945,COMBAT,A,KO,,42168,3,18,10,0
2246,1929,ranked,EVO-DS,RYUBOT,1444,1246,COMBAT,B,KO,,42171,2,12,0,10
2247,1930,ranked,GEM-LITE,PI-AGENT,804,828,COMBAT,B,HP,,42204,3,18,20,22
2248,1925,duel,EVO-DS2,tengu,1000,1000,COMBAT,B,HP,,42224,3,18,4,42
2249,1931,ranked,tanuki,EVO-DS3,871,787,COMBAT,A,KO,,42225,2,12,34,0
2250,1932,ranked,PI-AGENT,raiju,843,927,COMBAT,,DOUBLE_KO,,42290,3,13,0,0
2251,1933,ranked,kappa,RYUBOT,1416,1268,COMBAT,A,KO,,42270,2,7,62,0
2252,1934,ranked,GEM-LITE,tanuki,789,884,COMBAT,A,KO,,42284,2,10,86,0
2253,1935,ranked,GEM-LITE,EVO-DS3,808,774,FORFEIT,B,,REVEAL,42379,2,12,26,40
2254,1936,ranked,tanuki,PI-AGENT,865,845,COMBAT,A,HP,,42381,3,18,32,8
2255,1937,duel,tengu,baku,1000,1000,COMBAT,A,KO,,42388,3,13,50,0
2256,1938,ranked,RYUBOT,kirin,1257,1108,COMBAT,A,HP,,42395,3,18,16,14
2257,1939,ranked,tanuki,raiju,880,925,COMBAT,B,KO,,42467,3,13,0,30
2258,1937,duel,tengu,baku,1000,1000,COMBAT,A,HP,,42472,3,18,46,4
2259,1940,ranked,PI-AGENT,EVO-DS3,830,791,COMBAT,A,HP,,42471,3,18,20,14
2260,1937,duel,tengu,baku,1000,1000,COMBAT,B,KO,,42557,3,17,0,12
2261,1941,ranked,PI-AGENT,raiju,844,939,COMBAT,B,KO,,42531,2,11,0,54
2262,1942,ranked,tanuki,EVO-DS3,866,777,COMBAT,B,KO,,42559,3,13,0,2
2263,1943,ranked,kappa,RYUBOT,1427,1268,COMBAT,A,KO,,42535,2,10,18,0
2264,1937,duel,tengu,baku,1000,1000,COMBAT,B,KO,,42640,3,17,0,6
2265,1944,ranked,tanuki,PI-AGENT,848,832,COMBAT,,HP_TIE,,42647,3,18,52,52
2266,1945,ranked,kirin,raiju,1097,951,COMBAT,A,KO,,42630,2,12,16,0
2267,1946,duel,EVO-DS2,EVO-GEM2,1000,1000,COMBAT,B,KO,,42688,3,15,0,24
2268,1947,ranked,EVO-DS,RYUBOT,1422,1258,COMBAT,A,KO,,42703,3,14,2,0
2269,1948,ranked,GEM-LITE,EVO-DS3,791,795,COMBAT,B,HP,,42703,3,18,8,36
2270,1937,duel,tengu,baku,1000,1000,COMBAT,A,KO,,42722,3,13,44,0
2271,1949,ranked,tanuki,raiju,848,940,COMBAT,B,KO,,42734,3,15,0,34
2272,1950,cup,oni,KEN.EXE,1342,1184,COMBAT,A,KO,,42763,3,17,66,0
2273,1951,cup,kitsune,EVO-GEM,783,1211,COMBAT,B,KO,,42762,3,13,0,62
2274,1946,duel,EVO-DS2,EVO-GEM2,1000,1000,COMBAT,B,KO,,42770,3,15,0,18
2275,1952,ranked,GEM-LITE,PI-AGENT,776,832,FORFEIT,B,,REVEAL,42800,2,12,48,38
2276,1953,ranked,tanuki,EVO-DS3,835,810,COMBAT,B,KO,,42821,3,18,0,36
2277,1954,ranked,RYUBOT,kirin,1248,1108,COMBAT,B,KO,,42803,2,12,0,10
2278,1951,cup,kitsune,EVO-GEM,783,1211,COMBAT,B,KO,,42818,2,10,0,30
2279,1950,cup,oni,KEN.EXE,1342,1184,COMBAT,A,KO,,42843,3,17,30,0
2280,1946,duel,EVO-DS2,EVO-GEM2,1000,1000,COMBAT,B,KO,,42856,3,13,0,34
2281,1955,ranked,PI-AGENT,EVO-DS3,846,826,COMBAT,B,HP,,42904,3,18,26,88
2282,1956,ranked,kirin,KEN.EXE,1128,1184,COMBAT,B,HP,,42930,3,18,2,12
2283,1957,ranked,tanuki,kitsune,819,783,COMBAT,B,HP,,42933,3,18,30,36
2284,1958,duel,EVO-GEM2,tengu,1000,1000,COMBAT,B,KO,,42984,3,13,0,4
2285,1959,ranked,RYUBOT,KEN.EXE,1228,1198,COMBAT,A,KO,,43018,3,13,14,0
2286,1960,ranked,tanuki,EVO-DS3,802,842,COMBAT,B,HP,,43019,3,18,16,48
2287,1961,ranked,PI-AGENT,kitsune,830,800,COMBAT,A,KO,,43018,3,18,18,0
2288,1962,ranked,kirin,KEN.EXE,1114,1183,COMBAT,B,KO,,43106,3,17,0,8
2289,1963,ranked,EVO-DS3,raiju,856,953,COMBAT,A,KO,,43079,2,12,4,0
2290,1964,ranked,tanuki,kitsune,788,785,COMBAT,B,KO,,43108,3,15,0,80
2291,1965,ranked,PI-AGENT,EVO-DS3,845,875,COMBAT,B,HP,,43167,3,18,8,28
2292,1966,ranked,EVO-DS,RYUBOT,1432,1243,COMBAT,A,KO,,43187,3,15,14,0
2293,1967,ranked,kitsune,raiju,801,934,COMBAT,B,KO,,43233,3,13,0,10
2294,1968,ranked,kirin,KEN.EXE,1101,1196,COMBAT,B,HP,,43250,3,18,12,28
2295,1969,ranked,tanuki,PI-AGENT,772,830,COMBAT,B,KO,,43228,2,11,0,86
2296,1970,ranked,kappa,EVO-DS,1437,1441,COMBAT,B,KO,,43255,2,10,0,20
2297,1971,duel,EVO-DS2,EVO-GEM2,1000,1000,COMBAT,A,KO,,43258,2,12,22,0
2298,1972,ranked,PI-AGENT,EVO-DS3,844,890,COMBAT,B,KO,,43314,3,16,0,32
2299,1973,ranked,GEM-LITE,tanuki,762,758,FORFEIT,B,,REVEAL,43324,2,12,40,54
2300,1974,ranked,QWEN-235,ronin,591,458,FORFEIT,A,,COMMIT,43272,0,0,,
2301,1975,ranked,RYUBOT,KEN.EXE,1234,1208,COMBAT,A,KO,,43334,3,14,4,0
2302,1976,ranked,kirin,raiju,1089,945,COMBAT,A,KO,,43352,2,12,16,0
2303,1977,ranked,kappa,EVO-DS,1422,1456,COMBAT,B,KO,,43376,2,12,0,12
2304,1978,ranked,PI-AGENT,kitsune,830,790,COMBAT,B,HP,,43401,3,18,6,24
2305,1979,ranked,EVO-DS3,raiju,904,934,COMBAT,B,KO,,43438,3,13,0,10
2306,1980,ranked,kirin,KEN.EXE,1100,1193,COMBAT,B,KO,,43439,3,16,0,8
2307,1981,ranked,tanuki,PI-AGENT,774,813,COMBAT,A,KO,,43483,3,15,42,0
2308,1982,ranked,kappa,EVO-DS,1408,1470,COMBAT,,DOUBLE_KO,,43491,2,12,0,0
2309,1983,ranked,kitsune,EVO-DS3,807,889,COMBAT,A,KO,,43523,3,16,44,0
2310,1984,ranked,RYUBOT,KEN.EXE,1249,1206,COMBAT,A,KO,,43524,3,16,74,0
2311,1985,ranked,kirin,raiju,1087,949,COMBAT,A,KO,,43538,2,12,16,0
2312,1986,duel,EVO-DS2,tengu,1000,1000,COMBAT,B,KO,,43558,2,12,0,60
2313,1987,ranked,PI-AGENT,kitsune,796,825,COMBAT,B,HP,,43610,3,18,20,40
2314,1988,ranked,tanuki,EVO-DS3,791,871,COMBAT,B,KO,,43612,3,16,0,40
2315,1989,ranked,kirin,KEN.EXE,1098,1192,COMBAT,B,KO,,43624,3,16,0,52
2316,1990,ranked,kappa,EVO-DS,1409,1469,COMBAT,B,KO,,43633,3,13,0,14
2317,1986,duel,EVO-DS2,tengu,1000,1000,COMBAT,A,KO,,43642,3,18,14,0
2318,1991,ranked,QWEN-235,ronin,602,447,FORFEIT,B,,REVEAL,43664,1,6,74,62
2319,1992,ranked,kitsune,raiju,840,938,COMBAT,,DOUBLE_KO,,43698,3,15,0,0
2320,1993,ranked,GEM-LITE,PI-AGENT,746,781,COMBAT,B,HP,,43700,3,18,2,10
2321,1994,ranked,RYUBOT,KEN.EXE,1263,1204,COMBAT,A,KO,,43711,3,13,6,0
2322,1986,duel,EVO-DS2,tengu,1000,1000,COMBAT,B,HP,,43725,3,18,6,36
2323,1995,ranked,tanuki,EVO-DS3,778,884,COMBAT,B,HP,,43753,3,18,24,32
2324,1996,ranked,kappa,EVO-DS,1395,1483,COMBAT,A,KO,,43750,2,8,18,0
2325,1997,ranked,PI-AGENT,kitsune,795,843,COMBAT,B,HP,,43787,3,18,20,30
2326,1986,duel,EVO-DS2,tengu,1000,1000,COMBAT,B,KO,,43780,2,11,0,44
2327,1998,ranked,kirin,KEN.EXE,1086,1190,COMBAT,B,HP,,43840,3,18,28,36
2328,1999,ranked,EVO-DS3,raiju,896,935,COMBAT,B,KO,,43838,3,15,0,4
2329,2000,ranked,GEM-LITE,tanuki,732,766,COMBAT,B,KO,,43838,3,16,0,26
2330,2001,ranked,kappa,RYUBOT,1413,1277,COMBAT,,DOUBLE_KO,,43874,3,13,0,0
2331,2002,duel,EVO-GEM2,baku,1000,1000,COMBAT,A,HP,,43886,3,18,14,4
2332,2003,ranked,GEM-LITE,PI-AGENT,718,781,COMBAT,A,HP,,43924,3,18,74,40
2333,2004,ranked,kitsune,raiju,857,949,COMBAT,B,KO,,43896,2,11,0,8
2334,2005,ranked,kappa,EVO-DS,1409,1465,COMBAT,B,KO,,43962,3,13,0,26
2335,2006,ranked,RYUBOT,KEN.EXE,1281,1202,COMBAT,A,KO,,43962,3,13,54,0
2336,2007,ranked,tanuki,EVO-DS3,780,882,COMBAT,A,HP,,43964,3,18,80,48
2337,2002,duel,EVO-GEM2,baku,1000,1000,COMBAT,A,KO,,43969,3,13,20,0
2338,2008,ranked,PI-AGENT,kitsune,763,844,COMBAT,B,HP,,44010,3,18,14,24
2339,2009,ranked,kirin,raiju,1074,962,COMBAT,A,KO,,43993,2,12,16,0
2340,2010,ranked,QWEN-235,ronin,582,467,DOUBLE_FAULT,,,REVEAL,44029,1,6,50,74
2341,2011,ranked,GEM-LITE,tanuki,736,799,COMBAT,B,HP,,44049,3,18,36,54
2342,2012,cup,oni,EVO-GEM,1342,1211,COMBAT,A,KO,,44034,2,9,16,0
2343,2013,ranked,EVO-DS3,raiju,863,950,COMBAT,B,KO,,44055,2,11,0,54
2344,2014,ranked,kappa,RYUBOT,1395,1294,COMBAT,,DOUBLE_KO,,44088,3,15,0,0
2345,2012,cup,oni,EVO-GEM,1342,1211,COMBAT,A,KO,,44089,2,9,16,0
2346,2015,ranked,kirin,KEN.EXE,1086,1189,COMBAT,B,HP,,44115,3,18,6,16
2347,2016,ranked,GEM-LITE,PI-AGENT,723,750,COMBAT,B,HP,,44134,3,18,10,36
2348,2017,ranked,tanuki,kitsune,812,857,COMBAT,A,KO,,44139,3,16,38,0
2349,2012,cup,oni,EVO-GEM,1342,1211,COMBAT,A,KO,,44145,2,9,16,0
2350,2018,duel,tengu,baku,1000,1000,COMBAT,A,KO,,44187,3,16,10,0
2351,2019,ranked,EVO-DS3,raiju,850,963,COMBAT,B,KO,,44172,2,11,0,42
2352,2020,ranked,RYUBOT,KEN.EXE,1297,1201,COMBAT,,HP_TIE,,44202,3,18,10,10
2353,2021,ranked,tanuki,PI-AGENT,829,765,COMBAT,B,HP,,44225,3,18,38,60
2354,2022,ranked,kirin,raiju,1074,975,COMBAT,A,KO,,44231,2,12,16,0
2355,2023,ranked,kitsune,EVO-DS3,840,838,COMBAT,A,HP,,44259,3,18,26,12
2356,2018,duel,tengu,baku,1000,1000,COMBAT,A,KO,,44243,2,11,62,0
2357,2024,ranked,GEM-LITE,PI-AGENT,708,783,COMBAT,,HP_TIE,,44316,3,18,12,12
2358,2018,duel,tengu,baku,1000,1000,COMBAT,A,KO,,44325,3,13,78,0
2359,2025,ranked,kirin,raiju,1086,963,COMBAT,A,KO,,44348,2,12,16,0
2360,2026,ranked,kitsune,EVO-DS3,855,823,COMBAT,A,KO,,44404,3,14,70,0
2361,2027,ranked,GEM-LITE,QWEN-235,710,582,FORFEIT,A,,REVEAL,44422,1,6,52,74
2362,2028,cup,tanuki,KEN.EXE,811,1204,COMBAT,A,HP,,44446,3,18,32,18
2363,2029,duel,EVO-GEM2,tengu,1000,1000,COMBAT,B,KO,,44463,2,10,0,30
2364,2030,ranked,PI-AGENT,kitsune,781,869,COMBAT,B,KO,,44491,3,13,0,36
2365,2031,ranked,kirin,raiju,1098,951,COMBAT,A,KO,,44463,2,12,16,0
2366,2032,ranked,GEM-LITE,EVO-DS3,721,809,FORFEIT,B,,REVEAL,44515,2,12,60,58
2367,2028,cup,tanuki,KEN.EXE,811,1204,COMBAT,B,KO,,44530,3,14,0,6
2368,2029,duel,EVO-GEM2,tengu,1000,1000,COMBAT,B,KO,,44519,2,11,0,8
2369,2033,ranked,kitsune,raiju,882,940,COMBAT,B,KO,,44578,3,13,0,28
2370,2034,ranked,PI-AGENT,EVO-DS3,768,822,COMBAT,A,HP,,44602,3,18,40,30
2371,2028,cup,tanuki,KEN.EXE,811,1204,COMBAT,A,HP,,44611,3,18,14,4
2372,2035,ranked,kitsune,EVO-DS3,868,805,COMBAT,B,KO,,44692,3,18,0,56
2373,2036,ranked,kirin,KEN.EXE,1109,1204,COMBAT,A,KO,,44697,3,13,14,0
2374,2037,ranked,PI-AGENT,raiju,785,954,COMBAT,A,KO,,44772,3,14,26,0
2375,2038,duel,EVO-DS2,baku,1000,1000,COMBAT,A,KO,,44785,3,18,36,0
2376,2039,ranked,kitsune,EVO-DS3,850,823,COMBAT,A,HP,,44835,3,18,38,32
2377,2040,ranked,kirin,KEN.EXE,1128,1185,COMBAT,B,KO,,44843,3,16,0,24
2378,2041,ranked,GEM-LITE,PI-AGENT,708,806,COMBAT,A,HP,,44858,3,18,66,62
2379,2038,duel,EVO-DS2,baku,1000,1000,COMBAT,B,HP,,44868,3,18,16,38
2380,2042,ranked,kitsune,raiju,865,933,COMBAT,B,KO,,44922,3,13,0,2
2381,2043,ranked,GEM-LITE,EVO-DS3,727,808,COMBAT,A,KO,,44943,3,18,50,0
2382,2038,duel,EVO-DS2,baku,1000,1000,COMBAT,A,HP,,44949,3,18,46,30
2383,2044,ranked,kappa,KEN.EXE,1392,1199,COMBAT,A,KO,,44983,2,12,18,0
2384,2045,ranked,PI-AGENT,kitsune,787,852,COMBAT,B,HP,,45013,3,18,6,10
2385,2046,duel,EVO-DS2,EVO-GEM2,1000,1000,COMBAT,B,HP,,45087,3,18,4,40
2386,2047,ranked,GEM-LITE,EVO-DS3,745,790,COMBAT,,HP_TIE,,45085,3,18,20,20
2387,2048,ranked,kitsune,raiju,865,946,COMBAT,A,KO,,45098,3,16,8,0
2388,2046,duel,EVO-DS2,EVO-GEM2,1000,1000,COMBAT,B,KO,,45170,3,13,0,52
2389,2049,ranked,GEM-LITE,PI-AGENT,746,774,COMBAT,A,HP,,45174,3,18,46,4
2390,2050,ranked,kitsune,EVO-DS3,883,789,COMBAT,A,HP,,45185,3,18,60,26
2391,2051,ranked,kitsune,raiju,895,928,COMBAT,B,KO,,45272,3,15,0,32
2392,2052,ranked,PI-AGENT,EVO-DS3,758,777,COMBAT,A,HP,,45269,3,18,74,48
2393,2053,ranked,GEM-LITE,EVO-DS3,762,761,COMBAT,A,HP,,45356,3,18,68,50
2394,2054,duel,tengu,baku,1000,1000,COMBAT,A,HP,,45386,3,18,64,40
2395,2055,ranked,PI-AGENT,raiju,774,942,COMBAT,B,KO,,45437,3,13,0,14
2396,2054,duel,tengu,baku,1000,1000,COMBAT,A,HP,,45468,3,18,48,4
2397,2056,ranked,GEM-LITE,kitsune,777,881,COMBAT,B,HP,,45484,3,18,16,28
2398,2057,ranked,PI-AGENT,EVO-DS3,764,746,COMBAT,B,HP,,45522,3,18,14,20
2399,2058,ranked,GEM-LITE,EVO-DS3,765,762,FORFEIT,B,,REVEAL,45615,2,12,62,70
2400,2059,ranked,kappa,EVO-DS,1401,1479,COMBAT,B,KO,,45655,2,9,0,18
2401,2060,ranked,kitsune,raiju,893,952,COMBAT,B,KO,,45684,3,13,0,24
2402,2061,ranked,kirin,KEN.EXE,1114,1190,COMBAT,B,KO,,45682,3,16,0,16
2403,2062,duel,EVO-GEM2,tengu,1000,1000,COMBAT,B,KO,,45661,2,9,0,22
2404,2063,ranked,PI-AGENT,EVO-DS3,748,778,COMBAT,B,HP,,45703,3,18,22,46
2405,2062,duel,EVO-GEM2,tengu,1000,1000,COMBAT,B,KO,,45719,2,10,0,30
2406,2064,cup,oni,tanuki,1342,811,COMBAT,A,KO,,45748,3,13,30,0
2407,2065,cup,RYUBOT,EVO-GEM,1294,1211,COMBAT,,DOUBLE_KO,,45720,2,10,0,0
2408,2066,ranked,QWEN-235,ronin,571,467,FORFEIT,A,,REVEAL,45708,0,0,,
2409,2067,ranked,kitsune,EVO-DS3,879,793,COMBAT,B,KO,,45790,3,14,0,42
2410,2068,ranked,kappa,EVO-DS,1388,1492,COMBAT,A,KO,,45769,2,8,18,0
2411,2062,duel,EVO-GEM2,tengu,1000,1000,COMBAT,B,KO,,45774,2,10,0,40
2412,2065,cup,RYUBOT,EVO-GEM,1294,1211,COMBAT,A,KO,,45774,2,10,8,0
2413,2069,ranked,kirin,raiju,1101,966,COMBAT,A,KO,,45783,2,12,16,0
2414,2064,cup,oni,tanuki,1342,811,COMBAT,A,KO,,45801,2,11,12,0
2415,2070,ranked,PI-AGENT,QWEN-235,733,583,FORFEIT,A,,REVEAL,45815,1,6,66,70
2416,2065,cup,RYUBOT,EVO-GEM,1294,1211,COMBAT,A,KO,,45856,3,13,26,0
2417,2071,ranked,kirin,KEN.EXE,1112,1203,COMBAT,B,HP,,45871,3,18,34,52
2418,2072,ranked,kitsune,raiju,861,955,COMBAT,A,KO,,45848,2,12,26,0
2419,2073,ranked,PI-AGENT,EVO-DS3,744,811,COMBAT,A,KO,,45903,3,17,56,0
2420,2074,ranked,kappa,EVO-DS,1407,1473,COMBAT,B,KO,,45886,2,11,0,14
2421,2075,ranked,tanuki,kitsune,811,880,COMBAT,B,HP,,45943,3,18,8,36
2422,2076,ranked,EVO-GEM,KEN.EXE,1211,1216,COMBAT,A,KO,,45959,3,13,66,0
2423,2077,duel,tengu,baku,1000,1000,COMBAT,B,HP,,45986,3,18,36,40
2424,2078,ranked,GEM-LITE,EVO-DS3,749,793,COMBAT,B,HP,,45991,3,18,30,40
2425,2079,ranked,kitsune,raiju,893,936,COMBAT,A,KO,,46031,3,16,18,0
2426,2080,ranked,kappa,EVO-DS,1394,1486,COMBAT,B,KO,,46002,2,7,0,36
2427,2081,ranked,tanuki,PI-AGENT,798,762,COMBAT,B,HP,,46032,3,18,38,70
2428,2077,duel,tengu,baku,1000,1000,COMBAT,A,HP,,46073,3,18,66,2
2429,2082,ranked,kirin,KEN.EXE,1099,1200,COMBAT,B,HP,,46087,3,18,6,20
2430,2083,ranked,GEM-LITE,PI-AGENT,735,779,COMBAT,A,HP,,46119,3,18,52,22
2431,2084,ranked,tanuki,EVO-DS3,781,807,COMBAT,A,HP,,46118,3,18,30,18
2432,2085,ranked,kappa,EVO-DS,1381,1499,COMBAT,B,KO,,46119,2,9,0,14
2433,2077,duel,tengu,baku,1000,1000,COMBAT,A,KO,,46152,3,13,70,0
2434,2086,ranked,EVO-GEM,KEN.EXE,1227,1212,COMBAT,A,KO,,46174,3,17,66,0
2435,2087,ranked,kitsune,raiju,910,919,COMBAT,A,KO,,46176,3,16,8,0
2436,2088,ranked,QWEN-235,ronin,572,455,FORFEIT,A,,REVEAL,46132,0,0,,
2437,2089,ranked,GEM-LITE,EVO-DS3,752,791,COMBAT,A,HP,,46207,3,18,70,8
2438,2090,ranked,tanuki,PI-AGENT,797,762,COMBAT,A,HP,,46208,3,18,38,12
2439,2091,ranked,kappa,EVO-DS,1369,1511,COMBAT,A,KO,,46234,2,10,38,0
2440,2092,duel,EVO-GEM2,tengu,1000,1000,COMBAT,B,KO,,46260,2,11,0,26
2441,2093,ranked,tanuki,raiju,811,903,COMBAT,B,KO,,46298,3,17,0,18
2442,2094,ranked,PI-AGENT,EVO-DS3,748,774,COMBAT,B,HP,,46298,3,18,36,38
2443,2095,ranked,kirin,KEN.EXE,1087,1197,COMBAT,B,KO,,46302,3,18,0,24
2444,2092,duel,EVO-GEM2,tengu,1000,1000,COMBAT,B,KO,,46315,2,10,0,30
2445,2096,ranked,kappa,EVO-GEM,1389,1242,COMBAT,A,KO,,46335,2,9,12,0
2446,2097,ranked,GEM-LITE,QWEN-235,769,584,FORFEIT,A,,REVEAL,46356,1,6,70,92
2447,2098,ranked,kitsune,raiju,926,916,COMBAT,B,KO,,46379,3,15,0,36
2448,2099,ranked,tanuki,PI-AGENT,798,733,COMBAT,B,KO,,46386,3,15,0,34
2449,2100,ranked,EVO-GEM,KEN.EXE,1231,1209,COMBAT,A,KO,,46394,2,10,2,0
2450,2101,ranked,GEM-LITE,EVO-DS3,779,789,COMBAT,B,HP,,46443,3,18,34,50
2451,2102,ranked,kirin,raiju,1075,932,COMBAT,A,KO,,46480,2,12,16,0
2452,2103,ranked,tanuki,kitsune,780,910,COMBAT,B,HP,,46512,3,18,18,20
2453,2104,ranked,GEM-LITE,PI-AGENT,764,751,COMBAT,B,HP,,46529,3,18,46,70
2454,2105,ranked,EVO-GEM,KEN.EXE,1246,1194,COMBAT,B,HP,,46540,3,18,12,18
2455,2106,duel,EVO-DS2,EVO-GEM2,1000,1000,COMBAT,A,KO,,46561,2,10,40,0
2456,2107,ranked,tanuki,EVO-DS3,769,804,COMBAT,A,KO,,46599,3,16,28,0
2457,2108,ranked,kitsune,raiju,921,921,COMBAT,B,HP,,46598,3,18,4,8
2458,2106,duel,EVO-DS2,EVO-GEM2,1000,1000,COMBAT,B,KO,,46643,3,15,0,10
2459,2109,ranked,kirin,KEN.EXE,1086,1211,COMBAT,B,HP,,46667,3,18,18,48
2460,2110,ranked,GEM-LITE,PI-AGENT,748,767,COMBAT,A,HP,,46674,3,18,20,6
2461,2111,ranked,QWEN-235,ronin,574,443,FORFEIT,A,,REVEAL,46676,0,0,,
2462,2106,duel,EVO-DS2,EVO-GEM2,1000,1000,COMBAT,B,KO,,46725,3,13,0,58
2463,2112,ranked,kitsune,EVO-DS3,905,787,COMBAT,B,HP,,46726,3,18,6,8
2464,2113,ranked,kappa,EVO-GEM,1400,1229,COMBAT,A,KO,,46715,2,9,12,0
2465,2114,ranked,GEM-LITE,tanuki,764,786,COMBAT,A,HP,,46759,3,18,36,20
2466,2115,ranked,kirin,raiju,1074,937,COMBAT,A,KO,,46768,2,12,16,0
2467,2116,ranked,EVO-GEM,KEN.EXE,1219,1223,COMBAT,A,KO,,46803,3,13,30,0
2468,2117,ranked,PI-AGENT,EVO-DS3,751,806,COMBAT,A,HP,,46813,3,18,28,18
2469,2118,ranked,tanuki,kitsune,770,886,COMBAT,B,KO,,46886,3,14,0,10
2470,2119,duel,EVO-DS2,baku,1000,1000,COMBAT,A,HP,,46888,3,18,20,14
2471,2120,ranked,GEM-LITE,raiju,780,926,COMBAT,B,KO,,46893,3,15,0,40
2472,2121,ranked,kirin,KEN.EXE,1085,1207,COMBAT,A,HP,,46929,3,18,36,28
2473,2122,ranked,PI-AGENT,EVO-DS3,768,789,COMBAT,,HP_TIE,,46958,3,18,18,18
2474,2119,duel,EVO-DS2,baku,1000,1000,COMBAT,A,HP,,46969,3,18,46,36
2475,2123,ranked,kappa,EVO-GEM,1410,1235,COMBAT,A,KO,,46944,2,9,12,0
2476,2124,ranked,GEM-LITE,tanuki,769,758,COMBAT,A,HP,,46978,3,18,78,26
2477,2125,ranked,EVO-GEM,KEN.EXE,1225,1188,COMBAT,B,KO,,47003,2,12,0,8
2478,2126,cup,oni,RYUBOT,1342,1294,COMBAT,A,KO,,47021,2,11,6,0
2479,2119,duel,EVO-DS2,baku,1000,1000,COMBAT,B,HP,,47054,3,18,50,72
2480,2127,ranked,GEM-LITE,PI-AGENT,784,768,COMBAT,B,HP,,47064,3,18,26,40
2481,2128,ranked,tanuki,EVO-DS3,743,789,COMBAT,A,KO,,47071,3,16,48,0
2482,2129,ranked,kirin,raiju,1104,937,COMBAT,A,KO,,47066,2,12,16,0
2483,2126,cup,oni,RYUBOT,1342,1294,COMBAT,A,KO,,47075,2,11,24,0
2484,2119,duel,EVO-DS2,baku,1000,1000,COMBAT,A,HP,,47136,3,18,60,20
2485,2130,ranked,kirin,EVO-GEM,1114,1208,COMBAT,B,KO,,47128,2,10,0,20
2486,2126,cup,oni,RYUBOT,1342,1294,COMBAT,,DOUBLE_KO,,47157,3,13,0,0
2487,2131,ranked,GEM-LITE,tanuki,768,760,FORFEIT,B,,REVEAL,47138,1,6,78,80
2488,2132,ranked,PI-AGENT,EVO-DS3,784,772,COMBAT,B,KO,,47159,3,16,0,52
2489,2133,duel,EVO-GEM2,tengu,1000,1000,COMBAT,B,KO,,47187,3,13,0,40
2490,2126,cup,oni,RYUBOT,1342,1294,COMBAT,,DOUBLE_KO,,47240,3,13,0,0
2491,2134,ranked,tanuki,EVO-DS3,776,788,COMBAT,B,KO,,47246,3,13,0,18
2492,2133,duel,EVO-GEM2,tengu,1000,1000,COMBAT,B,KO,,47269,3,15,0,8
2493,2135,ranked,kirin,EVO-GEM,1102,1220,COMBAT,B,KO,,47244,2,10,0,20
2494,2136,ranked,PI-AGENT,kitsune,768,898,COMBAT,A,KO,,47286,3,15,6,0
2495,2126,cup,oni,RYUBOT,1342,1294,COMBAT,A,KO,,47295,2,9,2,0
2496,2133,duel,EVO-GEM2,tengu,1000,1000,COMBAT,B,KO,,47324,2,10,0,22
2497,2137,ranked,EVO-DS3,raiju,803,927,COMBAT,B,KO,,47371,3,15,0,4
2498,2138,ranked,tanuki,PI-AGENT,761,788,COMBAT,A,KO,,47368,3,14,58,0
2499,2139,ranked,kirin,EVO-GEM,1090,1232,COMBAT,B,KO,,47358,2,10,0,20
2500,2140,ranked,kitsune,EVO-DS3,878,791,COMBAT,A,HP,,47459,3,18,44,6
2501,2141,duel,EVO-DS2,EVO-GEM2,1000,1000,COMBAT,B,KO,,47490,3,13,0,50
2502,2142,ranked,kirin,raiju,1079,939,COMBAT,A,KO,,47472,2,12,16,0
2503,2143,ranked,GEM-LITE,EVO-DS3,752,778,COMBAT,A,HP,,47548,3,18,24,2
2504,2141,duel,EVO-DS2,EVO-GEM2,1000,1000,COMBAT,,DOUBLE_KO,,47571,3,13,0,0
2505,2144,cup,tanuki,PI-AGENT,777,772,COMBAT,A,HP,,47597,3,18,26,18
2506,2145,cup,QWEN-235,EVO-GEM,585,1243,FORFEIT,B,,REVEAL,47578,1,6,44,66
2507,2146,ranked,kitsune,kirin,891,1090,COMBAT,A,KO,,47639,3,14,16,0
2508,2141,duel,EVO-DS2,EVO-GEM2,1000,1000,COMBAT,A,KO,,47655,3,14,12,0
2509,2144,cup,tanuki,PI-AGENT,777,772,COMBAT,B,KO,,47686,3,13,0,62
2510,2147,ranked,GEM-LITE,EVO-DS3,768,762,COMBAT,A,HP,,47692,3,18,36,30
2511,2141,duel,EVO-DS2,EVO-GEM2,1000,1000,COMBAT,A,KO,,47711,2,12,26,0
2512,2148,ranked,kirin,raiju,1068,928,COMBAT,A,KO,,47739,2,12,16,0
2513,2144,cup,tanuki,PI-AGENT,777,772,COMBAT,B,HP,,47769,3,18,24,62
2514,2149,duel,tengu,baku,1000,1000,COMBAT,A,KO,,47787,3,15,80,0
2515,2141,duel,EVO-DS2,EVO-GEM2,1000,1000,COMBAT,B,KO,,47766,2,11,0,32
2516,2150,ranked,GEM-LITE,kitsune,783,913,COMBAT,B,KO,,47819,3,18,0,18
2517,2141,duel,EVO-DS2,EVO-GEM2,1000,1000,COMBAT,B,KO,,47849,3,15,0,6
2518,2151,ranked,tanuki,EVO-DS3,777,747,COMBAT,A,HP,,47859,3,18,48,46
2519,2152,ranked,GEM-LITE,raiju,772,917,COMBAT,B,KO,,47943,3,15,0,50
2520,2153,ranked,kitsune,kirin,924,1079,COMBAT,A,KO,,47986,3,16,44,0
2521,2154,ranked,tanuki,EVO-DS3,792,732,COMBAT,B,HP,,48002,3,18,44,48
2522,2155,ranked,kappa,EVO-DS,1420,1491,COMBAT,B,KO,,48055,2,10,0,18
2523,2156,ranked,kitsune,raiju,944,928,COMBAT,,DOUBLE_KO,,48083,3,15,0,0
2524,2157,ranked,GEM-LITE,EVO-DS3,761,749,COMBAT,B,HP,,48086,3,18,28,54
2525,2158,duel,EVO-GEM2,tengu,1000,1000,COMBAT,B,KO,,48062,2,10,0,40
2526,2159,ranked,kirin,KEN.EXE,1059,1205,COMBAT,B,HP,,48115,3,18,2,24
2527,2158,duel,EVO-GEM2,tengu,1000,1000,COMBAT,B,KO,,48117,2,12,0,44
2528,2160,ranked,tanuki,QWEN-235,775,585,FORFEIT,A,,REVEAL,48148,1,6,78,74
2529,2161,ranked,kappa,EVO-DS,1407,1504,COMBAT,A,KO,,48171,2,10,10,0
2530,2162,ranked,kitsune,raiju,944,928,COMBAT,B,KO,,48197,2,11,0,48
2531,2163,ranked,GEM-LITE,EVO-DS3,745,765,COMBAT,B,HP,,48231,3,18,18,46
2532,2164,ranked,kirin,KEN.EXE,1048,1216,COMBAT,B,HP,,48284,3,18,22,48
2533,2165,ranked,kappa,EVO-DS,1426,1485,COMBAT,A,KO,,48287,2,9,10,0
2534,2166,ranked,tanuki,EVO-DS3,784,780,COMBAT,A,HP,,48318,3,18,48,4
2535,2167,ranked,kitsune,raiju,928,944,COMBAT,B,KO,,48343,3,13,0,74
2536,2168,duel,EVO-DS2,baku,1000,1000,COMBAT,B,HP,,48387,3,18,16,50
2537,2169,ranked,GEM-LITE,tanuki,730,799,COMBAT,B,KO,,48406,3,18,0,32
2538,2170,ranked,kirin,raiju,1038,959,COMBAT,A,KO,,48404,2,12,16,0
2539,2171,ranked,kappa,EVO-DS,1443,1468,COMBAT,B,KO,,48404,2,10,0,14
2540,2168,duel,EVO-DS2,baku,1000,1000,COMBAT,A,HP,,48471,3,18,38,26
2541,2172,ranked,kitsune,EVO-DS3,913,765,COMBAT,A,KO,,48471,3,14,46,0
2542,2173,ranked,QWEN-235,ronin,576,432,FORFEIT,A,,COMMIT,48456,0,0,,
2543,2174,ranked,tanuki,raiju,812,946,COMBAT,B,KO,,48536,3,13,0,48
2544,2175,ranked,kappa,EVO-DS,1428,1483,COMBAT,A,KO,,48521,2,11,10,0
2545,2168,duel,EVO-DS2,baku,1000,1000,COMBAT,B,HP,,48554,3,18,16,34
2546,2176,ranked,GEM-LITE,EVO-DS3,717,754,COMBAT,A,HP,,48560,3,18,56,44
2547,2177,ranked,kirin,KEN.EXE,1051,1226,COMBAT,A,HP,,48571,3,18,24,20
2548,2178,ranked,kitsune,raiju,924,957,COMBAT,B,KO,,48624,3,17,0,20
2549,2179,ranked,GEM-LITE,tanuki,734,801,COMBAT,B,HP,,48647,3,18,28,38
2550,2180,ranked,kappa,EVO-DS,1445,1466,COMBAT,B,KO,,48639,2,9,0,36
2551,2181,duel,EVO-GEM2,tengu,1000,1000,COMBAT,,DOUBLE_KO,,48685,3,13,0,0
2552,2182,ranked,QWEN-235,EVO-DS3,587,737,FORFEIT,B,,REVEAL,48668,1,6,82,88
2553,2183,ranked,kirin,KEN.EXE,1072,1205,COMBAT,B,HP,,48715,3,18,20,60
2554,2184,ranked,tanuki,kitsune,814,910,COMBAT,A,KO,,48734,3,14,50,0
2555,2185,ranked,GEM-LITE,EVO-DS3,721,748,COMBAT,A,HP,,48755,3,18,10,4
2556,2181,duel,EVO-GEM2,tengu,1000,1000,COMBAT,B,KO,,48741,2,12,0,12
2557,2186,ranked,kirin,raiju,1061,971,COMBAT,A,KO,,48774,2,12,16,0
2558,2181,duel,EVO-GEM2,tengu,1000,1000,COMBAT,B,KO,,48796,2,12,0,22
2559,2187,ranked,GEM-LITE,tanuki,737,833,COMBAT,A,HP,,48843,3,18,42,4
2560,2188,ranked,kitsune,raiju,891,958,COMBAT,A,KO,,48832,2,12,26,0
2561,2189,cup,oni,PI-AGENT,1342,772,COMBAT,A,KO,,48871,2,7,70,0
2562,2190,cup,RYUBOT,EVO-GEM,1294,1243,COMBAT,,DOUBLE_KO,,48898,3,13,0,0
2563,2191,ranked,kirin,KEN.EXE,1074,1216,COMBAT,B,KO,,48903,3,16,0,36
2564,2192,ranked,tanuki,EVO-DS3,814,732,COMBAT,,HP_TIE,,48931,3,18,62,62
2565,2189,cup,oni,PI-AGENT,1342,772,COMBAT,A,KO,,48953,3,15,36,0
2566,2193,ranked,kitsune,raiju,909,940,COMBAT,A,KO,,48974,3,14,8,0
2567,2190,cup,RYUBOT,EVO-GEM,1294,1243,COMBAT,B,KO,,48952,2,7,0,78
2568,2194,duel,EVO-DS2,EVO-GEM2,1000,1000,COMBAT,B,HP,,48985,3,18,4,42
2569,2195,ranked,GEM-LITE,EVO-DS3,756,734,COMBAT,A,KO,,49018,3,14,84,0
2570,2190,cup,RYUBOT,EVO-GEM,1294,1243,COMBAT,A,KO,,49008,2,12,8,0
2571,2194,duel,EVO-DS2,EVO-GEM2,1000,1000,COMBAT,A,KO,,49069,3,16,4,0
2572,2196,ranked,kirin,KEN.EXE,1063,1227,COMBAT,B,KO,,49070,3,15,0,8
2573,2190,cup,RYUBOT,EVO-GEM,1294,1243,COMBAT,A,KO,,49063,2,12,22,0
2574,2197,ranked,tanuki,raiju,812,924,COMBAT,B,KO,,49098,3,17,0,32
2575,2198,ranked,QWEN-235,ronin,576,421,DOUBLE_FAULT,,,REVEAL,49135,1,6,86,64
2576,2199,ranked,GEM-LITE,PI-AGENT,771,772,COMBAT,B,HP,,49151,3,18,32,40
2577,2194,duel,EVO-DS2,EVO-GEM2,1000,1000,COMBAT,A,KO,,49123,2,10,26,0
2578,2200,ranked,EVO-GEM,KEN.EXE,1243,1237,COMBAT,A,KO,,49158,3,17,14,0
2579,2201,ranked,tanuki,EVO-DS3,800,719,COMBAT,A,KO,,49184,3,17,4,0
2580,2202,ranked,kitsune,kirin,925,1053,COMBAT,A,KO,,49196,3,14,20,0
2581,2194,duel,EVO-DS2,EVO-GEM2,1000,1000,COMBAT,A,KO,,49204,3,13,8,0
2582,2203,ranked,tanuki,PI-AGENT,813,787,COMBAT,A,HP,,49271,3,18,74,42
2583,2204,ranked,GEM-LITE,EVO-DS3,756,706,COMBAT,B,KO,,49272,3,18,0,26
2584,2205,ranked,kirin,raiju,1033,936,COMBAT,A,KO,,49254,2,12,16,0
2585,2206,duel,tengu,baku,1000,1000,COMBAT,A,KO,,49291,3,13,34,0
2586,2207,ranked,EVO-GEM,KEN.EXE,1258,1222,COMBAT,B,KO,,49300,3,15,0,8
2587,2208,ranked,kitsune,kirin,945,1045,COMBAT,B,KO,,49343,3,15,0,24
2588,2209,ranked,tanuki,raiju,828,924,COMBAT,B,KO,,49332,2,11,0,20
2589,2210,ranked,PI-AGENT,EVO-DS3,772,723,COMBAT,B,HP,,49358,3,18,16,42
2590,2206,duel,tengu,baku,1000,1000,COMBAT,A,KO,,49370,3,14,24,0
2591,2211,ranked,GEM-LITE,tanuki,739,816,COMBAT,A,HP,,49418,3,18,10,4
2592,2212,ranked,EVO-GEM,KEN.EXE,1241,1239,COMBAT,B,KO,,49413,2,11,0,26
2593,2206,duel,tengu,baku,1000,1000,COMBAT,A,KO,,49452,3,17,14,0
2594,2213,ranked,kirin,raiju,1057,936,COMBAT,A,KO,,49446,2,12,16,0
2595,2214,ranked,PI-AGENT,EVO-DS3,755,740,COMBAT,B,KO,,49504,3,18,0,40
2596,2215,ranked,tanuki,kitsune,798,933,COMBAT,A,HP,,49544,3,18,62,46
2597,2216,ranked,EVO-GEM,KEN.EXE,1225,1255,COMBAT,A,KO,,49560,3,13,44,0
2598,2217,duel,EVO-GEM2,tengu,1000,1000,COMBAT,B,KO,,49586,3,13,0,8
2599,2218,ranked,GEM-LITE,PI-AGENT,757,739,COMBAT,B,HP,,49590,3,18,16,44
2600,2219,ranked,kirin,raiju,1069,924,COMBAT,A,KO,,49563,2,12,16,0
2601,2220,ranked,tanuki,EVO-DS3,818,756,COMBAT,A,HP,,49633,3,18,44,38
2602,2217,duel,EVO-GEM2,tengu,1000,1000,COMBAT,A,KO,,49666,3,13,4,0
2603,2221,ranked,EVO-GEM,KEN.EXE,1241,1239,COMBAT,A,KO,,49700,3,13,32,0
2604,2222,ranked,tanuki,kitsune,832,913,COMBAT,A,KO,,49722,3,13,46,0
2605,2223,ranked,PI-AGENT,EVO-DS3,755,742,COMBAT,B,KO,,49726,3,17,0,14
2606,2224,ranked,kirin,raiju,1080,913,COMBAT,A,KO,,49703,2,12,16,0
2607,2217,duel,EVO-GEM2,tengu,1000,1000,COMBAT,B,KO,,49720,2,11,0,30
2608,2225,ranked,tanuki,raiju,850,903,COMBAT,B,KO,,49804,3,15,0,10
2609,2226,ranked,GEM-LITE,PI-AGENT,741,739,COMBAT,B,HP,,49815,3,18,6,56
2610,2227,ranked,EVO-GEM,KEN.EXE,1256,1224,COMBAT,A,KO,,49816,2,7,58,0
2611,2228,ranked,kitsune,EVO-DS3,895,758,COMBAT,B,KO,,49855,3,13,0,64
2612,2229,duel,EVO-DS2,tengu,1000,1000,COMBAT,B,KO,,49861,2,12,0,52
2613,2230,ranked,tanuki,PI-AGENT,836,755,COMBAT,B,HP,,49903,3,18,8,24
2614,2229,duel,EVO-DS2,tengu,1000,1000,COMBAT,B,KO,,49916,2,9,0,36
2615,2231,ranked,kirin,EVO-GEM,1090,1270,COMBAT,B,KO,,49955,2,10,0,20
2616,2232,ranked,GEM-LITE,raiju,725,917,COMBAT,A,KO,,49982,3,14,18,0
2617,2233,ranked,PI-AGENT,EVO-DS3,773,778,COMBAT,B,HP,,49992,3,18,30,60
2618,2234,ranked,tanuki,kitsune,818,875,COMBAT,B,HP,,49990,3,18,28,46
2619,2235,ranked,GEM-LITE,tanuki,747,804,FORFEIT,B,,REVEAL,50059,1,6,74,74
2620,2236,ranked,kitsune,EVO-DS3,889,793,COMBAT,A,HP,,50079,3,18,48,18
2621,2237,ranked,kappa,EVO-GEM,1430,1280,COMBAT,A,KO,,50056,2,12,12,0
2622,2238,ranked,PI-AGENT,raiju,758,895,COMBAT,A,KO,,50090,2,12,44,0
2623,2239,ranked,tanuki,kitsune,818,901,COMBAT,B,HP,,50167,3,18,8,52
2624,2240,ranked,EVO-DS3,raiju,781,875,COMBAT,,DOUBLE_KO,,50174,3,13,0,0
2625,2241,duel,EVO-DS2,EVO-GEM2,1000,1000,COMBAT,,DOUBLE_KO,,50185,3,13,0,0
2626,2242,cup,oni,RYUBOT,1342,1294,COMBAT,A,KO,,50171,2,11,6,0
2627,2243,ranked,kirin,EVO-GEM,1080,1269,COMBAT,B,KO,,50196,2,10,0,20
2628,2242,cup,oni,RYUBOT,1342,1294,COMBAT,A,KO,,50226,2,7,48,0
2629,2244,ranked,tanuki,PI-AGENT,805,778,COMBAT,A,HP,,50255,3,18,16,6
2630,2241,duel,EVO-DS2,EVO-GEM2,1000,1000,COMBAT,B,HP,,50266,3,18,18,24
2631,2245,ranked,kitsune,EVO-DS3,914,784,COMBAT,A,KO,,50303,3,13,16,0
2632,2242,cup,oni,RYUBOT,1342,1294,COMBAT,A,KO,,50280,2,7,56,0
2633,2246,ranked,tanuki,raiju,820,872,COMBAT,B,KO,,50343,3,13,0,14
2634,2241,duel,EVO-DS2,EVO-GEM2,1000,1000,COMBAT,B,KO,,50350,3,13,0,50
2635,2247,ranked,kappa,EVO-GEM,1441,1278,COMBAT,A,KO,,50335,2,10,2,0
2636,2248,ranked,GEM-LITE,PI-AGENT,733,763,COMBAT,A,HP,,50383,3,18,50,22
2637,2249,ranked,EVO-DS3,raiju,773,886,COMBAT,B,KO,,50442,2,11,0,38
2638,2250,ranked,kappa,EVO-DS,1451,1481,COMBAT,,DOUBLE_KO,,50483,3,13,0,0
2639,2251,duel,EVO-DS2,baku,1000,1000,COMBAT,A,KO,,50487,3,14,8,0
2640,2252,ranked,GEM-LITE,EVO-DS3,749,761,COMBAT,B,HP,,50532,3,18,8,32
2641,2251,duel,EVO-DS2,baku,1000,1000,COMBAT,B,HP,,50569,3,18,16,66
2642,2253,cup,oni,QWEN-235,1342,576,COMBAT,B,KO,,50555,2,10,0,12
2643,2254,cup,kitsune,KEN.EXE,925,1210,COMBAT,B,KO,,50582,3,14,0,84
2644,2255,cup,PI-AGENT,RYUBOT,747,1294,COMBAT,B,KO,,50556,2,11,0,16
2645,2256,cup,tanuki,EVO-GEM,806,1268,COMBAT,B,KO,,50555,2,7,0,70
2646,2257,ranked,kirin,raiju,1071,898,COMBAT,A,KO,,50582,2,12,16,0
2647,2258,ranked,kappa,EVO-DS,1451,1481,COMBAT,A,KO,,50603,2,11,4,0
2648,2253,cup,oni,QWEN-235,1342,576,FORFEIT,A,,REVEAL,50619,1,6,74,22
2649,2256,cup,tanuki,EVO-GEM,806,1268,COMBAT,B,KO,,50637,3,13,0,12
2650,2255,cup,PI-AGENT,RYUBOT,747,1294,COMBAT,B,KO,,50611,2,11,0,64
2651,2251,duel,EVO-DS2,baku,1000,1000,COMBAT,B,KO,,50650,3,13,0,38
2652,2254,cup,kitsune,KEN.EXE,925,1210,COMBAT,B,KO,,50662,3,15,0,48
2653,2259,ranked,GEM-LITE,EVO-DS3,734,776,COMBAT,B,HP,,50678,3,18,56,60
2654,2260,ranked,kappa,EVO-DS,1467,1465,COMBAT,A,KO,,50719,2,9,14,0
2655,2261,ranked,kirin,raiju,1081,888,COMBAT,A,KO,,50723,2,12,16,0
2656,2262,ranked,tanuki,PI-AGENT,806,747,COMBAT,A,HP,,50750,3,18,36,10
2657,2263,duel,EVO-GEM2,tengu,1000,1000,COMBAT,B,KO,,50761,2,8,0,44
2658,2264,ranked,kitsune,EVO-DS3,925,790,COMBAT,A,HP,,50807,3,18,30,24
2659,2265,ranked,GEM-LITE,tanuki,720,820,COMBAT,A,KO,,50840,3,17,34,0
2660,2263,duel,EVO-GEM2,tengu,1000,1000,COMBAT,B,KO,,50817,2,9,0,44
2661,2266,ranked,kappa,EVO-DS,1482,1450,COMBAT,B,KO,,50834,2,11,0,4
2662,2267,ranked,PI-AGENT,raiju,733,879,COMBAT,B,KO,,50877,3,13,0,12
2663,2268,ranked,GEM-LITE,EVO-DS3,739,779,COMBAT,,HP_TIE,,50927,3,18,28,28
2664,2269,ranked,kitsune,raiju,936,890,COMBAT,B,KO,,50961,3,13,0,16
2665,2270,ranked,tanuki,PI-AGENT,801,722,COMBAT,B,HP,,50963,3,18,16,40
2666,2271,ranked,kappa,EVO-DS,1465,1467,COMBAT,B,KO,,50956,2,10,0,18
2667,2272,ranked,PI-AGENT,EVO-DS3,740,778,COMBAT,B,HP,,51055,3,18,30,54
2668,2273,ranked,GEM-LITE,tanuki,740,783,COMBAT,B,KO,,51050,3,13,0,26
2669,2274,ranked,QWEN-235,ronin,576,421,FORFEIT,A,,REVEAL,51016,0,0,,
2670,2275,duel,EVO-DS2,EVO-GEM2,1000,1000,COMBAT,A,KO,,51086,3,17,32,0
2671,2276,ranked,kappa,EVO-DS,1450,1482,COMBAT,B,KO,,51071,2,10,0,28
2672,2277,ranked,kitsune,raiju,919,907,COMBAT,B,HP,,51105,3,18,4,30
2673,2278,ranked,GEM-LITE,EVO-DS3,726,792,COMBAT,A,KO,,51140,3,14,66,0
2674,2279,ranked,tanuki,PI-AGENT,797,726,COMBAT,B,HP,,51146,3,18,6,30
2675,2280,ranked,PI-AGENT,EVO-DS3,744,774,COMBAT,A,HP,,51235,3,18,50,4
2676,2281,ranked,GEM-LITE,tanuki,744,779,COMBAT,B,HP,,51235,3,18,28,44
2677,2282,ranked,kitsune,raiju,903,923,COMBAT,A,KO,,51251,3,14,18,0
2678,2283,ranked,tanuki,EVO-DS3,793,758,COMBAT,B,HP,,51323,3,18,8,50
2679,2284,ranked,GEM-LITE,PI-AGENT,730,760,COMBAT,B,KO,,51324,3,17,0,28
2680,2285,duel,EVO-DS2,EVO-GEM2,1000,1000,COMBAT,B,KO,,51388,3,17,0,28
2681,2286,ranked,kitsune,raiju,919,907,COMBAT,B,KO,,51395,3,13,0,48
2682,2287,ranked,GEM-LITE,EVO-DS3,715,775,COMBAT,A,KO,,51410,3,18,38,0
2683,2288,ranked,tanuki,PI-AGENT,776,775,COMBAT,B,KO,,51382,2,9,0,54
2684,2289,ranked,QWEN-235,ronin,587,410,FORFEIT,A,,REVEAL,51388,0,0,,
2685,2290,ranked,tanuki,EVO-DS3,760,758,COMBAT,A,HP,,51495,3,18,62,24
2686,2291,ranked,GEM-LITE,PI-AGENT,732,791,COMBAT,B,HP,,51494,3,18,28,44
2687,2292,ranked,kitsune,raiju,903,923,COMBAT,A,KO,,51511,2,11,12,0
2688,2293,ranked,tanuki,PI-AGENT,775,805,COMBAT,B,HP,,51583,3,18,12,18
2689,2294,ranked,GEM-LITE,EVO-DS3,718,743,FORFEIT,B,,REVEAL,51592,2,12,62,84
2690,2295,ranked,kitsune,raiju,919,907,COMBAT,B,KO,,51654,3,13,0,48
2691,2296,ranked,PI-AGENT,EVO-DS3,820,758,COMBAT,B,HP,,51679,3,18,2,14
2692,2297,duel,EVO-DS2,tengu,1000,1000,COMBAT,B,HP,,51688,3,18,2,4
2693,2298,ranked,tanuki,EVO-DS3,760,775,COMBAT,A,HP,,51769,3,18,26,22
2694,2299,ranked,PI-AGENT,kitsune,803,903,COMBAT,A,KO,,51767,3,14,56,0
2695,2297,duel,EVO-DS2,tengu,1000,1000,COMBAT,B,KO,,51767,3,14,0,34
2696,2300,ranked,QWEN-235,ronin,597,400,FORFEIT,B,,REVEAL,51782,1,6,64,62
2697,2301,ranked,PI-AGENT,EVO-DS3,822,759,COMBAT,B,KO,,51854,3,18,0,18
2698,2302,ranked,kirin,raiju,1090,923,COMBAT,A,KO,,51835,2,12,16,0
2699,2303,cup,oni,KEN.EXE,1342,1210,COMBAT,,DOUBLE_KO,,51882,3,13,0,0
2700,2304,cup,RYUBOT,EVO-GEM,1294,1268,COMBAT,A,KO,,51881,3,14,12,0
2701,2305,ranked,tanuki,kitsune,776,884,COMBAT,A,HP,,51894,3,18,28,4
2702,2304,cup,RYUBOT,EVO-GEM,1294,1268,COMBAT,B,KO,,51937,2,10,0,34
2703,2303,cup,oni,KEN.EXE,1342,1210,COMBAT,A,KO,,51964,3,13,50,0
2704,2306,ranked,GEM-LITE,tanuki,703,795,COMBAT,B,HP,,51984,3,18,2,14
2705,2307,ranked,kitsune,EVO-DS3,865,777,COMBAT,A,HP,,51978,3,18,50,34
2706,2308,ranked,PI-AGENT,raiju,804,913,COMBAT,B,KO,,51982,3,13,0,76
2707,2309,duel,EVO-DS2,EVO-GEM2,1000,1000,COMBAT,A,HP,,51988,3,18,18,16
2708,2304,cup,RYUBOT,EVO-GEM,1294,1268,COMBAT,B,KO,,51993,2,7,0,76
2709,2303,cup,oni,KEN.EXE,1342,1210,COMBAT,,DOUBLE_KO,,52047,3,13,0,0
2710,2310,ranked,PI-AGENT,EVO-DS3,792,764,COMBAT,B,HP,,52064,3,18,18,44
2711,2309,duel,EVO-DS2,EVO-GEM2,1000,1000,COMBAT,B,KO,,52071,3,13,0,44
2712,2311,ranked,tanuki,kitsune,808,878,COMBAT,A,HP,,52070,3,18,78,58
2713,2303,cup,oni,KEN.EXE,1342,1210,COMBAT,A,HP,,52128,3,18,30,2
2714,2312,ranked,kirin,raiju,1100,925,COMBAT,A,KO,,52122,2,12,16,0
2715,2313,ranked,GEM-LITE,QWEN-235,690,575,FORFEIT,A,,REVEAL,52128,1,6,62,76
2716,2309,duel,EVO-DS2,EVO-GEM2,1000,1000,COMBAT,B,KO,,52152,3,17,0,54
2717,2314,ranked,PI-AGENT,kitsune,776,860,COMBAT,A,KO,,52158,3,17,16,0
2718,2315,ranked,tanuki,EVO-DS3,826,780,COMBAT,B,KO,,52161,3,14,0,54
2719,2316,ranked,kirin,KEN.EXE,1110,1210,COMBAT,B,HP,,52217,3,18,10,40
2720,2309,duel,EVO-DS2,EVO-GEM2,1000,1000,COMBAT,B,KO,,52238,3,15,0,2
2721,2317,ranked,GEM-LITE,PI-AGENT,702,794,FORFEIT,B,,REVEAL,52255,2,12,62,44
2722,2318,ranked,kitsune,EVO-DS3,842,797,COMBAT,B,HP,,52244,3,18,26,38
2723,2319,ranked,kappa,RYUBOT,1436,1294,COMBAT,,DOUBLE_KO,,52260,3,13,0,0
2724,2320,duel,tengu,baku,1000,1000,COMBAT,A,KO,,52289,3,13,52,0
2725,2321,ranked,tanuki,raiju,809,915,COMBAT,A,KO,,52290,3,14,4,0
2726,2322,ranked,PI-AGENT,EVO-DS3,807,814,COMBAT,A,KO,,52343,3,17,38,0
2727,2323,ranked,RYUBOT,KEN.EXE,1298,1222,COMBAT,B,KO,,52348,3,17,0,2
2728,2324,ranked,tanuki,kitsune,828,825,COMBAT,A,HP,,52386,3,18,40,16
2729,2325,ranked,EVO-DS3,raiju,798,896,COMBAT,B,KO,,52430,3,13,0,10
2730,2326,ranked,PI-AGENT,kitsune,823,810,COMBAT,A,KO,,52471,3,16,40,0
2731,2327,ranked,kirin,KEN.EXE,1098,1240,COMBAT,B,KO,,52473,3,16,0,36
2732,2328,ranked,kappa,RYUBOT,1432,1280,COMBAT,A,KO,,52513,3,13,28,0
2733,2329,ranked,tanuki,raiju,843,908,COMBAT,,DOUBLE_KO,,52512,3,13,0,0
2734,2330,ranked,kitsune,EVO-DS3,795,786,COMBAT,B,KO,,52558,3,13,0,22
2735,2331,duel,EVO-GEM2,tengu,1000,1000,COMBAT,B,KO,,52561,2,10,0,30
2736,2332,ranked,PI-AGENT,raiju,838,906,COMBAT,B,KO,,52598,3,13,0,2
2737,2333,ranked,RYUBOT,KEN.EXE,1269,1251,COMBAT,A,KO,,52603,3,14,26,0
2738,2334,ranked,GEM-LITE,kitsune,689,779,COMBAT,A,HP,,52641,3,18,22,18
2739,2331,duel,EVO-GEM2,tengu,1000,1000,COMBAT,B,KO,,52617,2,11,0,12
2740,2335,ranked,tanuki,EVO-DS3,845,802,COMBAT,A,HP,,52646,3,18,36,16
2741,2331,duel,EVO-GEM2,tengu,1000,1000,COMBAT,B,KO,,52671,2,11,0,8
2742,2336,ranked,PI-AGENT,kitsune,825,761,COMBAT,A,HP,,52727,3,18,74,6
2743,2337,ranked,kirin,KEN.EXE,1087,1236,COMBAT,B,KO,,52702,2,11,0,16
2744,2338,ranked,tanuki,raiju,859,919,COMBAT,A,KO,,52704,2,12,8,0
2745,2339,ranked,kappa,RYUBOT,1443,1284,COMBAT,,DOUBLE_KO,,52743,2,12,0,0
2746,2340,ranked,tanuki,EVO-DS3,876,788,COMBAT,A,HP,,52791,3,18,48,14
2747,2341,ranked,GEM-LITE,kitsune,707,748,COMBAT,A,HP,,52813,3,18,48,14
2748,2342,ranked,PI-AGENT,raiju,838,902,COMBAT,B,KO,,52815,3,17,0,22
2749,2343,ranked,RYUBOT,KEN.EXE,1289,1247,COMBAT,B,KO,,52830,3,18,0,20
2750,2344,ranked,kappa,EVO-DS,1438,1496,COMBAT,B,KO,,52884,3,13,0,14
2751,2345,duel,EVO-GEM2,tengu,1000,1000,COMBAT,B,KO,,52858,2,10,0,22
2752,2346,ranked,GEM-LITE,EVO-DS3,724,775,COMBAT,A,HP,,52902,3,18,86,52
2753,2347,ranked,tanuki,raiju,889,915,COMBAT,A,KO,,52875,2,11,4,0
2754,2348,ranked,PI-AGENT,kitsune,825,731,COMBAT,A,HP,,52901,3,18,44,30
2755,2345,duel,EVO-GEM2,tengu,1000,1000,COMBAT,B,KO,,52941,3,13,0,22
2756,2349,ranked,QWEN-235,ronin,563,422,FORFEIT,A,,COMMIT,52896,0,0,,
2757,2350,ranked,RYUBOT,KEN.EXE,1272,1264,COMBAT,A,KO,,52978,3,14,48,0
2758,2351,ranked,kitsune,EVO-DS3,719,758,COMBAT,B,KO,,52986,3,14,0,56
2759,2352,ranked,tanuki,PI-AGENT,905,837,COMBAT,A,HP,,52990,3,18,20,10
2760,2353,ranked,kappa,EVO-DS,1424,1510,COMBAT,A,KO,,52999,2,10,16,0
2761,2354,ranked,GEM-LITE,raiju,741,899,COMBAT,A,KO,,53044,2,9,26,0
2762,2355,ranked,PI-AGENT,EVO-DS3,824,772,COMBAT,A,HP,,53078,3,18,52,32
2763,2356,ranked,kitsune,QWEN-235,705,574,FORFEIT,A,,REVEAL,53091,1,6,66,76
2764,2357,ranked,RYUBOT,KEN.EXE,1287,1249,COMBAT,B,KO,,53122,3,17,0,28
2765,2358,ranked,tanuki,raiju,918,878,COMBAT,A,KO,,53132,3,14,14,0
2766,2359,ranked,kappa,EVO-DS,1442,1492,COMBAT,A,KO,,53115,2,10,4,0
2767,2360,ranked,GEM-LITE,PI-AGENT,762,838,COMBAT,A,HP,,53163,3,18,10,6
2768,2361,ranked,kitsune,EVO-DS3,716,758,COMBAT,A,HP,,53179,3,18,76,34
2769,2362,cup,oni,EVO-GEM,1342,1268,COMBAT,A,KO,,53155,2,9,16,0
2770,2363,duel,EVO-DS2,tengu,1000,1000,COMBAT,B,HP,,53187,3,18,2,36
2771,2362,cup,oni,EVO-GEM,1342,1268,COMBAT,A,KO,,53210,2,9,16,0
2772,2364,ranked,PI-AGENT,raiju,820,864,COMBAT,A,KO,,53221,2,11,26,0
2773,2365,ranked,tanuki,kirin,932,1076,COMBAT,B,KO,,53257,3,17,0,34
2774,2366,ranked,kappa,EVO-DS,1459,1475,COMBAT,,DOUBLE_KO,,53257,3,14,0,0
2775,2367,ranked,RYUBOT,KEN.EXE,1270,1266,COMBAT,B,KO,,53266,3,17,0,2
2776,2368,ranked,GEM-LITE,EVO-DS3,780,741,COMBAT,B,HP,,53266,3,18,20,38
2777,2363,duel,EVO-DS2,tengu,1000,1000,COMBAT,B,KO,,53272,3,16,0,36
2778,2362,cup,oni,EVO-GEM,1342,1268,COMBAT,A,KO,,53265,2,9,16,0
2779,2369,ranked,tanuki,PI-AGENT,921,837,COMBAT,B,KO,,53341,3,16,0,32
2780,2370,ranked,kitsune,raiju,733,847,COMBAT,A,KO,,53346,3,15,8,0
2781,2363,duel,EVO-DS2,tengu,1000,1000,COMBAT,B,HP,,53357,3,18,6,30
2782,2371,ranked,kappa,EVO-DS,1459,1475,COMBAT,B,KO,,53374,2,12,0,22
2783,2372,ranked,GEM-LITE,EVO-DS3,763,758,COMBAT,A,KO,,53409,3,15,56,0
2784,2373,duel,EVO-DS2,EVO-GEM2,1000,1000,COMBAT,B,KO,,53489,3,15,0,26
2785,2374,ranked,GEM-LITE,raiju,778,828,COMBAT,B,KO,,53494,3,15,0,24
2786,2375,ranked,kappa,EVO-DS,1444,1490,COMBAT,A,KO,,53491,2,10,12,0
2787,2376,cup,oni,QWEN-235,1342,563,FORFEIT,A,,REVEAL,53549,1,6,66,28
2788,2377,cup,tanuki,RYUBOT,903,1254,COMBAT,B,KO,,53540,2,11,0,64
2789,2378,cup,kitsune,KEN.EXE,752,1282,COMBAT,B,HP,,53568,3,18,10,62
2790,2379,cup,PI-AGENT,EVO-GEM,855,1268,COMBAT,B,KO,,53513,1,6,0,86
2791,2373,duel,EVO-DS2,EVO-GEM2,1000,1000,COMBAT,B,KO,,53573,3,13,0,34
2792,2380,ranked,GEM-LITE,EVO-DS3,764,743,COMBAT,A,KO,,53577,3,17,22,0
2793,2379,cup,PI-AGENT,EVO-GEM,855,1268,COMBAT,B,KO,,53569,2,10,0,38
2794,2377,cup,tanuki,RYUBOT,903,1254,COMBAT,B,KO,,53594,2,12,0,30
2795,2378,cup,kitsune,KEN.EXE,752,1282,COMBAT,B,KO,,53647,3,15,0,4
2796,2373,duel,EVO-DS2,EVO-GEM2,1000,1000,COMBAT,B,KO,,53656,3,15,0,26
2797,2381,ranked,GEM-LITE,raiju,779,842,COMBAT,B,HP,,53668,3,18,22,34
2798,2382,ranked,kitsune,EVO-DS3,752,728,COMBAT,B,HP,,53735,3,18,28,34
2799,2383,ranked,tanuki,PI-AGENT,903,855,COMBAT,B,HP,,53741,3,18,62,84
2800,2384,duel,tengu,baku,1000,1000,COMBAT,A,KO,,53789,3,14,62,0
2801,2385,ranked,GEM-LITE,raiju,766,855,COMBAT,B,HP,,53810,3,18,14,56
2802,2386,ranked,PI-AGENT,EVO-DS3,872,744,COMBAT,A,HP,,53866,3,18,18,14
2803,2387,ranked,tanuki,kitsune,886,736,COMBAT,A,KO,,53870,3,15,32,0
2804,2384,duel,tengu,baku,1000,1000,COMBAT,A,KO,,53844,2,9,76,0
2805,2388,ranked,QWEN-235,ronin,563,411,DOUBLE_FAULT,,,REVEAL,53936,1,6,78,54
2806,2389,ranked,GEM-LITE,raiju,753,868,COMBAT,A,HP,,53952,3,18,30,26
2807,2390,ranked,kitsune,EVO-DS3,725,733,COMBAT,B,HP,,53959,3,18,20,74
2808,2391,ranked,tanuki,PI-AGENT,897,883,COMBAT,A,KO,,53959,3,17,18,0
2809,2392,ranked,GEM-LITE,PI-AGENT,772,868,COMBAT,B,HP,,54047,3,18,58,66
2810,2393,ranked,tanuki,raiju,912,849,COMBAT,B,KO,,54044,3,13,0,68
2811,2394,duel,EVO-DS2,baku,1000,1000,COMBAT,B,KO,,54089,3,16,0,10
2812,2395,ranked,kitsune,EVO-DS3,710,748,COMBAT,B,HP,,54103,3,18,12,16
2813,2396,ranked,tanuki,PI-AGENT,894,880,COMBAT,A,HP,,54134,3,18,26,6
2814,2394,duel,EVO-DS2,baku,1000,1000,COMBAT,A,KO,,54171,3,15,44,0
2815,2397,ranked,GEM-LITE,raiju,760,867,COMBAT,B,KO,,54176,3,17,0,24
2816,2398,ranked,kitsune,EVO-DS3,696,762,COMBAT,B,KO,,54245,3,15,0,76
2817,2394,duel,EVO-DS2,baku,1000,1000,COMBAT,B,HP,,54254,3,18,22,24
2818,2399,ranked,tanuki,raiju,909,879,COMBAT,A,KO,,54265,3,15,4,0
2819,2400,ranked,GEM-LITE,PI-AGENT,748,865,COMBAT,B,HP,,54302,3,18,50,64
2820,2394,duel,EVO-DS2,baku,1000,1000,COMBAT,A,HP,,54338,3,18,52,14
2821,2401,ranked,EVO-DS3,raiju,775,864,COMBAT,B,HP,,54351,3,18,14,16
2822,2402,duel,EVO-GEM2,tengu,1000,1000,COMBAT,B,KO,,54362,2,11,0,12
2823,2403,ranked,GEM-LITE,kitsune,736,683,COMBAT,A,HP,,54390,3,18,54,40
2824,2404,ranked,tanuki,PI-AGENT,924,877,COMBAT,B,KO,,54388,3,17,0,8
2825,2394,duel,EVO-DS2,baku,1000,1000,COMBAT,A,HP,,54419,3,18,76,24
2826,2402,duel,EVO-GEM2,tengu,1000,1000,COMBAT,B,KO,,54417,2,9,0,26
2827,2405,ranked,GEM-LITE,EVO-DS3,750,762,COMBAT,B,KO,,54474,3,13,0,36
2828,2406,ranked,tanuki,raiju,907,877,COMBAT,A,KO,,54475,3,16,4,0
2829,2407,ranked,PI-AGENT,kirin,894,1087,COMBAT,B,KO,,54531,2,11,0,62
2830,2408,ranked,GEM-LITE,kitsune,735,669,COMBAT,A,HP,,54562,3,18,40,26
2831,2409,ranked,EVO-DS3,raiju,777,862,COMBAT,B,KO,,54564,3,13,0,30
2832,2410,ranked,tanuki,raiju,922,875,COMBAT,A,KO,,54622,2,12,30,0
2833,2411,ranked,GEM-LITE,EVO-DS3,748,764,COMBAT,B,HP,,54651,3,18,36,38
2834,2412,duel,EVO-DS2,baku,1000,1000,COMBAT,A,HP,,54685,3,18,58,46
2835,2413,ranked,PI-AGENT,raiju,885,861,COMBAT,B,KO,,54712,3,15,0,20
2836,2414,ranked,GEM-LITE,kitsune,733,656,COMBAT,B,HP,,54737,3,18,60,66
2837,2412,duel,EVO-DS2,baku,1000,1000,COMBAT,A,HP,,54767,3,18,28,20
2838,2415,ranked,tanuki,kirin,936,1096,COMBAT,B,KO,,54786,3,14,0,50
2839,2416,ranked,EVO-DS3,raiju,779,877,COMBAT,B,HP,,54802,3,18,14,46
2840,2417,cup,oni,RYUBOT,1342,1254,COMBAT,A,KO,,54840,2,9,20,0
2841,2418,cup,EVO-GEM,KEN.EXE,1268,1282,COMBAT,,DOUBLE_KO,,54840,2,10,0,0
2842,2419,ranked,GEM-LITE,kitsune,715,674,COMBAT,B,HP,,54881,3,18,16,48
2843,2420,ranked,PI-AGENT,raiju,869,889,COMBAT,B,KO,,54859,2,11,0,42
2844,2417,cup,oni,RYUBOT,1342,1254,COMBAT,B,KO,,54923,3,14,0,24
2845,2418,cup,EVO-GEM,KEN.EXE,1268,1282,COMBAT,A,KO,,54924,3,14,58,0
2846,2421,ranked,PI-AGENT,EVO-DS3,854,767,COMBAT,A,HP,,54947,3,18,100,56
2847,2422,ranked,tanuki,kirin,926,1106,COMBAT,B,KO,,54956,3,13,0,10
2848,2423,duel,EVO-DS2,baku,1000,1000,COMBAT,,HP_TIE,,54985,3,18,38,38
2849,2417,cup,oni,RYUBOT,1342,1254,COMBAT,A,KO,,54979,2,11,24,0
2850,2418,cup,EVO-GEM,KEN.EXE,1268,1282,COMBAT,A,KO,,55006,3,17,34,0
2851,2424,ranked,GEM-LITE,kitsune,698,691,COMBAT,A,HP,,55031,3,18,18,14
2852,2425,ranked,PI-AGENT,raiju,867,904,COMBAT,B,KO,,55035,3,15,0,8
2853,2423,duel,EVO-DS2,baku,1000,1000,COMBAT,B,HP,,55068,3,18,30,52
2854,2426,ranked,RYUBOT,KEN.EXE,1254,1282,COMBAT,A,HP,,55095,3,18,32,30
2855,2427,ranked,tanuki,EVO-DS3,916,754,COMBAT,A,HP,,55123,3,18,38,2
2856,2423,duel,EVO-DS2,baku,1000,1000,COMBAT,B,HP,,55152,3,18,26,54
2857,2428,ranked,GEM-LITE,PI-AGENT,713,853,COMBAT,,HP_TIE,,55164,3,18,18,18
2858,2429,ranked,kirin,raiju,1116,918,COMBAT,A,KO,,55175,2,12,16,0
2859,2430,ranked,RYUBOT,KEN.EXE,1270,1266,COMBAT,B,KO,,55215,2,10,0,12
2860,2431,ranked,GEM-LITE,kitsune,717,676,COMBAT,B,KO,,55248,3,16,0,14
2861,2432,ranked,PI-AGENT,raiju,849,909,COMBAT,B,KO,,55235,2,11,0,24
2862,2433,duel,EVO-GEM2,tengu,1000,1000,COMBAT,B,KO,,55284,3,18,0,4
2863,2434,ranked,kappa,EVO-DS,1461,1473,COMBAT,A,KO,,55259,2,11,12,0
2864,2435,ranked,tanuki,EVO-DS3,926,744,COMBAT,B,HP,,55289,3,18,18,52
2865,2436,ranked,RYUBOT,kirin,1254,1125,COMBAT,B,KO,,55343,3,14,0,14
2866,2437,ranked,kitsune,QWEN-235,693,563,FORFEIT,A,,REVEAL,55356,1,6,74,42
2867,2438,ranked,GEM-LITE,PI-AGENT,700,835,COMBAT,B,HP,,55376,3,18,8,34
2868,2439,ranked,tanuki,raiju,905,923,COMBAT,B,KO,,55375,3,13,0,44
2869,2440,ranked,kappa,EVO-DS,1477,1457,COMBAT,,DOUBLE_KO,,55375,2,10,0,0
2870,2441,ranked,RYUBOT,KEN.EXE,1234,1282,COMBAT,A,HP,,55431,3,18,22,4
2871,2442,ranked,kitsune,EVO-DS3,704,765,COMBAT,B,KO,,55446,3,17,0,26
2872,2443,ranked,PI-AGENT,raiju,846,938,COMBAT,B,KO,,55462,3,15,0,12
2873,2444,ranked,kappa,EVO-DS,1477,1457,COMBAT,B,KO,,55490,2,12,0,14
2874,2445,ranked,GEM-LITE,kitsune,689,690,COMBAT,A,HP,,55532,3,18,48,28
2875,2446,ranked,tanuki,PI-AGENT,890,833,COMBAT,A,HP,,55548,3,18,18,4
2876,2447,ranked,RYUBOT,kirin,1251,1145,COMBAT,A,KO,,55532,2,10,28,0
2877,2448,duel,EVO-GEM2,baku,1000,1000,COMBAT,B,KO,,55589,3,16,0,4
2878,2449,ranked,RYUBOT,KEN.EXE,1263,1265,COMBAT,B,HP,,55615,3,18,12,22
2879,2450,ranked,GEM-LITE,EVO-DS3,705,779,COMBAT,A,KO,,55619,3,16,44,0
2880,2451,ranked,tanuki,raiju,904,951,COMBAT,A,KO,,55634,3,13,4,0
2881,2452,ranked,kappa,EVO-DS,1461,1473,COMBAT,A,KO,,55607,2,11,18,0
2882,2448,duel,EVO-GEM2,baku,1000,1000,COMBAT,A,KO,,55674,3,17,34,0
2883,2453,ranked,PI-AGENT,kitsune,819,674,COMBAT,B,HP,,55674,3,18,12,42
2884,2454,ranked,QWEN-235,ronin,552,411,FORFEIT,A,,REVEAL,55672,0,0,,
2885,2455,ranked,RYUBOT,kirin,1248,1133,COMBAT,A,KO,,55716,2,10,48,0
2886,2456,ranked,kappa,EVO-DS,1477,1457,COMBAT,B,KO,,55750,3,13,0,12
2887,2448,duel,EVO-GEM2,baku,1000,1000,COMBAT,A,KO,,55756,3,13,8,0
2888,2457,ranked,GEM-LITE,kitsune,723,694,FORFEIT,B,,REVEAL,55742,1,6,86,66
2889,2458,ranked,PI-AGENT,EVO-DS3,799,761,COMBAT,B,HP,,55764,3,18,14,24
2890,2459,ranked,tanuki,raiju,921,934,COMBAT,A,KO,,55751,2,10,22,0
2891,2460,ranked,RYUBOT,KEN.EXE,1260,1280,COMBAT,B,KO,,55775,2,11,0,50
2892,2461,ranked,kitsune,EVO-DS3,710,778,COMBAT,A,HP,,55853,3,18,44,22
2893,2462,duel,EVO-GEM2,tengu,1000,1000,COMBAT,B,KO,,55861,2,9,0,26
2894,2463,ranked,PI-AGENT,raiju,782,918,COMBAT,A,KO,,55887,3,13,8,0
2895,2464,ranked,kappa,EVO-DS,1461,1473,COMBAT,B,KO,,55866,2,12,0,26
2896,2465,ranked,RYUBOT,kirin,1245,1121,COMBAT,A,KO,,55902,3,14,60,0
2897,2462,duel,EVO-GEM2,tengu,1000,1000,COMBAT,B,KO,,55917,2,11,0,22
2898,2466,ranked,tanuki,raiju,937,898,COMBAT,B,KO,,55948,2,11,0,52
2899,2467,ranked,PI-AGENT,kitsune,802,728,COMBAT,B,HP,,55973,3,18,30,46
2900,2468,ranked,RYUBOT,KEN.EXE,1257,1295,COMBAT,B,KO,,55963,2,12,0,18
2901,2462,duel,EVO-GEM2,tengu,1000,1000,COMBAT,A,HP,,56001,3,18,10,4
2902,2469,ranked,PI-AGENT,EVO-DS3,784,760,COMBAT,A,HP,,56060,3,18,52,20
2903,2470,ranked,GEM-LITE,kitsune,707,746,COMBAT,A,HP,,56068,3,18,44,38
2904,2462,duel,EVO-GEM2,tengu,1000,1000,COMBAT,B,KO,,56056,2,10,0,30
2905,2471,ranked,kappa,KEN.EXE,1446,1309,COMBAT,,DOUBLE_KO,,56091,3,15,0,0
2906,2472,ranked,RYUBOT,kirin,1243,1109,COMBAT,A,KO,,56063,2,12,36,0
2907,2473,ranked,tanuki,raiju,920,915,COMBAT,B,KO,,56090,3,17,0,16
2908,2474,ranked,QWEN-235,ronin,563,400,FORFEIT,A,,REVEAL,56052,0,0,,
2909,2475,ranked,GEM-LITE,PI-AGENT,724,799,COMBAT,B,HP,,56155,3,18,14,22
2910,2476,ranked,kitsune,EVO-DS3,729,745,COMBAT,A,HP,,56154,3,18,60,40
2911,2477,cup,oni,EVO-GEM,1342,1268,COMBAT,A,KO,,56139,2,9,16,0
2912,2478,ranked,RYUBOT,KEN.EXE,1254,1313,COMBAT,A,KO,,56183,3,13,30,0
2913,2477,cup,oni,EVO-GEM,1342,1268,COMBAT,A,KO,,56194,2,9,16,0
2914,2479,ranked,tanuki,raiju,904,931,COMBAT,A,KO,,56234,3,13,4,0
2915,2480,ranked,GEM-LITE,EVO-DS3,711,729,FORFEIT,B,,REVEAL,56251,2,12,64,78
2916,2481,ranked,PI-AGENT,kitsune,812,745,COMBAT,B,HP,,56243,3,18,44,52
2917,2477,cup,oni,EVO-GEM,1342,1268,COMBAT,A,KO,,56249,2,9,16,0
2918,2482,ranked,kappa,KEN.EXE,1442,1296,COMBAT,A,KO,,56285,2,12,56,0
2919,2483,ranked,PI-AGENT,EVO-DS3,794,744,COMBAT,B,HP,,56338,3,18,40,44
2920,2484,ranked,RYUBOT,kirin,1271,1098,COMBAT,A,KO,,56351,3,14,28,0
2921,2485,ranked,tanuki,kitsune,920,763,COMBAT,B,HP,,56412,3,18,4,44
2922,2486,duel,EVO-DS2,EVO-GEM2,1000,1000,COMBAT,B,HP,,56486,3,18,36,46
2923,2487,ranked,kitsune,EVO-DS3,784,761,COMBAT,A,KO,,56496,3,14,18,0
2924,2488,ranked,kirin,raiju,1088,915,COMBAT,A,KO,,56490,2,12,16,0
2925,2489,cup,PI-AGENT,EVO-GEM,777,1268,COMBAT,B,KO,,56523,2,10,0,44
2926,2490,cup,QWEN-235,RYUBOT,573,1281,COMBAT,B,KO,,56550,3,13,0,20
2927,2486,duel,EVO-DS2,EVO-GEM2,1000,1000,COMBAT,B,KO,,56569,3,15,0,12
2928,2491,ranked,tanuki,kitsune,899,799,COMBAT,B,KO,,56582,3,17,0,18
2929,2492,ranked,GEM-LITE,EVO-DS3,696,746,COMBAT,A,HP,,56581,3,18,38,28
2930,2489,cup,PI-AGENT,EVO-GEM,777,1268,COMBAT,B,KO,,56578,2,7,0,86
2931,2490,cup,QWEN-235,RYUBOT,573,1281,FORFEIT,B,,REVEAL,56614,1,6,100,60
2932,2493,ranked,kirin,raiju,1098,905,COMBAT,A,KO,,56631,2,12,16,0
2933,2494,ranked,kitsune,EVO-DS3,818,729,COMBAT,B,KO,,56670,3,14,0,14
2934,2495,ranked,GEM-LITE,PI-AGENT,713,777,FORFEIT,B,,REVEAL,56710,2,12,50,70
2935,2496,ranked,tanuki,kitsune,880,800,COMBAT,A,HP,,56757,3,18,58,6
2936,2497,duel,tengu,baku,1000,1000,COMBAT,A,HP,,56789,3,18,20,14
2937,2498,ranked,PI-AGENT,EVO-DS3,790,747,COMBAT,A,KO,,56795,3,18,46,0
2938,2497,duel,tengu,baku,1000,1000,COMBAT,A,KO,,56871,3,14,58,0
2939,2499,ranked,kitsune,raiju,787,896,COMBAT,B,KO,,56882,3,13,0,2
2940,2500,ranked,tanuki,PI-AGENT,893,804,COMBAT,B,HP,,56882,3,18,8,66
2941,2497,duel,tengu,baku,1000,1000,COMBAT,A,KO,,56962,3,15,32,0
2942,2501,ranked,kitsune,EVO-DS3,775,733,COMBAT,A,KO,,56966,3,16,28,0
2943,2502,ranked,PI-AGENT,raiju,822,908,COMBAT,A,KO,,56971,3,13,18,0
2944,2503,ranked,QWEN-235,ronin,573,390,FORFEIT,A,,COMMIT,56993,1,6,86,66
2945,2504,ranked,tanuki,kitsune,875,789,COMBAT,B,HP,,57056,3,18,6,12
2946,2505,duel,EVO-DS2,tengu,1000,1000,COMBAT,A,KO,,57089,3,18,2,0
2947,2506,ranked,PI-AGENT,EVO-DS3,840,719,COMBAT,A,KO,,57098,3,16,6,0
2948,2507,ranked,kitsune,raiju,807,890,COMBAT,B,KO,,57147,3,17,0,48
2949,2505,duel,EVO-DS2,tengu,1000,1000,COMBAT,B,KO,,57144,2,9,0,72
2950,2508,ranked,tanuki,PI-AGENT,857,852,COMBAT,B,KO,,57183,3,18,0,6
2951,2505,duel,EVO-DS2,tengu,1000,1000,COMBAT,B,KO,,57227,3,13,0,4
2952,2509,ranked,QWEN-235,EVO-DS3,583,707,FORFEIT,B,,REVEAL,57207,1,6,78,70
2953,2510,ranked,PI-AGENT,raiju,868,903,COMBAT,,DOUBLE_KO,,57275,3,15,0,0
2954,2511,ranked,tanuki,kitsune,841,794,COMBAT,A,KO,,57271,3,15,22,0
2955,2512,ranked,PI-AGENT,kitsune,869,780,COMBAT,B,KO,,57362,3,16,0,20
2956,2513,duel,tengu,baku,1000,1000,COMBAT,A,KO,,57361,2,12,92,0
2957,2514,ranked,tanuki,EVO-DS3,855,719,COMBAT,B,HP,,57396,3,18,24,26
2958,2513,duel,tengu,baku,1000,1000,COMBAT,A,KO,,57443,3,13,50,0
2959,2515,ranked,PI-AGENT,raiju,851,902,COMBAT,A,KO,,57423,2,10,26,0
2960,2516,ranked,tanuki,kitsune,835,798,COMBAT,B,KO,,57483,3,14,0,52
2961,2513,duel,tengu,baku,1000,1000,COMBAT,A,KO,,57524,3,15,58,0
2962,2517,ranked,PI-AGENT,EVO-DS3,868,739,COMBAT,A,HP,,57550,3,18,22,16
2963,2518,ranked,kitsune,raiju,815,885,COMBAT,A,KO,,57572,3,15,4,0
2964,2519,ranked,tanuki,PI-AGENT,818,879,COMBAT,A,KO,,57636,3,15,12,0
2965,2520,ranked,kappa,EVO-DS,1453,1488,COMBAT,A,KO,,57682,3,13,18,0
2966,2521,duel,EVO-DS2,EVO-GEM2,1000,1000,COMBAT,B,KO,,57690,3,13,0,38
2967,2522,ranked,GEM-LITE,EVO-DS3,700,728,FORFEIT,B,,REVEAL,57697,2,12,38,40
2968,2523,ranked,kitsune,raiju,833,867,COMBAT,A,HP,,57715,3,18,16,10
2969,2521,duel,EVO-DS2,EVO-GEM2,1000,1000,COMBAT,B,KO,,57772,3,13,0,24
2970,2524,ranked,QWEN-235,ronin,571,380,FORFEIT,A,,COMMIT,57716,0,0,,
2971,2525,ranked,tanuki,PI-AGENT,835,862,COMBAT,A,KO,,57751,2,8,86,0
2972,2526,ranked,kappa,EVO-DS,1470,1471,COMBAT,B,KO,,57798,2,12,0,10
2973,2527,ranked,PI-AGENT,raiju,846,850,COMBAT,A,KO,,57838,3,15,12,0
2974,2528,ranked,tanuki,kitsune,851,850,COMBAT,A,KO,,57839,3,16,16,0
2975,2529,cup,oni,EVO-GEM,1342,1268,COMBAT,A,KO,,57828,2,9,16,0
2976,2530,cup,RYUBOT,KEN.EXE,1281,1285,COMBAT,B,KO,,57852,3,18,0,18
2977,2531,ranked,QWEN-235,EVO-DS3,580,743,FORFEIT,B,,REVEAL,57863,1,6,84,62
2978,2529,cup,oni,EVO-GEM,1342,1268,COMBAT,A,KO,,57883,2,9,16,0
2979,2532,ranked,tanuki,raiju,866,834,COMBAT,A,KO,,57926,3,14,18,0
2980,2533,ranked,PI-AGENT,kitsune,862,835,COMBAT,B,HP,,57927,3,18,42,56
2981,2530,cup,RYUBOT,KEN.EXE,1281,1285,COMBAT,B,KO,,57934,3,15,0,34
2982,2534,ranked,kappa,EVO-DS,1455,1486,COMBAT,A,KO,,57914,2,10,14,0
2983,2535,duel,EVO-DS2,baku,1000,1000,COMBAT,A,KO,,57989,3,13,18,0
2984,2536,ranked,EVO-DS3,raiju,753,820,COMBAT,B,KO,,58015,3,15,0,28
2985,2537,ranked,tanuki,PI-AGENT,880,846,COMBAT,B,KO,,57987,2,9,0,62
2986,2538,ranked,RYUBOT,EVO-GEM,1281,1268,COMBAT,B,KO,,57995,2,10,0,20
2987,2539,ranked,kappa,EVO-DS,1471,1470,COMBAT,B,KO,,58031,2,11,0,26
2988,2535,duel,EVO-DS2,baku,1000,1000,COMBAT,A,KO,,58072,3,18,68,0
2989,2540,ranked,PI-AGENT,kitsune,863,851,COMBAT,,HP_TIE,,58074,3,18,42,42
2990,2541,ranked,GEM-LITE,EVO-DS3,685,740,COMBAT,B,HP,,58104,3,18,24,32
2991,2542,ranked,tanuki,raiju,863,833,COMBAT,,DOUBLE_KO,,58103,3,13,0,0
2992,2543,ranked,RYUBOT,EVO-GEM,1265,1284,COMBAT,B,KO,,58111,2,7,0,42
2993,2544,ranked,kappa,EVO-DS,1455,1486,COMBAT,A,KO,,58148,2,12,4,0
2994,2545,ranked,tanuki,PI-AGENT,863,863,COMBAT,A,HP,,58192,3,18,12,6
2995,2546,ranked,kitsune,raiju,851,833,COMBAT,A,KO,,58164,2,12,12,0
2996,2547,ranked,GEM-LITE,QWEN-235,671,570,COMBAT,B,HP,,58229,3,18,24,26
2997,2548,ranked,RYUBOT,kirin,1250,1107,COMBAT,A,KO,,58239,3,13,16,0
2998,2549,ranked,EVO-DS3,raiju,754,818,COMBAT,B,KO,,58223,2,11,0,44
2999,2550,ranked,tanuki,kitsune,879,866,COMBAT,B,KO,,58255,2,11,0,28
3000,2551,duel,EVO-DS2,EVO-GEM2,1000,1000,COMBAT,B,KO,,58286,3,13,0,18
3001,2552,ranked,kappa,EVO-DS,1471,1470,COMBAT,B,KO,,58262,2,12,0,10
3002,2553,ranked,PI-AGENT,raiju,847,831,COMBAT,B,KO,,58311,3,17,0,38
3003,2554,ranked,GEM-LITE,EVO-DS3,652,741,COMBAT,A,HP,,58316,3,18,46,24
3004,2555,ranked,RYUBOT,EVO-GEM,1261,1299,COMBAT,,DOUBLE_KO,,58298,2,10,0,0
3005,2551,duel,EVO-DS2,EVO-GEM2,1000,1000,COMBAT,B,KO,,58370,3,13,0,40
3006,2556,ranked,tanuki,kitsune,863,882,COMBAT,B,HP,,58396,3,18,20,88
3007,2557,ranked,GEM-LITE,QWEN-235,670,589,FORFEIT,A,,REVEAL,58384,1,6,80,84
3008,2558,ranked,RYUBOT,EVO-GEM,1262,1298,COMBAT,B,KO,,58416,2,10,0,46
3009,2559,ranked,PI-AGENT,EVO-DS3,831,723,COMBAT,A,KO,,58441,3,15,42,0
3010,2560,ranked,tanuki,raiju,848,847,COMBAT,B,KO,,58484,3,13,0,20
3011,2561,ranked,GEM-LITE,EVO-DS3,683,711,FORFEIT,B,,REVEAL,58534,2,12,84,40
3012,2562,ranked,PI-AGENT,kitsune,843,897,COMBAT,A,KO,,58527,3,17,18,0
3013,2563,ranked,kappa,EVO-GEM,1455,1312,COMBAT,A,KO,,58515,2,9,8,0
3014,2564,duel,EVO-DS2,tengu,1000,1000,COMBAT,B,HP,,58586,3,18,8,14
3015,2565,ranked,RYUBOT,EVO-GEM,1248,1301,COMBAT,A,KO,,58604,3,13,18,0
3016,2566,ranked,tanuki,PI-AGENT,832,860,COMBAT,A,HP,,58616,3,18,52,28
3017,2567,ranked,kitsune,raiju,880,863,COMBAT,B,KO,,58620,3,13,0,28
3018,2568,ranked,PI-AGENT,kitsune,844,864,COMBAT,A,HP,,58705,3,18,58,14
3019,2569,ranked,tanuki,raiju,848,879,COMBAT,B,KO,,58707,3,13,0,2
3020,2570,ranked,RYUBOT,EVO-GEM,1265,1284,COMBAT,B,KO,,58719,2,7,0,30
3021,2571,ranked,QWEN-235,EVO-DS3,576,726,FORFEIT,B,,REVEAL,58730,1,6,100,88
3022,2572,ranked,PI-AGENT,raiju,860,894,COMBAT,A,HP,,58792,3,18,32,12
3023,2573,ranked,tanuki,kitsune,833,848,COMBAT,,DOUBLE_KO,,58795,3,17,0,0
3024,2574,ranked,GEM-LITE,EVO-DS3,668,737,COMBAT,A,HP,,58858,3,18,32,20
3025,2575,ranked,PI-AGENT,kitsune,877,848,COMBAT,A,KO,,58883,3,14,64,0
3026,2576,ranked,tanuki,raiju,833,877,COMBAT,B,KO,,58882,3,13,0,36
3027,2577,duel,EVO-DS2,tengu,1000,1000,COMBAT,B,KO,,58888,3,14,0,22
3028,2578,ranked,RYUBOT,kirin,1250,1096,COMBAT,A,KO,,58863,2,12,16,0
3029,2579,ranked,EVO-DS,EVO-GEM,1486,1299,COMBAT,A,KO,,58887,2,9,16,0
3030,2577,duel,EVO-DS2,tengu,1000,1000,COMBAT,B,KO,,58943,2,12,0,78
3031,2580,ranked,tanuki,EVO-DS3,819,719,COMBAT,A,KO,,58970,3,15,46,0
3032,2581,ranked,kitsune,raiju,833,891,COMBAT,,DOUBLE_KO,,58973,3,15,0,0
3033,2582,ranked,RYUBOT,kirin,1261,1085,COMBAT,A,KO,,59030,3,13,12,0
3034,2583,ranked,kappa,EVO-GEM,1466,1289,COMBAT,B,KO,,59028,2,10,0,18
3035,2584,ranked,GEM-LITE,EVO-DS3,686,707,COMBAT,B,HP,,59053,3,18,2,52
3036,2585,ranked,tanuki,PI-AGENT,831,892,COMBAT,A,HP,,59056,3,18,40,8
3037,2586,ranked,kitsune,raiju,834,890,COMBAT,B,KO,,59119,3,13,0,8
3038,2587,cup,oni,KEN.EXE,1342,1285,COMBAT,A,KO,,59151,3,13,34,0
3039,2588,ranked,kappa,EVO-GEM,1445,1310,COMBAT,A,KO,,59142,2,10,12,0
3040,2589,ranked,tanuki,EVO-DS3,848,722,COMBAT,A,KO,,59186,3,15,26,0
3041,2590,duel,EVO-DS2,tengu,1000,1000,COMBAT,B,KO,,59184,3,13,0,30
3042,2591,ranked,RYUBOT,kirin,1271,1075,COMBAT,A,KO,,59200,3,13,28,0
3043,2592,ranked,PI-AGENT,raiju,875,904,COMBAT,A,KO,,59206,3,13,8,0
3044,2587,cup,oni,KEN.EXE,1342,1285,COMBAT,A,KO,,59231,3,15,4,0
3045,2593,ranked,GEM-LITE,kitsune,671,820,COMBAT,B,HP,,59246,3,18,44,58
3046,2590,duel,EVO-DS2,tengu,1000,1000,COMBAT,B,KO,,59265,3,14,0,46
3047,2594,ranked,tanuki,PI-AGENT,859,891,COMBAT,A,HP,,59289,3,18,42,22
3048,2595,ranked,EVO-DS,EVO-GEM,1496,1299,COMBAT,A,KO,,59284,2,9,12,0
3049,2587,cup,oni,KEN.EXE,1342,1285,COMBAT,A,KO,,59313,3,17,10,0
3050,2596,ranked,kitsune,raiju,831,888,COMBAT,B,KO,,59332,3,13,0,68
3051,2590,duel,EVO-DS2,tengu,1000,1000,COMBAT,B,KO,,59348,3,16,0,28
3052,2597,ranked,kappa,RYUBOT,1456,1280,COMBAT,A,KO,,59366,3,15,18,0
3053,2598,ranked,tanuki,raiju,876,902,COMBAT,A,KO,,59419,3,14,8,0
3054,2599,ranked,PI-AGENT,EVO-DS3,874,711,COMBAT,,HP_TIE,,59458,3,18,4,4
3055,2600,duel,tengu,baku,1000,1000,COMBAT,A,KO,,59489,3,13,38,0
3056,2601,ranked,kappa,EVO-GEM,1466,1290,COMBAT,,DOUBLE_KO,,59508,2,10,0,0
3057,2602,ranked,PI-AGENT,raiju,869,886,COMBAT,B,KO,,59545,3,17,0,6
3058,2600,duel,tengu,baku,1000,1000,COMBAT,A,KO,,59569,3,17,10,0
3059,2603,cup,tanuki,kitsune,892,817,COMBAT,A,HP,,59613,3,18,22,4
3060,2604,cup,QWEN-235,RYUBOT,565,1270,FORFEIT,B,,REVEAL,59598,1,6,92,54
3061,2605,ranked,PI-AGENT,EVO-DS3,854,716,COMBAT,A,HP,,59675,3,18,36,34
3062,2606,ranked,kappa,EVO-GEM,1461,1295,COMBAT,A,KO,,59646,2,11,12,0
3063,2603,cup,tanuki,kitsune,892,817,COMBAT,A,HP,,59697,3,18,12,8
3064,2607,ranked,kirin,raiju,1066,901,COMBAT,A,KO,,59684,2,12,16,0
3065,2608,ranked,PI-AGENT,raiju,865,891,COMBAT,B,HP,,59770,3,18,22,30
3066,2609,duel,EVO-DS2,EVO-GEM2,1000,1000,COMBAT,A,KO,,59761,2,12,8,0
3067,2610,ranked,kappa,EVO-GEM,1471,1285,COMBAT,B,KO,,59788,2,10,0,18
3068,2611,ranked,kitsune,EVO-DS3,817,705,COMBAT,B,HP,,59827,3,18,18,34
3069,2612,ranked,PI-AGENT,kitsune,850,798,COMBAT,A,KO,,59914,3,18,32,0
3070,2613,ranked,kirin,raiju,1076,906,COMBAT,A,KO,,59910,2,12,16,0
3071,2614,ranked,EVO-DS,EVO-GEM,1505,1306,COMBAT,A,KO,,59926,2,9,12,0
3072,2615,ranked,kitsune,EVO-DS3,784,724,COMBAT,A,HP,,60000,3,18,60,46
3073,2616,ranked,kirin,raiju,1086,896,COMBAT,A,KO,,60051,2,12,16,0
3074,2617,ranked,kappa,EVO-DS,1450,1514,COMBAT,A,KO,,60055,2,10,22,0
3075,2618,ranked,PI-AGENT,kitsune,864,798,COMBAT,A,HP,,60084,3,18,26,8
3076,2619,ranked,GEM-LITE,QWEN-235,660,565,COMBAT,B,HP,,60087,3,18,6,22
3077,2620,duel,EVO-DS2,EVO-GEM2,1000,1000,COMBAT,B,KO,,60090,3,13,0,10
3078,2621,ranked,kitsune,EVO-DS3,785,710,COMBAT,B,KO,,60171,3,15,0,60
3079,2622,ranked,PI-AGENT,raiju,877,887,COMBAT,B,KO,,60173,3,15,0,8
3080,2623,ranked,kappa,EVO-DS,1468,1496,COMBAT,A,KO,,60171,2,11,10,0
3081,2624,ranked,GEM-LITE,QWEN-235,641,584,COMBAT,B,HP,,60232,3,18,8,32
3082,2625,ranked,PI-AGENT,kitsune,862,767,COMBAT,A,HP,,60256,3,18,70,58
3083,2626,ranked,kappa,EVO-DS,1484,1480,COMBAT,A,KO,,60286,2,8,32,0
3084,2627,ranked,kirin,raiju,1095,902,COMBAT,A,KO,,60310,2,12,16,0
3085,2628,ranked,kitsune,EVO-DS3,755,728,COMBAT,B,HP,,60342,3,18,38,50
3086,2629,ranked,GEM-LITE,QWEN-235,624,601,COMBAT,B,KO,,60347,2,12,0,40
3087,2630,duel,EVO-GEM2,baku,1000,1000,COMBAT,A,KO,,60388,3,13,2,0
3088,2631,ranked,PI-AGENT,raiju,874,893,COMBAT,B,KO,,60396,3,13,0,28
3089,2632,ranked,kappa,EVO-DS,1499,1465,COMBAT,A,KO,,60403,2,9,18,0
3090,2630,duel,EVO-GEM2,baku,1000,1000,COMBAT,B,KO,,60474,3,13,0,8
3091,2633,ranked,GEM-LITE,kitsune,608,739,COMBAT,B,HP,,60473,3,18,26,40
3092,2634,ranked,QWEN-235,EVO-DS3,617,744,FORFEIT,B,,REVEAL,60456,1,6,68,56
3093,2635,ranked,kirin,EVO-GEM,1104,1297,COMBAT,B,KO,,60450,2,10,0,20
3094,2636,ranked,PI-AGENT,raiju,859,908,COMBAT,B,KO,,60537,3,13,0,52
3095,2637,ranked,kappa,EVO-DS,1513,1451,COMBAT,,DOUBLE_KO,,60519,2,11,0,0
3096,2630,duel,EVO-GEM2,baku,1000,1000,COMBAT,A,KO,,60556,3,15,26,0
3097,2638,ranked,kitsune,EVO-DS3,750,755,COMBAT,A,KO,,60556,3,17,10,0
3098,2639,ranked,PI-AGENT,kitsune,845,766,COMBAT,A,HP,,60643,3,18,76,42
3099,2640,ranked,EVO-DS,EVO-GEM,1452,1306,COMBAT,A,KO,,60619,2,9,26,0
3100,2641,ranked,GEM-LITE,EVO-DS3,597,739,COMBAT,B,HP,,60682,3,18,18,86
3101,2642,duel,EVO-DS2,tengu,1000,1000,COMBAT,A,KO,,60686,3,16,2,0
3102,2643,ranked,kirin,raiju,1095,922,COMBAT,A,KO,,60674,2,12,16,0
3103,2644,ranked,kappa,EVO-DS,1512,1463,COMBAT,B,KO,,60680,2,10,0,2
3104,2645,ranked,PI-AGENT,raiju,858,912,COMBAT,B,KO,,60766,3,13,0,16
3105,2646,ranked,kitsune,EVO-DS3,753,750,COMBAT,B,HP,,60767,3,18,16,50
3106,2647,ranked,GEM-LITE,QWEN-235,586,606,COMBAT,,HP_TIE,,60780,3,18,18,18
3107,2648,ranked,kirin,EVO-GEM,1105,1295,COMBAT,B,KO,,60815,2,10,0,20
3108,2649,ranked,PI-AGENT,EVO-DS3,844,766,COMBAT,A,KO,,60854,3,15,30,0
3109,2650,ranked,kitsune,QWEN-235,737,606,FORFEIT,A,,REVEAL,60888,1,6,64,88
3110,2651,cup,oni,tanuki,1342,892,COMBAT,A,KO,,60887,2,11,48,0
3111,2652,cup,RYUBOT,KEN.EXE,1270,1285,COMBAT,A,KO,,60916,3,13,30,0
3112,2653,ranked,PI-AGENT,raiju,857,926,COMBAT,A,KO,,60936,3,14,36,0
3113,2651,cup,oni,tanuki,1342,892,COMBAT,A,KO,,60969,3,15,24,0
3114,2654,ranked,kitsune,EVO-DS3,748,753,COMBAT,B,KO,,60976,3,18,0,46
3115,2655,ranked,kappa,EVO-GEM,1495,1304,COMBAT,A,KO,,60956,2,12,12,0
3116,2656,duel,EVO-DS2,EVO-GEM2,1000,1000,COMBAT,B,KO,,60959,2,11,0,66
3117,2652,cup,RYUBOT,KEN.EXE,1270,1285,COMBAT,A,HP,,60999,3,18,24,16
3118,2657,ranked,PI-AGENT,raiju,875,908,COMBAT,A,KO,,61052,2,12,8,0
3119,2658,ranked,EVO-GEM,KEN.EXE,1295,1285,COMBAT,B,HP,,61086,3,18,2,26
3120,2659,ranked,GEM-LITE,kitsune,586,733,COMBAT,B,HP,,61101,3,18,32,60
3121,2660,ranked,tanuki,EVO-DS3,892,768,COMBAT,A,HP,,61126,3,18,60,30
3122,2661,ranked,kitsune,EVO-DS3,744,756,COMBAT,B,HP,,61211,3,18,36,38
3123,2662,ranked,tanuki,PI-AGENT,904,892,COMBAT,B,HP,,61215,3,18,22,36
3124,2663,ranked,GEM-LITE,QWEN-235,575,595,FORFEIT,A,,REVEAL,61196,1,6,74,92
3125,2664,ranked,EVO-GEM,KEN.EXE,1279,1301,COMBAT,A,KO,,61203,2,7,66,0
3126,2665,duel,EVO-DS2,tengu,1000,1000,COMBAT,B,HP,,61285,3,18,2,10
3127,2666,ranked,tanuki,raiju,888,891,COMBAT,,DOUBLE_KO,,61302,3,13,0,0
3128,2667,ranked,GEM-LITE,kitsune,591,729,COMBAT,A,HP,,61338,3,18,24,18
3129,2668,ranked,PI-AGENT,EVO-DS3,908,771,COMBAT,A,KO,,61343,3,18,2,0
3130,2669,ranked,EVO-GEM,KEN.EXE,1295,1285,COMBAT,,DOUBLE_KO,,61346,3,13,0,0
3131,2665,duel,EVO-DS2,tengu,1000,1000,COMBAT,A,KO,,61366,3,18,46,0
3132,2670,ranked,tanuki,PI-AGENT,888,919,COMBAT,A,HP,,61430,3,18,72,2
3133,2665,duel,EVO-DS2,tengu,1000,1000,COMBAT,A,HP,,61446,3,18,36,12
3134,2671,ranked,EVO-DS3,raiju,760,891,COMBAT,A,KO,,61479,3,14,26,0
3135,2672,ranked,GEM-LITE,kitsune,611,709,FORFEIT,B,,REVEAL,61491,2,12,22,46
3136,2673,ranked,EVO-GEM,KEN.EXE,1295,1285,COMBAT,A,HP,,61489,3,18,54,18
3137,2674,ranked,tanuki,raiju,904,871,COMBAT,,DOUBLE_KO,,61567,3,17,0,0
3138,2675,duel,EVO-DS2,baku,1000,1000,COMBAT,B,HP,,61585,3,18,16,18
3139,2676,ranked,PI-AGENT,kirin,903,1096,COMBAT,B,KO,,61570,2,12,0,34
3140,2677,ranked,EVO-GEM,KEN.EXE,1310,1270,COMBAT,B,KO,,61608,2,10,0,12
3141,2678,ranked,EVO-DS3,raiju,780,872,COMBAT,A,KO,,61656,3,13,12,0
3142,2679,ranked,tanuki,PI-AGENT,903,894,COMBAT,B,KO,,61632,2,7,0,88
3143,2680,ranked,tanuki,raiju,887,854,COMBAT,A,KO,,61713,2,10,30,0
3144,2681,ranked,EVO-GEM,KEN.EXE,1293,1287,COMBAT,A,KO,,61750,3,14,32,0
3145,2682,ranked,PI-AGENT,EVO-DS3,910,798,COMBAT,A,HP,,61783,3,18,44,16
3146,2683,ranked,tanuki,raiju,901,840,COMBAT,B,KO,,61858,3,13,0,20
3147,2684,ranked,GEM-LITE,kitsune,599,721,COMBAT,B,HP,,61861,3,18,12,18
3148,2685,duel,EVO-DS2,tengu,1000,1000,COMBAT,B,KO,,61890,3,16,0,42
3149,2686,ranked,EVO-DS,EVO-GEM,1480,1308,COMBAT,A,KO,,61887,2,12,12,0
3150,2687,ranked,PI-AGENT,EVO-DS3,922,786,COMBAT,B,HP,,61925,3,18,6,16
3151,2688,ranked,kirin,KEN.EXE,1105,1272,COMBAT,B,HP,,61978,3,18,24,32
3152,2689,ranked,kitsune,raiju,733,857,COMBAT,A,KO,,61957,2,8,44,0
3153,2690,ranked,tanuki,PI-AGENT,884,902,COMBAT,B,HP,,62009,3,18,12,16
3154,2691,ranked,EVO-DS3,raiju,806,838,COMBAT,A,HP,,62043,3,18,8,4
3155,2692,ranked,EVO-DS,EVO-GEM,1490,1298,COMBAT,A,KO,,62027,2,9,16,0
3156,2693,ranked,GEM-LITE,kitsune,587,752,COMBAT,A,HP,,62125,3,18,22,8
3157,2694,ranked,tanuki,EVO-DS3,869,823,COMBAT,B,KO,,62132,3,16,0,34
3158,2695,ranked,kirin,KEN.EXE,1095,1282,COMBAT,B,KO,,62146,3,18,0,24
3159,2696,duel,tengu,baku,1000,1000,COMBAT,A,HP,,62191,3,18,22,2
3160,2697,ranked,kitsune,raiju,731,821,COMBAT,A,KO,,62207,3,13,8,0
3161,2698,cup,oni,RYUBOT,1342,1270,COMBAT,A,KO,,62214,3,15,6,0
3162,2699,ranked,PI-AGENT,EVO-DS3,917,840,COMBAT,B,KO,,62219,3,18,0,42
3163,2696,duel,tengu,baku,1000,1000,COMBAT,A,KO,,62272,3,14,54,0
3164,2700,ranked,tanuki,raiju,852,803,COMBAT,B,KO,,62294,3,13,0,8
3165,2698,cup,oni,RYUBOT,1342,1270,COMBAT,A,KO,,62270,2,7,42,0
3166,2701,ranked,PI-AGENT,kitsune,899,749,COMBAT,B,KO,,62347,3,14,0,14
3167,2698,cup,oni,RYUBOT,1342,1270,COMBAT,A,KO,,62326,2,7,56,0
3168,2702,ranked,EVO-DS3,raiju,858,820,COMBAT,A,KO,,62379,3,18,8,0
3169,2703,ranked,oni,KEN.EXE,1342,1292,COMBAT,A,KO,,62413,3,13,58,0
3170,2704,ranked,tanuki,EVO-DS3,835,872,COMBAT,B,HP,,62466,3,18,26,42
3171,2705,ranked,kappa,EVO-DS,1504,1499,COMBAT,A,KO,,62454,2,12,36,0
3172,2706,duel,EVO-DS2,EVO-GEM2,1000,1000,COMBAT,B,KO,,62487,3,13,0,4
3173,2707,ranked,GEM-LITE,raiju,608,806,COMBAT,A,KO,,62546,3,14,18,0
3174,2706,duel,EVO-DS2,EVO-GEM2,1000,1000,COMBAT,A,KO,,62569,3,13,40,0
3175,2708,ranked,kappa,EVO-DS,1519,1484,COMBAT,B,KO,,62571,2,9,0,10
3176,2709,ranked,tanuki,EVO-DS3,821,886,COMBAT,A,HP,,62609,3,18,66,60
3177,2710,cup,PI-AGENT,kitsune,879,769,COMBAT,A,HP,,62630,3,18,62,56
3178,2711,cup,QWEN-235,RYUBOT,579,1270,FORFEIT,B,,REVEAL,62610,1,6,100,52
3179,2706,duel,EVO-DS2,EVO-GEM2,1000,1000,COMBAT,A,KO,,62627,2,12,22,0
3180,2712,ranked,EVO-DS3,raiju,868,784,COMBAT,A,KO,,62698,3,14,18,0
3181,2710,cup,PI-AGENT,kitsune,879,769,COMBAT,B,KO,,62712,3,17,0,44
3182,2713,ranked,kappa,EVO-DS,1502,1501,COMBAT,A,KO,,62688,2,9,30,0
3183,2714,ranked,tanuki,EVO-DS3,839,881,COMBAT,B,HP,,62782,3,18,30,78
3184,2715,duel,EVO-DS2,baku,1000,1000,COMBAT,B,HP,,62789,3,18,32,34
3185,2710,cup,PI-AGENT,kitsune,879,769,COMBAT,B,KO,,62794,3,18,0,58
3186,2716,ranked,GEM-LITE,raiju,630,771,COMBAT,B,KO,,62825,3,15,0,10
3187,2717,ranked,kappa,EVO-DS,1517,1486,COMBAT,A,KO,,62830,3,13,8,0
3188,2718,ranked,PI-AGENT,EVO-DS3,879,895,COMBAT,,HP_TIE,,62886,3,18,26,26
3189,2719,ranked,tanuki,raiju,825,782,COMBAT,B,KO,,62912,3,13,0,20
3190,2720,ranked,GEM-LITE,QWEN-235,619,579,FORFEIT,A,,REVEAL,62920,1,6,66,58
3191,2721,ranked,kappa,EVO-DS,1532,1471,COMBAT,,DOUBLE_KO,,62947,2,12,0,0
3192,2722,ranked,tanuki,PI-AGENT,808,879,COMBAT,B,KO,,62972,2,9,0,42
3193,2723,ranked,EVO-DS3,raiju,895,799,COMBAT,B,KO,,62976,2,11,0,24
3194,2724,ranked,PI-AGENT,raiju,892,818,COMBAT,B,KO,,63061,3,13,0,42
3195,2725,ranked,tanuki,EVO-DS3,795,876,COMBAT,B,HP,,63064,3,18,2,10
3196,2726,duel,EVO-DS2,baku,1000,1000,COMBAT,,HP_TIE,,63089,3,18,30,30
3197,2727,ranked,kappa,EVO-DS,1531,1472,COMBAT,,DOUBLE_KO,,63091,3,16,0,0
3198,2728,ranked,tanuki,PI-AGENT,782,874,COMBAT,B,KO,,63149,3,16,0,32
3199,2729,ranked,EVO-DS3,raiju,889,836,COMBAT,B,KO,,63151,3,17,0,40
3200,2730,ranked,tanuki,raiju,769,853,COMBAT,B,KO,,63237,3,17,0,20
3201,2731,ranked,PI-AGENT,EVO-DS3,887,872,COMBAT,A,HP,,63237,3,18,16,10
3202,2732,ranked,GEM-LITE,QWEN-235,633,565,FORFEIT,A,,REVEAL,63232,1,6,70,92
3203,2733,ranked,EVO-DS,EVO-GEM,1473,1289,COMBAT,,DOUBLE_KO,,63229,2,10,0,0
3204,2734,ranked,PI-AGENT,raiju,902,866,COMBAT,,DOUBLE_KO,,63326,3,17,0,0
3205,2735,ranked,GEM-LITE,tanuki,646,756,COMBAT,A,HP,,63362,3,18,66,40
3206,2736,duel,EVO-DS2,baku,1000,1000,COMBAT,A,HP,,63389,3,18,58,50
3207,2737,ranked,EVO-DS,EVO-GEM,1468,1294,COMBAT,A,KO,,63372,2,12,12,0
3208,2738,ranked,EVO-DS3,raiju,857,867,COMBAT,B,KO,,63411,3,13,0,50
3209,2736,duel,EVO-DS2,baku,1000,1000,COMBAT,A,KO,,63476,3,14,30,0
3210,2739,ranked,PI-AGENT,EVO-DS3,901,842,COMBAT,A,KO,,63470,2,9,92,0
3211,2740,ranked,GEM-LITE,tanuki,665,737,COMBAT,A,HP,,63505,3,18,76,30
3212,2741,ranked,kirin,EVO-GEM,1085,1284,COMBAT,B,KO,,63511,2,10,0,20
3213,2742,ranked,EVO-DS3,raiju,828,882,COMBAT,B,KO,,63557,3,13,0,44
3214,2743,ranked,tanuki,EVO-DS3,719,814,COMBAT,B,HP,,63641,3,18,18,52
3215,2744,ranked,PI-AGENT,raiju,915,896,COMBAT,B,KO,,63620,2,11,0,36
3216,2745,ranked,EVO-DS,EVO-GEM,1478,1293,COMBAT,,DOUBLE_KO,,63651,2,10,0,0
3217,2746,duel,tengu,baku,1000,1000,COMBAT,A,HP,,63688,3,18,46,32
3218,2747,ranked,GEM-LITE,tanuki,683,707,COMBAT,B,HP,,63730,3,18,8,18
3219,2748,ranked,EVO-DS3,raiju,826,912,COMBAT,B,KO,,63730,3,15,0,20
3220,2746,duel,tengu,baku,1000,1000,COMBAT,A,HP,,63772,3,18,28,20
3221,2749,ranked,PI-AGENT,kirin,899,1076,COMBAT,A,HP,,63785,3,18,28,24
3222,2750,ranked,EVO-DS,EVO-GEM,1473,1298,COMBAT,A,KO,,63791,2,9,12,0
3223,2751,ranked,tanuki,EVO-DS3,722,813,COMBAT,A,HP,,63817,3,18,20,12
3224,2752,ranked,PI-AGENT,raiju,920,925,COMBAT,B,KO,,63844,2,11,0,80
3225,2753,ranked,GEM-LITE,tanuki,668,740,COMBAT,B,HP,,63902,3,18,36,42
3226,2754,cup,oni,kitsune,1356,769,COMBAT,A,KO,,63930,3,13,44,0
3227,2755,cup,RYUBOT,KEN.EXE,1270,1278,COMBAT,A,KO,,63928,3,13,52,0
3228,2756,ranked,EVO-DS,EVO-GEM,1483,1288,COMBAT,A,KO,,63932,2,10,2,0
3229,2757,ranked,kirin,raiju,1055,940,COMBAT,A,KO,,63941,2,12,16,0
3230,2758,ranked,PI-AGENT,EVO-DS3,905,795,COMBAT,A,HP,,63969,3,18,80,38
3231,2759,duel,tengu,baku,1000,1000,COMBAT,,DOUBLE_KO,,63987,3,16,0,0
3232,2755,cup,RYUBOT,KEN.EXE,1270,1278,COMBAT,B,KO,,63987,2,11,0,36
3233,2754,cup,oni,kitsune,1356,769,COMBAT,A,KO,,63986,2,7,48,0
3234,2760,ranked,GEM-LITE,tanuki,655,753,COMBAT,A,HP,,64047,3,18,64,52
3235,2761,ranked,PI-AGENT,raiju,917,928,COMBAT,B,KO,,64060,3,15,0,26
3236,2755,cup,RYUBOT,KEN.EXE,1270,1278,COMBAT,B,HP,,64071,3,18,24,70
3237,2762,ranked,tanuki,EVO-DS3,734,783,COMBAT,A,KO,,64135,3,17,48,0
3238,2763,ranked,RYUBOT,EVO-GEM,1270,1279,COMBAT,B,KO,,64129,2,10,0,6
3239,2764,ranked,GEM-LITE,kitsune,674,769,COMBAT,A,KO,,64160,3,14,24,0
3240,2765,ranked,kirin,raiju,1067,943,COMBAT,A,KO,,64158,2,12,16,0
3241,2766,ranked,PI-AGENT,raiju,902,931,COMBAT,B,KO,,64244,3,13,0,14
3242,2767,ranked,tanuki,kitsune,751,750,COMBAT,A,HP,,64246,3,18,60,36
3243,2768,ranked,GEM-LITE,EVO-DS3,693,766,COMBAT,A,HP,,64247,3,18,44,12
3244,2769,ranked,RYUBOT,EVO-GEM,1255,1294,COMBAT,A,KO,,64275,3,13,8,0
3245,2770,duel,tengu,baku,1000,1000,COMBAT,A,KO,,64259,2,10,54,0
3246,2771,ranked,GEM-LITE,kitsune,711,735,COMBAT,A,HP,,64335,3,18,46,18
3247,2770,duel,tengu,baku,1000,1000,COMBAT,A,HP,,64342,3,18,14,6
3248,2772,ranked,kirin,raiju,1079,946,COMBAT,A,KO,,64341,2,12,16,0
3249,2773,ranked,tanuki,PI-AGENT,766,887,COMBAT,B,KO,,64375,3,16,0,62
3250,2774,ranked,RYUBOT,EVO-GEM,1272,1277,COMBAT,,DOUBLE_KO,,64417,3,13,0,0
3251,2775,ranked,kitsune,EVO-DS3,719,748,COMBAT,B,HP,,64425,3,18,16,62
3252,2776,ranked,GEM-LITE,tanuki,727,754,COMBAT,A,HP,,64462,3,18,22,18
3253,2777,ranked,kirin,raiju,1090,935,COMBAT,A,KO,,64483,2,12,16,0
3254,2778,ranked,tanuki,kitsune,738,704,COMBAT,A,HP,,64552,3,18,86,44
3255,2779,ranked,GEM-LITE,EVO-DS3,743,763,COMBAT,B,HP,,64552,3,18,18,26
3256,2780,ranked,RYUBOT,EVO-GEM,1272,1277,COMBAT,B,KO,,64534,2,10,0,14
3257,2781,duel,EVO-GEM2,tengu,1000,1000,COMBAT,B,KO,,64561,2,12,0,8
3258,2782,ranked,GEM-LITE,kitsune,728,690,COMBAT,A,HP,,64639,3,18,24,14
3259,2781,duel,EVO-GEM2,tengu,1000,1000,COMBAT,B,KO,,64644,3,14,0,8
3260,2783,ranked,kirin,raiju,1101,924,COMBAT,A,KO,,64623,2,12,16,0
3261,2784,ranked,tanuki,PI-AGENT,752,899,COMBAT,A,HP,,64679,3,18,36,20
3262,2785,ranked,RYUBOT,EVO-GEM,1257,1292,COMBAT,A,KO,,64651,2,12,16,0
3263,2786,ranked,GEM-LITE,EVO-DS3,742,778,COMBAT,B,HP,,64726,3,18,44,70
3264,2787,ranked,tanuki,kitsune,772,676,COMBAT,B,HP,,64765,3,18,14,20
3265,2788,ranked,kirin,raiju,1111,914,COMBAT,A,KO,,64763,2,12,16,0
3266,2789,ranked,RYUBOT,EVO-GEM,1274,1275,COMBAT,,DOUBLE_KO,,64795,3,13,0,0
3267,2790,ranked,PI-AGENT,EVO-DS3,879,792,COMBAT,,HP_TIE,,64816,3,18,18,18
3268,2791,ranked,GEM-LITE,kitsune,728,695,COMBAT,B,HP,,64856,3,18,32,60
3269,2792,ranked,kappa,EVO-DS,1530,1492,COMBAT,B,KO,,64888,3,16,0,2
3270,2793,duel,EVO-GEM2,tengu,1000,1000,COMBAT,B,KO,,64859,2,11,0,40
3271,2794,ranked,tanuki,EVO-DS3,753,794,COMBAT,B,HP,,64904,3,18,12,16
3272,2795,ranked,PI-AGENT,raiju,877,905,COMBAT,B,KO,,64902,3,13,0,22
3273,2796,ranked,RYUBOT,EVO-GEM,1274,1275,COMBAT,B,KO,,64912,2,7,0,62
3274,2793,duel,EVO-GEM2,tengu,1000,1000,COMBAT,B,KO,,64915,2,11,0,4
3275,2797,ranked,QWEN-235,ronin,552,371,FORFEIT,B,,REVEAL,64944,1,6,92,70
3276,2798,ranked,GEM-LITE,tanuki,711,739,COMBAT,B,HP,,64992,3,18,30,46
3277,2799,ranked,kitsune,EVO-DS3,712,808,COMBAT,A,HP,,64991,3,18,40,14
3278,2793,duel,EVO-GEM2,tengu,1000,1000,COMBAT,B,KO,,64971,2,12,0,26
3279,2800,ranked,kappa,EVO-DS,1513,1509,COMBAT,A,KO,,65001,2,11,12,0
3280,2801,ranked,RYUBOT,kirin,1259,1120,COMBAT,A,KO,,65040,3,16,8,0
3281,2802,ranked,PI-AGENT,raiju,862,920,COMBAT,A,KO,,65018,2,12,8,0
3282,2803,ranked,tanuki,kitsune,754,731,COMBAT,B,KO,,65079,3,15,0,44
3283,2804,ranked,GEM-LITE,EVO-DS3,696,789,COMBAT,,HP_TIE,,65077,3,18,14,14
3284,2805,ranked,RYUBOT,EVO-GEM,1270,1290,COMBAT,A,KO,,65099,2,11,12,0
3285,2806,ranked,kappa,EVO-DS,1528,1494,COMBAT,,DOUBLE_KO,,65146,3,13,0,0
3286,2807,ranked,PI-AGENT,raiju,879,903,COMBAT,B,KO,,65163,3,13,0,14
3287,2808,ranked,kitsune,EVO-DS3,747,787,COMBAT,A,HP,,65167,3,18,56,34
3288,2809,ranked,GEM-LITE,tanuki,698,738,COMBAT,A,HP,,65166,3,18,60,52
3289,2810,duel,EVO-GEM2,tengu,1000,1000,COMBAT,B,KO,,65161,2,8,0,40
3290,2811,cup,oni,KEN.EXE,1356,1278,COMBAT,A,KO,,65228,3,13,70,0
3291,2812,ranked,RYUBOT,EVO-GEM,1286,1274,COMBAT,B,KO,,65215,2,10,0,24
3292,2813,ranked,PI-AGENT,kitsune,864,764,COMBAT,A,HP,,65255,3,18,46,6
3293,2814,ranked,tanuki,EVO-DS3,721,770,COMBAT,B,HP,,65252,3,18,44,46
3294,2815,ranked,kappa,EVO-DS,1527,1495,COMBAT,A,KO,,65291,3,17,16,0
3295,2811,cup,oni,KEN.EXE,1356,1278,COMBAT,A,KO,,65283,2,11,38,0
3296,2816,ranked,kirin,raiju,1109,918,COMBAT,A,KO,,65302,2,12,16,0
3297,2817,ranked,GEM-LITE,tanuki,715,707,COMBAT,B,HP,,65338,3,18,34,64
3298,2818,ranked,PI-AGENT,EVO-DS3,876,784,COMBAT,A,HP,,65343,3,18,82,4
3299,2819,ranked,QWEN-235,ronin,531,392,FORFEIT,A,,REVEAL,65304,0,0,,
3300,2820,ranked,RYUBOT,EVO-GEM,1270,1290,COMBAT,B,KO,,65334,2,10,0,8
3301,2811,cup,oni,KEN.EXE,1356,1278,COMBAT,B,KO,,65337,2,10,0,10
3302,2811,cup,oni,KEN.EXE,1356,1278,COMBAT,A,KO,,65419,3,13,20,0
3303,2821,ranked,tanuki,kitsune,723,752,COMBAT,A,HP,,65423,3,18,20,10
3304,2822,ranked,PI-AGENT,raiju,889,909,COMBAT,,DOUBLE_KO,,65429,3,15,0,0
3305,2823,ranked,GEM-LITE,EVO-DS3,699,771,COMBAT,A,HP,,65430,3,18,42,22
3306,2824,ranked,kappa,EVO-DS,1541,1481,COMBAT,,DOUBLE_KO,,65433,3,13,0,0
3307,2825,ranked,RYUBOT,kirin,1255,1118,COMBAT,A,KO,,65432,2,10,36,0
3308,2826,duel,EVO-GEM2,tengu,1000,1000,COMBAT,B,KO,,65459,2,10,0,26
3309,2826,duel,EVO-GEM2,tengu,1000,1000,COMBAT,B,KO,,65513,2,10,0,26
3310,2827,ranked,GEM-LITE,EVO-DS3,717,753,COMBAT,B,HP,,65575,3,18,10,24
3311,2828,ranked,kappa,EVO-DS,1540,1482,COMBAT,A,KO,,65551,2,12,18,0
3312,2829,ranked,kirin,EVO-GEM,1107,1305,COMBAT,B,KO,,65575,2,10,0,20
3313,2830,ranked,EVO-DS3,raiju,767,909,COMBAT,B,KO,,65704,3,13,0,58
3314,2831,ranked,QWEN-235,ronin,542,381,FORFEIT,A,,COMMIT,65656,0,0,,
3315,2832,cup,tanuki,PI-AGENT,739,889,COMBAT,B,HP,,65720,3,18,4,10
3316,2833,cup,kitsune,RYUBOT,736,1266,COMBAT,B,KO,,65722,3,16,0,4
3317,2834,ranked,EVO-DS,EVO-GEM,1468,1314,COMBAT,A,KO,,65715,2,12,8,0
3318,2835,duel,EVO-DS2,baku,1000,1000,COMBAT,A,HP,,65788,3,18,32,26
3319,2836,ranked,GEM-LITE,EVO-DS3,703,756,COMBAT,B,HP,,65791,3,18,12,32
3320,2832,cup,tanuki,PI-AGENT,739,889,COMBAT,A,KO,,65801,3,17,6,0
3321,2833,cup,kitsune,RYUBOT,736,1266,COMBAT,B,KO,,65805,3,14,0,24
3322,2837,ranked,kirin,raiju,1098,920,COMBAT,A,KO,,65844,2,12,16,0
3323,2838,ranked,EVO-DS,EVO-GEM,1479,1303,COMBAT,,DOUBLE_KO,,65883,3,13,0,0
3324,2832,cup,tanuki,PI-AGENT,739,889,COMBAT,B,HP,,65882,3,18,8,40
3325,2839,ranked,GEM-LITE,QWEN-235,689,552,FORFEIT,A,,REVEAL,65900,1,6,40,78
3326,2840,ranked,EVO-DS3,raiju,770,910,COMBAT,A,KO,,65943,2,8,40,0
3327,2841,ranked,tanuki,kitsune,739,736,COMBAT,A,HP,,65970,3,18,36,24
3328,2842,ranked,GEM-LITE,EVO-DS3,700,790,COMBAT,B,HP,,66031,3,18,16,54
3329,2843,ranked,kirin,EVO-GEM,1108,1308,COMBAT,B,KO,,66022,2,10,0,20
3330,2844,duel,EVO-DS2,EVO-GEM2,1000,1000,COMBAT,A,KO,,66088,3,16,8,0
3331,2845,ranked,tanuki,raiju,754,890,COMBAT,,DOUBLE_KO,,66099,3,13,0,0
3332,2846,ranked,kitsune,EVO-DS3,721,803,COMBAT,B,HP,,66116,3,18,10,20
3333,2847,ranked,GEM-LITE,tanuki,687,758,FORFEIT,B,,REVEAL,66196,2,12,100,76
3334,2848,ranked,EVO-DS,EVO-GEM,1474,1317,COMBAT,A,KO,,66161,2,9,12,0
3335,2849,ranked,EVO-DS3,raiju,816,886,COMBAT,B,KO,,66205,3,17,0,16
3336,2850,ranked,tanuki,kitsune,771,708,COMBAT,A,HP,,66282,3,18,32,26
3337,2851,ranked,EVO-DS,EVO-GEM,1484,1307,COMBAT,A,KO,,66303,2,9,26,0
3338,2852,ranked,EVO-DS3,raiju,803,899,COMBAT,B,HP,,66350,3,18,4,6
3339,2853,ranked,QWEN-235,ronin,541,371,FORFEIT,B,,REVEAL,66343,1,6,100,58
3340,2854,duel,EVO-DS2,EVO-GEM2,1000,1000,COMBAT,A,KO,,66387,3,18,22,0
3341,2855,ranked,tanuki,kitsune,784,695,COMBAT,B,KO,,66426,3,14,0,68
3342,2854,duel,EVO-DS2,EVO-GEM2,1000,1000,COMBAT,B,KO,,66468,3,13,0,24
3343,2856,ranked,kirin,EVO-GEM,1099,1297,COMBAT,B,KO,,66444,2,10,0,20
3344,2857,ranked,EVO-DS3,raiju,791,911,COMBAT,A,KO,,66495,3,13,8,0
3345,2858,ranked,GEM-LITE,tanuki,674,766,COMBAT,A,HP,,66521,3,18,50,46
3346,2854,duel,EVO-DS2,EVO-GEM2,1000,1000,COMBAT,B,KO,,66551,3,13,0,18
3347,2859,ranked,kitsune,EVO-DS3,713,810,COMBAT,B,KO,,66557,2,11,0,88
3348,2860,ranked,EVO-DS,EVO-GEM,1494,1306,COMBAT,A,KO,,66587,2,11,12,0
3349,2861,ranked,EVO-DS3,raiju,822,892,COMBAT,B,KO,,66616,2,11,0,68
3350,2862,ranked,tanuki,kitsune,748,701,COMBAT,B,HP,,66641,3,18,2,36
3351,2863,duel,EVO-DS2,tengu,1000,1000,COMBAT,B,HP,,66688,3,18,6,30
3352,2864,ranked,GEM-LITE,tanuki,692,731,FORFEIT,B,,REVEAL,66736,2,12,50,84
3353,2865,ranked,kitsune,EVO-DS3,718,809,COMBAT,A,HP,,66727,3,18,46,20
3354,2866,ranked,tanuki,EVO-DS3,745,791,COMBAT,A,HP,,66824,3,18,74,44
3355,2867,ranked,kirin,raiju,1090,905,COMBAT,A,KO,,66829,2,12,16,0
3356,2868,ranked,kitsune,EVO-DS3,736,774,COMBAT,A,KO,,66883,2,11,78,0
3357,2869,ranked,tanuki,raiju,762,895,COMBAT,B,KO,,66953,3,17,0,28
3358,2870,duel,EVO-GEM2,baku,1000,1000,COMBAT,B,KO,,66960,2,11,0,26
3359,2871,ranked,kirin,EVO-GEM,1100,1297,COMBAT,B,KO,,66967,2,10,0,20
3360,2872,cup,oni,PI-AGENT,1356,889,COMBAT,B,KO,,67022,3,14,0,4
3361,2873,cup,RYUBOT,KEN.EXE,1266,1278,COMBAT,A,KO,,67023,3,13,58,0
3362,2874,ranked,tanuki,EVO-DS3,751,757,COMBAT,B,HP,,67038,3,18,30,54
3363,2870,duel,EVO-GEM2,baku,1000,1000,COMBAT,,DOUBLE_KO,,67043,3,13,0,0
3364,2875,ranked,GEM-LITE,kitsune,678,753,FORFEIT,B,,REVEAL,67044,1,6,68,74
3365,2872,cup,oni,PI-AGENT,1356,889,COMBAT,A,KO,,67078,2,7,70,0
3366,2873,cup,RYUBOT,KEN.EXE,1266,1278,COMBAT,A,KO,,67105,3,13,26,0
3367,2870,duel,EVO-GEM2,baku,1000,1000,COMBAT,A,KO,,67124,3,15,36,0
3368,2876,ranked,EVO-DS,EVO-GEM,1503,1306,COMBAT,A,KO,,67108,2,9,12,0
3369,2877,ranked,kirin,raiju,1091,906,COMBAT,A,KO,,67107,2,12,16,0
3370,2872,cup,oni,PI-AGENT,1356,889,COMBAT,A,KO,,67132,2,7,56,0
3371,2878,ranked,tanuki,EVO-DS3,736,772,COMBAT,A,HP,,67184,3,18,78,18
3372,2870,duel,EVO-GEM2,baku,1000,1000,COMBAT,B,KO,,67180,2,10,0,26
3373,2879,ranked,PI-AGENT,raiju,889,896,COMBAT,A,HP,,67218,3,18,8,2
3374,2880,ranked,EVO-GEM,KEN.EXE,1297,1278,COMBAT,A,KO,,67222,3,14,38,0
3375,2870,duel,EVO-GEM2,baku,1000,1000,COMBAT,A,KO,,67262,3,13,8,0
3376,2881,ranked,kappa,EVO-DS,1554,1512,COMBAT,B,KO,,67254,2,12,0,10
3377,2882,ranked,tanuki,kitsune,753,766,COMBAT,A,HP,,67282,3,18,66,20
3378,2883,ranked,QWEN-235,ronin,520,392,FORFEIT,A,,REVEAL,67280,0,0,,
3379,2884,ranked,EVO-DS3,raiju,755,880,COMBAT,,DOUBLE_KO,,67342,3,17,0,0
3380,2870,duel,EVO-GEM2,baku,1000,1000,COMBAT,A,KO,,67346,3,13,28,0
3381,2885,ranked,EVO-GEM,KEN.EXE,1312,1263,COMBAT,B,HP,,67366,3,18,42,54
3382,2886,ranked,GEM-LITE,kitsune,665,750,COMBAT,A,HP,,67371,3,18,48,28
3383,2887,ranked,PI-AGENT,kirin,905,1101,COMBAT,B,KO,,67385,3,15,0,50
3384,2888,ranked,kappa,EVO-DS,1537,1529,COMBAT,,DOUBLE_KO,,67398,3,13,0,0
3385,2889,ranked,tanuki,EVO-DS3,769,759,COMBAT,B,KO,,67427,3,13,0,40
3386,2890,ranked,PI-AGENT,raiju,896,876,COMBAT,B,KO,,67472,3,13,0,18
3387,2891,ranked,EVO-GEM,KEN.EXE,1295,1280,COMBAT,A,KO,,67512,3,14,30,0
3388,2892,ranked,GEM-LITE,kitsune,683,732,FORFEIT,B,,REVEAL,67524,2,12,36,26
3389,2893,ranked,kappa,EVO-DS,1537,1529,COMBAT,A,KO,,67515,2,11,16,0
3390,2894,ranked,tanuki,EVO-DS3,753,775,COMBAT,B,HP,,67568,3,18,24,44
3391,2895,duel,EVO-DS2,tengu,1000,1000,COMBAT,B,KO,,67562,2,12,0,54
3392,2896,ranked,PI-AGENT,raiju,880,892,COMBAT,B,KO,,67615,3,13,0,70
3393,2895,duel,EVO-DS2,tengu,1000,1000,COMBAT,B,KO,,67646,3,15,0,56
3394,2897,ranked,EVO-GEM,KEN.EXE,1310,1265,COMBAT,A,KO,,67627,2,10,42,0
3395,2898,ranked,kitsune,EVO-DS3,746,790,COMBAT,A,KO,,67655,3,15,32,0
3396,2899,ranked,kappa,EVO-DS,1552,1514,COMBAT,A,KO,,67660,3,14,16,0
3397,2900,ranked,QWEN-235,ronin,531,381,FORFEIT,A,,COMMIT,67600,0,0,,
3398,2895,duel,EVO-DS2,tengu,1000,1000,COMBAT,B,KO,,67730,3,18,0,16
3399,2901,ranked,tanuki,PI-AGENT,738,865,COMBAT,B,HP,,67743,3,18,6,46
3400,2902,ranked,kirin,KEN.EXE,1110,1251,COMBAT,B,KO,,67755,3,17,0,36
3401,2903,ranked,EVO-DS3,raiju,773,907,COMBAT,A,KO,,67782,3,13,14,0
3402,2904,ranked,kappa,EVO-DS,1566,1500,COMBAT,B,KO,,67803,3,14,0,14
3403,2905,ranked,tanuki,kitsune,727,763,COMBAT,A,KO,,67803,2,12,54,0
3404,2906,ranked,EVO-GEM,KEN.EXE,1324,1262,COMBAT,A,KO,,67844,3,13,22,0
3405,2907,ranked,PI-AGENT,EVO-DS3,876,793,COMBAT,B,HP,,67869,3,18,24,92
3406,2908,duel,EVO-DS2,baku,1000,1000,COMBAT,A,HP,,67886,3,18,30,12
3407,2909,ranked,GEM-LITE,QWEN-235,669,542,COMBAT,A,KO,,67888,3,15,26,0
3408,2910,ranked,kitsune,raiju,746,887,COMBAT,B,KO,,67929,3,13,0,68
3409,2911,ranked,kappa,EVO-DS,1548,1518,COMBAT,B,KO,,67948,3,15,0,18
3410,2912,ranked,tanuki,EVO-DS3,744,811,COMBAT,B,HP,,67953,3,18,54,60
3411,2913,ranked,kirin,KEN.EXE,1099,1248,COMBAT,B,HP,,67970,3,18,8,28
3412,2914,ranked,PI-AGENT,raiju,858,898,COMBAT,B,KO,,68021,3,17,0,28
3413,2915,ranked,GEM-LITE,kitsune,680,735,COMBAT,B,HP,,68019,3,18,26,54
3414,2916,ranked,QWEN-235,ronin,531,370,FORFEIT,A,,REVEAL,68008,0,0,,
3415,2917,ranked,EVO-GEM,KEN.EXE,1338,1259,COMBAT,B,KO,,68029,2,11,0,26
3416,2918,ranked,tanuki,EVO-DS3,731,824,COMBAT,A,KO,,68100,3,14,20,0
3417,2919,ranked,PI-AGENT,kitsune,844,749,COMBAT,A,HP,,68110,3,18,48,6
3418,2920,ranked,GEM-LITE,QWEN-235,666,541,COMBAT,B,HP,,68146,3,18,4,46
3419,2921,ranked,EVO-GEM,KEN.EXE,1320,1277,COMBAT,A,KO,,68147,2,7,44,0
3420,2922,ranked,kirin,raiju,1088,912,COMBAT,A,KO,,68159,2,12,16,0
3421,2923,duel,EVO-GEM2,tengu,1000,1000,COMBAT,B,KO,,68162,2,9,0,26
3422,2924,ranked,tanuki,kitsune,749,737,COMBAT,B,HP,,68195,3,18,22,30
3423,2925,ranked,PI-AGENT,EVO-DS3,856,806,COMBAT,B,HP,,68191,3,18,32,70
3424,2923,duel,EVO-GEM2,tengu,1000,1000,COMBAT,B,KO,,68216,2,12,0,8
3425,2926,ranked,EVO-DS3,raiju,823,902,COMBAT,A,HP,,68277,3,18,8,6
3426,2927,ranked,GEM-LITE,tanuki,646,733,COMBAT,A,HP,,68283,3,18,56,38
3427,2928,ranked,PI-AGENT,kitsune,839,753,COMBAT,B,HP,,68283,3,18,24,40
3428,2923,duel,EVO-GEM2,tengu,1000,1000,COMBAT,B,KO,,68271,2,8,0,40
3429,2929,cup,oni,RYUBOT,1356,1266,COMBAT,A,KO,,68293,2,7,42,0
3430,2930,ranked,kirin,KEN.EXE,1098,1263,COMBAT,B,KO,,68327,3,16,0,20
3431,2931,ranked,kappa,EVO-GEM,1532,1334,COMBAT,A,KO,,68332,2,11,16,0
3432,2932,ranked,PI-AGENT,raiju,821,884,COMBAT,B,KO,,68344,2,11,0,60
3433,2933,ranked,kitsune,EVO-DS3,771,841,COMBAT,A,HP,,68371,3,18,52,36
3434,2929,cup,oni,RYUBOT,1356,1266,COMBAT,A,KO,,68347,2,9,24,0
3435,2934,ranked,GEM-LITE,QWEN-235,664,561,FORFEIT,A,,REVEAL,68392,1,6,56,72
3436,2929,cup,oni,RYUBOT,1356,1266,COMBAT,A,KO,,68401,2,7,70,0
3437,2935,ranked,tanuki,PI-AGENT,715,808,COMBAT,A,HP,,68428,3,18,36,28
3438,2936,ranked,EVO-DS3,raiju,823,897,COMBAT,B,HP,,68459,3,18,26,32
3439,2937,duel,EVO-GEM2,tengu,1000,1000,COMBAT,A,KO,,68487,3,13,4,0
3440,2938,ranked,kirin,KEN.EXE,1088,1273,COMBAT,B,HP,,68493,3,18,20,24
3441,2939,ranked,GEM-LITE,kitsune,676,789,COMBAT,A,HP,,68519,3,18,40,22
3442,2937,duel,EVO-GEM2,tengu,1000,1000,COMBAT,B,KO,,68542,2,11,0,4
3443,2940,ranked,EVO-DS3,raiju,810,910,COMBAT,A,KO,,68607,3,15,22,0
3444,2937,duel,EVO-GEM2,tengu,1000,1000,COMBAT,B,KO,,68596,2,11,0,16
3445,2941,ranked,GEM-LITE,kitsune,695,770,COMBAT,B,HP,,68662,3,18,16,54
3446,2942,cup,tanuki,PI-AGENT,733,790,COMBAT,B,KO,,68704,3,18,0,16
3447,2943,ranked,EVO-DS3,raiju,829,891,COMBAT,B,KO,,68748,3,17,0,12
3448,2942,cup,tanuki,PI-AGENT,733,790,COMBAT,A,KO,,68786,3,15,24,0
3449,2944,duel,EVO-DS2,tengu,1000,1000,COMBAT,B,KO,,68788,3,16,0,40
3450,2945,ranked,GEM-LITE,QWEN-235,682,549,COMBAT,,HP_TIE,,68790,3,18,30,30
3451,2946,ranked,kitsune,EVO-DS3,783,815,COMBAT,A,HP,,68836,3,18,56,32
3452,2942,cup,tanuki,PI-AGENT,733,790,COMBAT,A,KO,,68868,3,14,28,0
3453,2944,duel,EVO-DS2,tengu,1000,1000,COMBAT,B,KO,,68840,2,9,0,48
3454,2947,ranked,kirin,raiju,1078,905,COMBAT,A,KO,,68887,2,12,16,0
3455,2944,duel,EVO-DS2,tengu,1000,1000,COMBAT,B,KO,,68923,3,13,0,38
3456,2948,ranked,GEM-LITE,QWEN-235,678,553,COMBAT,B,KO,,68935,3,15,0,60
3457,2949,ranked,PI-AGENT,kitsune,790,800,COMBAT,B,HP,,68959,3,18,38,44
3458,2950,ranked,kitsune,EVO-DS3,815,798,COMBAT,A,HP,,69047,3,18,44,28
3459,2951,ranked,kirin,raiju,1088,895,COMBAT,A,KO,,69027,2,12,16,0
3460,2952,ranked,GEM-LITE,QWEN-235,658,573,FORFEIT,A,,REVEAL,69059,1,6,44,62
3461,2953,duel,EVO-DS2,EVO-GEM2,1000,1000,COMBAT,,DOUBLE_KO,,69083,3,13,0,0
3462,2954,ranked,PI-AGENT,EVO-DS3,775,783,COMBAT,B,KO,,69134,3,15,0,8
3463,2955,ranked,kitsune,raiju,830,886,COMBAT,,DOUBLE_KO,,69133,3,15,0,0
3464,2953,duel,EVO-DS2,EVO-GEM2,1000,1000,COMBAT,B,KO,,69167,3,17,0,22
3465,2956,ranked,GEM-LITE,PI-AGENT,671,760,COMBAT,B,HP,,69224,3,18,22,46
3466,2957,ranked,kitsune,EVO-DS3,831,798,COMBAT,A,HP,,69223,3,18,60,18
3467,2953,duel,EVO-DS2,EVO-GEM2,1000,1000,COMBAT,B,KO,,69250,3,13,0,46
3468,2958,ranked,kitsune,raiju,845,885,COMBAT,B,KO,,69310,3,13,0,18
3469,2959,ranked,PI-AGENT,EVO-DS3,773,784,COMBAT,A,HP,,69311,3,18,26,22
3470,2960,duel,EVO-DS2,EVO-GEM2,1000,1000,COMBAT,B,KO,,69389,3,15,0,32
3471,2961,ranked,PI-AGENT,kitsune,789,831,COMBAT,B,KO,,69400,3,17,0,68
3472,2962,ranked,GEM-LITE,EVO-DS3,658,768,COMBAT,A,KO,,69440,3,16,12,0
3473,2960,duel,EVO-DS2,EVO-GEM2,1000,1000,COMBAT,B,KO,,69472,3,13,0,30
3474,2963,ranked,kirin,raiju,1097,899,COMBAT,A,KO,,69451,2,12,16,0
3475,2964,ranked,kitsune,EVO-DS3,845,749,COMBAT,A,KO,,69525,3,16,10,0
3476,2965,ranked,GEM-LITE,PI-AGENT,677,775,COMBAT,A,HP,,69526,3,18,34,28
3477,2966,ranked,kitsune,raiju,857,890,COMBAT,B,KO,,69609,3,17,0,34
3478,2967,ranked,PI-AGENT,EVO-DS3,756,737,COMBAT,B,HP,,69614,3,18,2,48
3479,2968,ranked,kappa,EVO-DS,1541,1534,COMBAT,B,KO,,69656,2,11,0,24
3480,2969,ranked,GEM-LITE,QWEN-235,696,560,COMBAT,A,HP,,69682,3,18,20,8
3481,2970,duel,EVO-GEM2,baku,1000,1000,COMBAT,B,KO,,69657,2,12,0,22
3482,2971,ranked,kitsune,EVO-DS3,843,753,COMBAT,B,HP,,69703,3,18,36,38
3483,2970,duel,EVO-GEM2,baku,1000,1000,COMBAT,,DOUBLE_KO,,69739,3,13,0,0
3484,2972,ranked,GEM-LITE,PI-AGENT,707,740,COMBAT,B,HP,,69768,3,18,14,22
3485,2973,ranked,kitsune,raiju,825,904,COMBAT,B,KO,,69767,2,11,0,62
3486,2974,ranked,kappa,EVO-DS,1525,1550,COMBAT,,DOUBLE_KO,,69800,3,13,0,0
3487,2970,duel,EVO-GEM2,baku,1000,1000,COMBAT,A,KO,,69820,3,13,54,0
3488,2975,ranked,QWEN-235,ronin,549,360,FORFEIT,A,,COMMIT,69825,1,6,74,92
3489,2976,ranked,kitsune,EVO-DS3,812,771,COMBAT,,HP_TIE,,69857,3,18,12,12
3490,2970,duel,EVO-GEM2,baku,1000,1000,COMBAT,A,KO,,69898,3,15,56,0
3491,2977,ranked,GEM-LITE,PI-AGENT,693,754,COMBAT,A,KO,,69912,3,13,38,0
3492,2978,ranked,kirin,raiju,1106,917,COMBAT,A,KO,,69907,2,12,16,0
3493,2979,ranked,kappa,EVO-DS,1525,1550,COMBAT,B,KO,,69916,2,10,0,50
3494,2980,duel,EVO-DS2,baku,1000,1000,COMBAT,B,HP,,69986,3,18,34,40
3495,2981,ranked,kitsune,raiju,811,908,COMBAT,A,KO,,69967,2,11,12,0
3496,2982,ranked,PI-AGENT,EVO-DS3,737,772,COMBAT,,DOUBLE_KO,,69997,3,18,0,0
3497,2983,cup,oni,tanuki,1356,733,COMBAT,A,KO,,69977,2,11,44,0
3498,2984,cup,RYUBOT,KEN.EXE,1266,1283,COMBAT,A,HP,,70002,3,18,30,2
3499,2985,ranked,kappa,EVO-DS,1510,1565,COMBAT,,DOUBLE_KO,,70031,2,9,0,0
3500,2983,cup,oni,tanuki,1356,733,COMBAT,A,KO,,70032,2,9,48,0
3501,2980,duel,EVO-DS2,baku,1000,1000,COMBAT,B,KO,,70070,3,16,0,54
3502,2986,ranked,GEM-LITE,QWEN-235,710,558,FORFEIT,A,,REVEAL,70063,1,6,40,84
3503,2987,ranked,kitsune,EVO-DS3,830,771,COMBAT,B,KO,,70082,3,15,0,48
3504,2984,cup,RYUBOT,KEN.EXE,1266,1283,COMBAT,A,KO,,70058,2,12,22,0
3505,2988,ranked,tanuki,PI-AGENT,733,738,COMBAT,B,KO,,70150,3,18,0,48
3506,2989,ranked,EVO-GEM,KEN.EXE,1325,1283,COMBAT,A,KO,,70148,3,13,34,0
3507,2980,duel,EVO-DS2,baku,1000,1000,COMBAT,A,HP,,70158,3,18,32,22
3508,2990,ranked,kitsune,raiju,813,889,COMBAT,B,KO,,70170,3,13,0,16
3509,2991,ranked,GEM-LITE,EVO-DS3,721,788,COMBAT,A,HP,,70168,3,18,72,26
3510,2992,ranked,kappa,EVO-DS,1511,1564,COMBAT,A,KO,,70147,2,8,42,0
3511,2980,duel,EVO-DS2,baku,1000,1000,COMBAT,A,HP,,70241,3,18,42,32
3512,2993,ranked,tanuki,EVO-DS3,718,770,COMBAT,B,HP,,70253,3,18,16,44
3513,2994,ranked,GEM-LITE,PI-AGENT,739,753,COMBAT,B,KO,,70254,3,17,0,18
3514,2995,duel,EVO-GEM2,tengu,1000,1000,COMBAT,B,KO,,70261,2,11,0,40
3515,2996,ranked,kappa,EVO-DS,1528,1547,COMBAT,B,KO,,70261,2,9,0,4
3516,2997,ranked,EVO-GEM,KEN.EXE,1339,1269,COMBAT,A,KO,,70292,3,14,26,0
3517,2998,ranked,kitsune,raiju,800,902,COMBAT,A,KO,,70286,2,9,26,0
3518,2980,duel,EVO-DS2,baku,1000,1000,COMBAT,B,HP,,70323,3,18,30,64
3519,2999,ranked,GEM-LITE,EVO-DS3,724,784,FORFEIT,B,,REVEAL,70323,1,6,86,92
3520,3000,ranked,tanuki,PI-AGENT,704,768,COMBAT,A,HP,,70346,3,18,78,8
3521,2995,duel,EVO-GEM2,tengu,1000,1000,COMBAT,B,KO,,70316,2,10,0,22
3522,3001,ranked,kitsune,EVO-DS3,819,798,COMBAT,A,KO,,70408,3,16,2,0
3523,3002,ranked,kirin,KEN.EXE,1115,1256,COMBAT,A,HP,,70420,3,18,48,44
3524,3003,ranked,kappa,EVO-GEM,1513,1352,COMBAT,A,KO,,70431,2,9,12,0
3525,3004,ranked,PI-AGENT,raiju,750,883,COMBAT,B,KO,,70475,3,15,0,14
3526,3005,ranked,tanuki,EVO-DS3,722,783,COMBAT,A,HP,,70495,3,18,44,8
3527,3006,ranked,QWEN-235,ronin,547,351,FORFEIT,A,,COMMIT,70484,0,0,,
3528,3007,ranked,EVO-GEM,KEN.EXE,1342,1236,COMBAT,A,KO,,70531,2,10,4,0
3529,3008,ranked,PI-AGENT,kitsune,739,834,COMBAT,A,HP,,70562,3,18,22,4
3530,3009,duel,tengu,baku,1000,1000,COMBAT,A,HP,,70588,3,18,24,2
3531,3010,ranked,kirin,KEN.EXE,1135,1224,COMBAT,B,HP,,70617,3,18,18,24
3532,3011,ranked,EVO-DS3,raiju,766,894,COMBAT,B,KO,,70623,3,15,0,58
3533,3012,ranked,GEM-LITE,tanuki,710,739,COMBAT,A,KO,,70646,3,16,36,0
3534,3009,duel,tengu,baku,1000,1000,COMBAT,A,HP,,70670,3,18,16,12
3535,3013,ranked,kappa,EVO-GEM,1523,1354,COMBAT,A,KO,,70670,2,11,30,0
3536,3014,ranked,PI-AGENT,kitsune,758,815,COMBAT,B,HP,,70708,3,18,60,72
3537,3015,ranked,GEM-LITE,EVO-DS3,726,755,COMBAT,B,HP,,70731,3,18,18,30
3538,3016,ranked,kirin,KEN.EXE,1122,1237,COMBAT,,HP_TIE,,70764,3,18,28,28
3539,3017,ranked,kitsune,raiju,829,905,COMBAT,B,KO,,70794,3,15,0,8
3540,3018,ranked,tanuki,PI-AGENT,723,744,COMBAT,A,HP,,70795,3,18,36,22
3541,3019,ranked,kappa,EVO-GEM,1533,1344,COMBAT,A,KO,,70809,2,9,16,0
3542,3020,ranked,GEM-LITE,EVO-DS3,711,770,FORFEIT,B,,REVEAL,70883,2,12,20,56
3543,3021,ranked,PI-AGENT,kitsune,728,816,COMBAT,A,HP,,70887,3,18,30,26
3544,3022,duel,EVO-GEM2,tengu,1000,1000,COMBAT,B,KO,,70892,3,14,0,4
3545,3023,ranked,kirin,KEN.EXE,1125,1234,COMBAT,A,HP,,70907,3,18,60,32
3546,3024,ranked,tanuki,QWEN-235,739,556,FORFEIT,A,,REVEAL,70943,1,6,74,84
3547,3025,ranked,kitsune,EVO-DS3,798,784,COMBAT,A,HP,,70974,3,18,64,60
3548,3026,ranked,tanuki,PI-AGENT,749,746,COMBAT,B,HP,,71035,3,18,6,26
3549,3027,ranked,EVO-GEM,KEN.EXE,1335,1215,COMBAT,A,KO,,71034,3,13,2,0
3550,3028,ranked,kitsune,raiju,813,918,COMBAT,B,KO,,71103,3,13,0,6
3551,3029,ranked,kirin,KEN.EXE,1144,1203,COMBAT,B,HP,,71118,3,18,34,52
3552,3030,ranked,tanuki,EVO-DS3,733,769,COMBAT,A,KO,,71121,3,13,52,0
3553,3031,duel,EVO-DS2,EVO-GEM2,1000,1000,COMBAT,B,KO,,71191,3,13,0,56
3554,3032,ranked,PI-AGENT,kitsune,762,801,COMBAT,A,HP,,71190,3,18,42,40
3555,3033,ranked,GEM-LITE,EVO-DS3,697,752,FORFEIT,B,,REVEAL,71216,2,12,32,36
3556,3034,ranked,kappa,EVO-GEM,1542,1347,COMBAT,,DOUBLE_KO,,71191,2,10,0,0
3557,3035,ranked,kirin,KEN.EXE,1130,1217,COMBAT,B,KO,,71261,3,17,0,40
3558,3036,ranked,tanuki,PI-AGENT,750,779,COMBAT,A,KO,,71276,3,17,34,0
3559,3037,ranked,kitsune,EVO-DS3,784,766,COMBAT,A,KO,,71302,3,13,42,0
3560,3038,cup,oni,RYUBOT,1356,1266,COMBAT,A,KO,,71276,2,11,12,0
3561,3038,cup,oni,RYUBOT,1356,1266,COMBAT,A,KO,,71331,2,9,24,0
3562,3039,ranked,kappa,EVO-GEM,1536,1353,COMBAT,A,KO,,71330,2,12,22,0
3563,3040,ranked,PI-AGENT,EVO-DS3,763,751,COMBAT,B,KO,,71386,3,16,0,56
3564,3041,ranked,tanuki,kitsune,766,799,COMBAT,A,HP,,71390,3,18,16,2
3565,3038,cup,oni,RYUBOT,1356,1266,COMBAT,A,KO,,71387,2,11,18,0
3566,3042,ranked,EVO-GEM,KEN.EXE,1343,1230,COMBAT,B,KO,,71459,3,16,0,12
3567,3043,duel,EVO-DS2,EVO-GEM2,1000,1000,COMBAT,B,KO,,71489,3,13,0,10
3568,3044,ranked,kirin,raiju,1117,930,COMBAT,A,KO,,71484,2,12,16,0
3569,3045,ranked,PI-AGENT,EVO-DS3,747,767,COMBAT,A,HP,,71532,3,18,42,20
3570,3043,duel,EVO-DS2,EVO-GEM2,1000,1000,COMBAT,A,KO,,71570,3,14,40,0
3571,3043,duel,EVO-DS2,EVO-GEM2,1000,1000,COMBAT,,DOUBLE_KO,,71652,3,17,0,0
3572,3046,ranked,PI-AGENT,EVO-DS3,763,751,COMBAT,A,HP,,71673,3,18,6,4
3573,3047,cup,tanuki,KEN.EXE,783,1249,COMBAT,B,KO,,71690,3,16,0,14
3574,3048,cup,QWEN-235,EVO-GEM,546,1324,COMBAT,,DOUBLE_KO,,71691,3,14,0,0
3575,3049,cup,kitsune,RYUBOT,782,1266,COMBAT,B,KO,,71686,3,18,0,54
3576,3043,duel,EVO-DS2,EVO-GEM2,1000,1000,COMBAT,B,KO,,71735,3,13,0,36
3577,3049,cup,kitsune,RYUBOT,782,1266,COMBAT,B,HP,,71769,3,18,8,42
3578,3047,cup,tanuki,KEN.EXE,783,1249,COMBAT,A,HP,,71770,3,18,54,48
3579,3048,cup,QWEN-235,EVO-GEM,546,1324,FORFEIT,B,,REVEAL,71754,1,6,40,52
3580,3050,duel,tengu,baku,1000,1000,COMBAT,B,KO,,71788,3,14,0,10
3581,3051,ranked,PI-AGENT,raiju,778,920,COMBAT,A,KO,,71771,2,12,4,0
3582,3047,cup,tanuki,KEN.EXE,783,1249,COMBAT,B,HP,,71852,3,18,14,50
3583,3052,ranked,PI-AGENT,EVO-DS3,798,736,COMBAT,A,KO,,71860,3,15,4,0
3584,3050,duel,tengu,baku,1000,1000,COMBAT,A,KO,,71871,3,14,28,0
3585,3053,ranked,tanuki,kitsune,783,782,COMBAT,A,HP,,71942,3,18,58,50
3586,3054,ranked,PI-AGENT,raiju,812,900,COMBAT,B,KO,,71946,3,17,0,72
3587,3050,duel,tengu,baku,1000,1000,COMBAT,A,HP,,71954,3,18,18,4
3588,3055,ranked,tanuki,EVO-DS3,798,722,COMBAT,B,KO,,72032,3,18,0,56
3589,3056,ranked,PI-AGENT,kitsune,799,767,COMBAT,B,HP,,72034,3,18,14,38
3590,3057,ranked,kappa,EVO-DS,1546,1562,COMBAT,A,KO,,72087,3,13,22,0
3591,3058,duel,EVO-DS2,baku,1000,1000,COMBAT,A,HP,,72088,3,18,6,2
3592,3059,ranked,GEM-LITE,EVO-DS3,683,740,FORFEIT,B,,REVEAL,72126,2,12,48,76
3593,3060,ranked,tanuki,kitsune,780,784,COMBAT,B,HP,,72118,3,18,8,28
3594,3061,ranked,PI-AGENT,raiju,782,913,COMBAT,B,KO,,72157,3,15,0,22
3595,3058,duel,EVO-DS2,baku,1000,1000,COMBAT,B,HP,,72169,3,18,6,8
3596,3062,ranked,tanuki,EVO-DS3,765,754,COMBAT,B,KO,,72214,3,18,0,8
3597,3063,ranked,kappa,EVO-DS,1562,1546,COMBAT,A,KO,,72204,2,11,24,0
3598,3064,ranked,PI-AGENT,kitsune,771,799,COMBAT,B,HP,,72241,3,18,14,58
3599,3058,duel,EVO-DS2,baku,1000,1000,COMBAT,A,HP,,72252,3,18,18,8
3600,3065,ranked,tanuki,PI-AGENT,749,756,COMBAT,A,HP,,72324,3,18,44,32
3601,3066,ranked,kitsune,EVO-DS3,814,770,COMBAT,B,HP,,72332,3,18,12,16
3602,3067,ranked,kappa,EVO-DS,1577,1531,COMBAT,B,KO,,72318,2,12,0,4
3603,3068,duel,EVO-DS2,baku,1000,1000,COMBAT,B,HP,,72386,3,18,46,52
3604,3069,ranked,tanuki,kitsune,765,797,COMBAT,B,KO,,72419,3,17,0,34
3605,3070,ranked,PI-AGENT,EVO-DS3,740,787,COMBAT,B,HP,,72418,3,18,26,92
3606,3071,ranked,kappa,EVO-DS,1560,1548,COMBAT,B,KO,,72435,2,12,0,28
3607,3068,duel,EVO-DS2,baku,1000,1000,COMBAT,B,HP,,72467,3,18,12,52
3608,3072,ranked,GEM-LITE,QWEN-235,669,546,FORFEIT,A,,REVEAL,72472,1,6,78,78
3609,3073,ranked,tanuki,PI-AGENT,751,726,COMBAT,B,KO,,72507,3,16,0,14
3610,3074,ranked,kitsune,EVO-DS3,811,801,COMBAT,B,KO,,72505,3,17,0,34
3611,3075,ranked,kappa,EVO-DS,1544,1564,COMBAT,A,KO,,72551,2,8,44,0
3612,3076,ranked,GEM-LITE,tanuki,681,735,COMBAT,A,HP,,72596,3,18,28,12
3613,3077,ranked,PI-AGENT,EVO-DS3,742,817,COMBAT,B,HP,,72595,3,18,14,48
3614,3078,ranked,kitsune,raiju,795,924,COMBAT,B,KO,,72633,3,13,0,20
3615,3079,ranked,GEM-LITE,PI-AGENT,698,729,COMBAT,A,HP,,72683,3,18,56,36
3616,3080,duel,EVO-GEM2,baku,1000,1000,COMBAT,A,KO,,72658,2,11,26,0
3617,3081,ranked,kappa,EVO-DS,1560,1548,COMBAT,A,KO,,72666,2,11,14,0
3618,3082,ranked,kitsune,EVO-DS3,784,830,COMBAT,A,HP,,72718,3,18,30,8
3619,3083,ranked,tanuki,PI-AGENT,718,713,COMBAT,A,HP,,72771,3,18,26,4
3620,3084,ranked,GEM-LITE,kitsune,714,801,COMBAT,B,HP,,72806,3,18,20,34
3621,3085,ranked,EVO-DS3,raiju,813,935,COMBAT,B,KO,,72847,3,13,0,16
3622,3086,ranked,tanuki,kitsune,733,814,COMBAT,B,HP,,72889,3,18,4,6
3623,3087,ranked,GEM-LITE,PI-AGENT,701,698,COMBAT,B,HP,,72892,3,18,24,42
3624,3088,ranked,QWEN-235,ronin,534,342,FORFEIT,A,,COMMIT,72903,1,6,92,66
3625,3089,ranked,kitsune,EVO-DS3,827,801,COMBAT,A,HP,,72975,3,18,54,24
3626,3090,ranked,GEM-LITE,tanuki,685,720,COMBAT,B,KO,,72951,2,12,0,34
3627,3091,duel,EVO-DS2,tengu,1000,1000,COMBAT,B,HP,,72988,3,18,4,52
3628,3092,cup,oni,KEN.EXE,1356,1249,COMBAT,A,KO,,72963,2,11,6,0
3629,3093,cup,RYUBOT,EVO-GEM,1266,1324,COMBAT,A,KO,,72962,2,9,16,0
3630,3094,ranked,kirin,raiju,1127,947,COMBAT,A,KO,,72985,2,12,16,0
3631,3095,ranked,tanuki,PI-AGENT,734,714,COMBAT,B,HP,,73039,3,18,38,60
3632,3093,cup,RYUBOT,EVO-GEM,1266,1324,COMBAT,B,KO,,73018,2,7,0,92
3633,3092,cup,oni,KEN.EXE,1356,1249,COMBAT,A,KO,,73017,2,7,64,0
3634,3091,duel,EVO-DS2,tengu,1000,1000,COMBAT,B,KO,,73072,3,18,0,34
3635,3096,ranked,kitsune,raiju,842,937,COMBAT,A,KO,,73076,3,14,4,0
3636,3097,ranked,GEM-LITE,QWEN-235,671,543,FORFEIT,A,,REVEAL,73060,1,6,84,84
3637,3093,cup,RYUBOT,EVO-GEM,1266,1324,COMBAT,A,KO,,73072,2,12,4,0
3638,3098,ranked,tanuki,EVO-DS3,718,786,COMBAT,B,HP,,73127,3,18,50,68
3639,3099,ranked,GEM-LITE,PI-AGENT,682,730,COMBAT,A,KO,,73147,3,15,56,0
3640,3100,ranked,EVO-GEM,KEN.EXE,1324,1249,COMBAT,A,KO,,73131,2,7,66,0
3641,3101,ranked,kirin,KEN.EXE,1137,1236,COMBAT,B,HP,,73219,3,18,2,24
3642,3102,ranked,kitsune,raiju,861,918,COMBAT,A,KO,,73219,3,14,14,0
3643,3103,ranked,tanuki,PI-AGENT,705,713,COMBAT,,HP_TIE,,73233,3,18,30,30
3644,3104,ranked,GEM-LITE,EVO-DS3,699,799,COMBAT,B,HP,,73235,3,18,46,82
3645,3105,duel,EVO-DS2,tengu,1000,1000,COMBAT,B,KO,,73288,3,13,0,16
3646,3106,ranked,EVO-GEM,KEN.EXE,1337,1248,COMBAT,A,KO,,73307,3,17,14,0
3647,3107,ranked,kitsune,EVO-DS3,878,811,COMBAT,A,KO,,73323,3,13,80,0
3648,3108,ranked,GEM-LITE,tanuki,687,705,FORFEIT,B,,REVEAL,73331,2,12,44,64
3649,3105,duel,EVO-DS2,tengu,1000,1000,COMBAT,,DOUBLE_KO,,73372,3,16,0,0
3650,3109,ranked,PI-AGENT,raiju,713,901,COMBAT,A,KO,,73372,2,11,26,0
3651,3110,ranked,tanuki,EVO-DS3,720,798,COMBAT,B,KO,,73392,2,10,0,44
3652,3111,ranked,kirin,KEN.EXE,1125,1235,COMBAT,A,HP,,73436,3,18,36,12
3653,3105,duel,EVO-DS2,tengu,1000,1000,COMBAT,B,KO,,73426,2,12,0,60
3654,3112,ranked,kitsune,raiju,891,879,COMBAT,B,KO,,73459,3,13,0,2
3655,3113,ranked,QWEN-235,ronin,532,333,FORFEIT,A,,REVEAL,73420,0,0,,
3656,3114,ranked,EVO-DS,EVO-GEM,1533,1350,COMBAT,B,KO,,73447,2,10,0,6
3657,3115,ranked,PI-AGENT,EVO-DS3,735,811,COMBAT,B,KO,,73478,3,14,0,62
3658,3116,ranked,tanuki,PI-AGENT,707,722,COMBAT,A,HP,,73568,3,18,80,14
3659,3117,ranked,kitsune,EVO-DS3,875,824,COMBAT,B,HP,,73567,3,18,20,52
3660,3118,ranked,kirin,KEN.EXE,1144,1216,COMBAT,A,HP,,73577,3,18,30,16
3661,3119,duel,tengu,baku,1000,1000,COMBAT,A,KO,,73588,3,16,46,0
3662,3120,ranked,EVO-DS,EVO-GEM,1512,1371,COMBAT,A,KO,,73562,2,9,12,0
3663,3121,ranked,kitsune,raiju,858,895,COMBAT,B,KO,,73655,3,13,0,10
3664,3122,ranked,GEM-LITE,PI-AGENT,672,706,COMBAT,B,KO,,73662,3,18,0,38
3665,3119,duel,tengu,baku,1000,1000,COMBAT,A,KO,,73668,3,14,48,0
3666,3123,ranked,tanuki,EVO-DS3,723,841,COMBAT,B,HP,,73691,3,18,24,56
3667,3124,ranked,kirin,KEN.EXE,1162,1198,COMBAT,B,KO,,73727,3,18,0,20
3668,3125,ranked,EVO-DS,EVO-GEM,1523,1360,COMBAT,A,KO,,73701,2,10,12,0
3669,3126,ranked,EVO-DS3,raiju,853,909,COMBAT,B,KO,,73782,3,15,0,4
3670,3127,ranked,GEM-LITE,tanuki,658,711,FORFEIT,B,,REVEAL,73788,2,12,46,22
3671,3128,ranked,PI-AGENT,kitsune,720,844,COMBAT,B,HP,,73790,3,18,44,62
3672,3129,ranked,EVO-GEM,KEN.EXE,1350,1212,COMBAT,A,HP,,73856,3,18,72,4
3673,3130,ranked,kitsune,raiju,856,923,COMBAT,B,KO,,73880,3,17,0,54
3674,3131,duel,EVO-GEM2,tengu,1000,1000,COMBAT,B,KO,,73860,2,11,0,8
3675,3132,ranked,tanuki,EVO-DS3,725,839,COMBAT,A,KO,,73913,3,17,12,0
3676,3131,duel,EVO-GEM2,tengu,1000,1000,COMBAT,B,KO,,73915,2,11,0,8
3677,3133,ranked,kirin,KEN.EXE,1148,1201,COMBAT,B,KO,,73916,2,11,0,36
3678,3134,ranked,PI-AGENT,QWEN-235,708,541,FORFEIT,A,,REVEAL,73940,1,6,92,92
3679,3135,ranked,tanuki,kitsune,744,843,COMBAT,A,HP,,73997,3,18,18,10
3680,3136,ranked,EVO-DS,EVO-GEM,1533,1361,COMBAT,A,KO,,73996,2,9,8,0
3681,3137,ranked,EVO-DS3,raiju,820,936,COMBAT,B,KO,,74044,3,13,0,12
3682,3138,ranked,kirin,KEN.EXE,1134,1215,COMBAT,B,KO,,74060,3,17,0,24
3683,3139,ranked,PI-AGENT,kitsune,718,824,COMBAT,A,KO,,74124,3,14,54,0
3684,3140,ranked,tanuki,EVO-DS3,763,808,COMBAT,A,KO,,74131,3,14,8,0
3685,3141,ranked,EVO-DS,EVO-GEM,1543,1351,COMBAT,A,KO,,74135,2,9,16,0
3686,3142,duel,EVO-DS2,baku,1000,1000,COMBAT,B,HP,,74185,3,18,28,30
3687,3143,ranked,PI-AGENT,EVO-DS3,737,791,COMBAT,B,HP,,74216,3,18,44,68
3688,3144,ranked,tanuki,kitsune,780,805,COMBAT,B,KO,,74217,3,16,0,16
3689,3145,ranked,kirin,raiju,1121,948,COMBAT,A,KO,,74200,2,12,16,0
3690,3146,ranked,EVO-GEM,KEN.EXE,1342,1228,COMBAT,A,HP,,74262,3,18,54,4
3691,3147,cup,oni,RYUBOT,1356,1266,COMBAT,B,KO,,74263,2,10,0,2
3692,3148,ranked,PI-AGENT,kitsune,723,820,COMBAT,A,KO,,74276,2,11,30,0
3693,3149,ranked,EVO-DS3,raiju,805,938,COMBAT,B,KO,,74343,3,13,0,36
3694,3147,cup,oni,RYUBOT,1356,1266,COMBAT,A,KO,,74318,2,11,18,0
3695,3150,ranked,tanuki,kitsune,765,801,COMBAT,A,HP,,74362,3,18,40,26
3696,3147,cup,oni,RYUBOT,1356,1266,COMBAT,A,KO,,74373,2,11,12,0
3697,3151,ranked,EVO-GEM,KEN.EXE,1354,1216,COMBAT,A,KO,,74407,3,13,38,0
3698,3152,ranked,PI-AGENT,EVO-DS3,742,794,COMBAT,A,KO,,74429,3,17,28,0
3699,3147,cup,oni,RYUBOT,1356,1266,COMBAT,A,KO,,74427,2,7,86,0
3700,3153,ranked,kappa,EVO-DS,1575,1552,COMBAT,A,KO,,74453,2,11,22,0
3701,3154,duel,EVO-GEM2,baku,1000,1000,COMBAT,A,KO,,74490,3,17,4,0
3702,3155,ranked,kirin,KEN.EXE,1131,1205,COMBAT,B,KO,,74494,3,18,0,24
3703,3156,ranked,tanuki,kitsune,782,784,COMBAT,A,HP,,74508,3,18,52,30
3704,3157,ranked,GEM-LITE,QWEN-235,644,531,FORFEIT,A,,REVEAL,74507,1,6,74,76
3705,3154,duel,EVO-GEM2,baku,1000,1000,COMBAT,B,KO,,74545,2,12,0,8
3706,3158,ranked,EVO-DS3,raiju,777,949,COMBAT,B,KO,,74594,3,15,0,16
3707,3159,ranked,kappa,EVO-DS,1590,1537,COMBAT,A,KO,,74571,2,11,18,0
3708,3154,duel,EVO-GEM2,baku,1000,1000,COMBAT,A,KO,,74626,3,15,24,0
3709,3160,ranked,kappa,EVO-DS,1604,1523,COMBAT,B,KO,,74688,2,10,0,12
3710,3161,ranked,GEM-LITE,EVO-DS3,656,767,FORFEIT,B,,REVEAL,74732,2,12,58,68
3711,3162,cup,tanuki,kitsune,798,768,COMBAT,B,HP,,74730,3,18,18,28
3712,3163,cup,PI-AGENT,KEN.EXE,759,1218,COMBAT,B,HP,,74728,3,18,12,32
3713,3164,ranked,kirin,raiju,1118,959,COMBAT,A,KO,,74735,2,12,16,0
3714,3165,duel,EVO-DS2,baku,1000,1000,COMBAT,B,KO,,74790,3,16,0,30
3715,3163,cup,PI-AGENT,KEN.EXE,759,1218,COMBAT,,DOUBLE_KO,,74811,3,18,0,0
3716,3162,cup,tanuki,kitsune,798,768,COMBAT,B,HP,,74814,3,18,24,38
3717,3166,ranked,kappa,EVO-DS,1586,1541,COMBAT,B,KO,,74803,2,11,0,18
3718,3165,duel,EVO-DS2,baku,1000,1000,COMBAT,A,HP,,74872,3,18,26,2
3719,3163,cup,PI-AGENT,KEN.EXE,759,1218,COMBAT,A,HP,,74895,3,18,12,8
3720,3167,ranked,EVO-DS3,raiju,779,949,COMBAT,A,HP,,74903,3,18,14,6
3721,3168,ranked,kappa,EVO-DS,1569,1558,COMBAT,B,KO,,74920,2,8,0,22
3722,3165,duel,EVO-DS2,baku,1000,1000,COMBAT,B,HP,,74955,3,18,16,28
3723,3163,cup,PI-AGENT,KEN.EXE,759,1218,COMBAT,B,KO,,74979,3,15,0,50
3724,3169,ranked,QWEN-235,ronin,519,324,FORFEIT,A,,REVEAL,74944,0,0,,
3725,3165,duel,EVO-DS2,baku,1000,1000,COMBAT,B,HP,,75039,3,18,28,52
3726,3170,ranked,EVO-DS3,raiju,800,928,COMBAT,B,KO,,75045,3,15,0,42
3727,3171,ranked,kappa,EVO-DS,1553,1574,COMBAT,A,KO,,75064,3,15,14,0
3728,3172,ranked,tanuki,PI-AGENT,798,759,COMBAT,B,HP,,75064,3,18,28,44
3729,3173,duel,EVO-GEM2,tengu,1000,1000,COMBAT,B,KO,,75059,2,12,0,22
3730,3174,ranked,GEM-LITE,QWEN-235,644,528,COMBAT,B,KO,,75095,3,16,0,26
3731,3173,duel,EVO-GEM2,tengu,1000,1000,COMBAT,B,KO,,75112,2,9,0,26
3732,3175,ranked,PI-AGENT,EVO-DS3,776,789,COMBAT,A,KO,,75152,3,16,58,0
3733,3176,ranked,kirin,raiju,1128,939,COMBAT,A,KO,,75188,2,12,16,0
3734,3177,ranked,tanuki,PI-AGENT,781,792,COMBAT,A,HP,,75236,3,18,60,22
3735,3178,ranked,GEM-LITE,QWEN-235,625,547,COMBAT,B,KO,,75238,3,16,0,36
3736,3179,ranked,EVO-DS,EVO-GEM,1558,1365,COMBAT,A,KO,,75278,2,11,12,0
3737,3180,ranked,PI-AGENT,EVO-DS3,776,773,COMBAT,A,HP,,75322,3,18,66,22
3738,3181,ranked,tanuki,raiju,797,930,COMBAT,B,KO,,75363,3,15,0,14
3739,3182,ranked,GEM-LITE,QWEN-235,607,565,FORFEIT,A,,REVEAL,75364,1,6,70,88
3740,3183,duel,EVO-DS2,tengu,1000,1000,COMBAT,B,KO,,75387,3,14,0,24
3741,3184,ranked,tanuki,PI-AGENT,786,791,COMBAT,B,HP,,75451,3,18,8,26
3742,3185,ranked,GEM-LITE,EVO-DS3,621,758,COMBAT,B,HP,,75492,3,18,66,72
3743,3186,ranked,PI-AGENT,raiju,806,941,COMBAT,,DOUBLE_KO,,75578,3,15,0,0
3744,3187,ranked,tanuki,EVO-DS3,771,769,COMBAT,A,HP,,75578,3,18,74,20
3745,3188,ranked,PI-AGENT,EVO-DS3,810,754,COMBAT,B,HP,,75668,3,18,22,30
3746,3189,ranked,GEM-LITE,QWEN-235,610,551,FORFEIT,B,,REVEAL,75695,2,12,8,48
3747,3190,duel,tengu,baku,1000,1000,COMBAT,A,HP,,75686,3,18,38,4
3748,3191,ranked,kirin,raiju,1137,937,COMBAT,A,KO,,75716,2,12,16,0
3749,3192,ranked,tanuki,EVO-DS3,786,771,COMBAT,B,HP,,75754,3,18,40,44
3750,3190,duel,tengu,baku,1000,1000,COMBAT,B,HP,,75767,3,18,6,14
3751,3193,ranked,PI-AGENT,raiju,793,928,COMBAT,B,KO,,75843,3,13,0,24
3752,3190,duel,tengu,baku,1000,1000,COMBAT,A,KO,,75822,2,10,46,0
3753,3194,ranked,tanuki,EVO-DS3,770,787,COMBAT,A,KO,,75900,3,13,30,0
3754,3195,duel,EVO-DS2,EVO-GEM2,1000,1000,COMBAT,B,KO,,75986,3,15,0,26
3755,3196,ranked,PI-AGENT,EVO-DS3,782,771,COMBAT,B,HP,,75987,3,18,8,20
3756,3197,ranked,GEM-LITE,QWEN-235,593,568,COMBAT,A,HP,,76023,3,18,20,8
3757,3198,cup,oni,kitsune,1356,768,COMBAT,A,KO,,76029,3,17,58,0
3758,3199,cup,RYUBOT,KEN.EXE,1266,1218,COMBAT,A,KO,,76003,2,10,36,0
3759,3200,ranked,tanuki,raiju,786,939,COMBAT,A,KO,,76037,2,12,12,0
3760,3195,duel,EVO-DS2,EVO-GEM2,1000,1000,COMBAT,A,KO,,76072,3,14,12,0
3761,3199,cup,RYUBOT,KEN.EXE,1266,1218,COMBAT,B,KO,,76086,3,14,0,2
3762,3198,cup,oni,kitsune,1356,768,COMBAT,A,KO,,76113,3,17,6,0
3763,3201,ranked,tanuki,PI-AGENT,806,766,COMBAT,B,KO,,76095,2,12,0,60
3764,3195,duel,EVO-DS2,EVO-GEM2,1000,1000,COMBAT,A,KO,,76128,2,12,12,0
3765,3202,ranked,EVO-DS3,raiju,787,919,COMBAT,B,KO,,76162,3,17,0,30
3766,3199,cup,RYUBOT,KEN.EXE,1266,1218,COMBAT,B,KO,,76167,3,15,0,18
3767,3195,duel,EVO-DS2,EVO-GEM2,1000,1000,COMBAT,B,KO,,76183,2,11,0,20
3768,3203,ranked,tanuki,PI-AGENT,789,783,COMBAT,B,HP,,76239,3,18,6,8
3769,3204,ranked,RYUBOT,EVO-GEM,1266,1356,COMBAT,A,KO,,76227,2,11,16,0
3770,3205,ranked,kitsune,EVO-DS3,768,776,COMBAT,B,KO,,76256,3,14,0,66
3771,3195,duel,EVO-DS2,EVO-GEM2,1000,1000,COMBAT,B,KO,,76263,3,13,0,22
3772,3206,duel,tengu,baku,1000,1000,COMBAT,A,KO,,76261,2,11,62,0
3773,3207,ranked,tanuki,kitsune,773,753,COMBAT,B,HP,,76340,3,18,4,30
3774,3208,ranked,PI-AGENT,EVO-DS3,799,791,COMBAT,B,HP,,76341,3,18,12,86
3775,3206,duel,tengu,baku,1000,1000,COMBAT,A,HP,,76343,3,18,34,2
3776,3209,ranked,RYUBOT,kirin,1284,1146,COMBAT,A,KO,,76360,3,13,40,0
3777,3210,ranked,PI-AGENT,kitsune,783,769,COMBAT,A,KO,,76430,3,14,48,0
3778,3211,ranked,tanuki,EVO-DS3,757,807,COMBAT,B,HP,,76426,3,18,46,58
3779,3212,ranked,RYUBOT,EVO-GEM,1295,1338,COMBAT,A,KO,,76420,2,10,16,0
3780,3213,ranked,tanuki,kitsune,743,754,COMBAT,A,KO,,76518,3,18,14,0
3781,3214,ranked,PI-AGENT,EVO-DS3,798,821,COMBAT,A,HP,,76519,3,18,42,36
3782,3215,ranked,RYUBOT,EVO-GEM,1312,1321,COMBAT,B,KO,,76535,2,10,0,24
3783,3216,duel,tengu,baku,1000,1000,COMBAT,A,KO,,76587,3,16,48,0
3784,3217,ranked,tanuki,EVO-DS3,759,805,COMBAT,B,KO,,76607,3,18,0,54
3785,3218,ranked,PI-AGENT,kitsune,814,738,COMBAT,B,HP,,76608,3,18,40,44
3786,3216,duel,tengu,baku,1000,1000,COMBAT,A,KO,,76642,2,11,44,0
3787,3219,ranked,RYUBOT,EVO-GEM,1297,1336,COMBAT,B,KO,,76651,2,10,0,28
3788,3220,ranked,tanuki,PI-AGENT,745,796,COMBAT,B,KO,,76694,3,15,0,42
3789,3221,ranked,kitsune,EVO-DS3,756,819,COMBAT,,HP_TIE,,76694,3,18,60,60
3790,3216,duel,tengu,baku,1000,1000,COMBAT,A,HP,,76726,3,18,38,24
3791,3222,ranked,RYUBOT,kirin,1283,1135,COMBAT,A,KO,,76778,3,13,12,0
3792,3223,ranked,PI-AGENT,kitsune,810,758,COMBAT,A,HP,,76781,3,18,34,18
3793,3224,ranked,tanuki,EVO-DS3,731,817,COMBAT,B,KO,,76753,2,10,0,58
3794,3225,ranked,EVO-DS3,raiju,830,930,COMBAT,B,KO,,76842,3,17,0,6
3795,3226,ranked,RYUBOT,EVO-GEM,1294,1350,COMBAT,B,KO,,76836,2,10,0,32
3796,3227,ranked,tanuki,kitsune,718,744,COMBAT,B,HP,,76871,3,18,8,22
3797,3228,ranked,kappa,EVO-DS,1569,1567,COMBAT,A,KO,,76855,2,8,12,0
3798,3229,ranked,GEM-LITE,QWEN-235,608,553,FORFEIT,A,,REVEAL,76864,1,6,74,76
3799,3230,duel,EVO-GEM2,baku,1000,1000,COMBAT,A,KO,,76886,3,13,26,0
3800,3231,ranked,PI-AGENT,EVO-DS3,824,818,COMBAT,A,HP,,76930,3,18,52,12
3801,3232,ranked,GEM-LITE,tanuki,622,703,COMBAT,B,HP,,76957,3,18,24,34
3802,3230,duel,EVO-GEM2,baku,1000,1000,COMBAT,A,KO,,76971,3,15,34,0
3803,3233,ranked,RYUBOT,EVO-GEM,1280,1364,COMBAT,B,KO,,76950,2,7,0,64
3804,3234,ranked,kappa,EVO-DS,1584,1552,COMBAT,B,KO,,76971,2,11,0,6
3805,3235,ranked,kirin,raiju,1124,942,COMBAT,A,KO,,76982,2,12,16,0
3806,3236,ranked,PI-AGENT,kitsune,839,759,COMBAT,A,HP,,77015,3,18,36,8
3807,3237,ranked,tanuki,EVO-DS3,716,803,COMBAT,B,HP,,77045,3,18,22,42
3808,3238,ranked,RYUBOT,EVO-GEM,1267,1377,COMBAT,B,KO,,77067,2,10,0,34
3809,3239,ranked,PI-AGENT,raiju,852,932,COMBAT,B,KO,,77102,3,13,0,28
3810,3240,ranked,kappa,EVO-DS,1567,1569,COMBAT,B,KO,,77116,3,14,0,58
3811,3241,ranked,kitsune,EVO-DS3,746,816,COMBAT,A,HP,,77128,3,18,64,26
3812,3242,ranked,GEM-LITE,tanuki,609,703,COMBAT,A,HP,,77137,3,18,46,20
3813,3243,duel,EVO-DS2,EVO-GEM2,1000,1000,COMBAT,B,KO,,77188,3,15,0,42
3814,3244,ranked,RYUBOT,kirin,1255,1134,COMBAT,A,KO,,77171,2,11,12,0
3815,3245,ranked,PI-AGENT,EVO-DS3,839,798,COMBAT,A,KO,,77216,3,18,52,0
3816,3246,ranked,GEM-LITE,QWEN-235,628,539,COMBAT,B,HP,,77223,3,18,12,44
3817,3247,ranked,tanuki,kitsune,684,764,COMBAT,A,KO,,77223,3,14,44,0
3818,3248,ranked,kappa,EVO-DS,1552,1584,COMBAT,B,KO,,77260,3,13,0,40
3819,3249,ranked,RYUBOT,EVO-GEM,1267,1389,COMBAT,A,KO,,77270,2,12,8,0
3820,3250,ranked,PI-AGENT,raiju,853,945,COMBAT,B,KO,,77302,3,13,0,50
3821,3251,ranked,tanuki,EVO-DS3,702,784,COMBAT,A,HP,,77311,3,18,56,30
3822,3252,cup,oni,KEN.EXE,1356,1218,COMBAT,B,KO,,77330,3,18,0,20
3823,3253,ranked,GEM-LITE,kitsune,610,746,FORFEIT,B,,REVEAL,77360,2,12,46,54
3824,3254,ranked,PI-AGENT,EVO-DS3,840,766,COMBAT,A,HP,,77400,3,18,28,26
3825,3255,ranked,kappa,EVO-DS,1538,1598,COMBAT,A,KO,,77376,2,9,2,0
3826,3252,cup,oni,KEN.EXE,1356,1218,COMBAT,A,KO,,77414,3,13,30,0
3827,3256,ranked,RYUBOT,EVO-GEM,1286,1370,COMBAT,B,KO,,77360,1,6,0,100
3828,3257,ranked,tanuki,kitsune,720,757,COMBAT,A,HP,,77445,3,18,66,52
3829,3258,ranked,kirin,raiju,1122,958,COMBAT,A,KO,,77444,2,12,16,0
3830,3259,duel,EVO-DS2,EVO-GEM2,1000,1000,COMBAT,B,KO,,77459,2,11,0,52
3831,3252,cup,oni,KEN.EXE,1356,1218,COMBAT,A,HP,,77495,3,18,52,6
3832,3260,ranked,RYUBOT,EVO-GEM,1273,1383,COMBAT,A,KO,,77475,2,9,26,0
3833,3261,ranked,kappa,EVO-DS,1555,1581,COMBAT,A,KO,,77491,2,12,14,0
3834,3262,ranked,PI-AGENT,raiju,853,948,COMBAT,A,KO,,77500,2,8,44,0
3835,3263,ranked,kitsune,EVO-DS3,740,753,COMBAT,B,KO,,77530,3,18,0,6
3836,3252,cup,oni,KEN.EXE,1356,1218,COMBAT,A,KO,,77579,3,13,30,0
3837,3264,ranked,tanuki,EVO-DS3,737,768,COMBAT,B,HP,,77618,3,18,38,42
3838,3265,ranked,RYUBOT,EVO-GEM,1292,1364,COMBAT,B,KO,,77591,2,7,0,64
3839,3266,ranked,PI-AGENT,raiju,872,929,COMBAT,A,KO,,77641,3,14,40,0
3840,3267,ranked,GEM-LITE,QWEN-235,599,557,FORFEIT,A,,REVEAL,77666,1,6,84,78
3841,3268,ranked,kitsune,EVO-DS3,725,783,COMBAT,A,KO,,77706,3,16,32,0
3842,3269,duel,EVO-DS2,tengu,1000,1000,COMBAT,B,KO,,77785,3,13,0,54
3843,3270,ranked,EVO-DS3,raiju,766,912,COMBAT,A,KO,,77804,2,12,44,0
3844,3271,ranked,GEM-LITE,kitsune,613,742,COMBAT,A,HP,,77839,3,18,40,22
3845,3269,duel,EVO-DS2,tengu,1000,1000,COMBAT,B,KO,,77867,3,14,0,22
3846,3272,cup,PI-AGENT,KEN.EXE,889,1218,COMBAT,B,HP,,77880,3,18,6,10
3847,3273,cup,tanuki,RYUBOT,722,1279,COMBAT,B,KO,,77883,3,13,0,58
3848,3274,ranked,kitsune,EVO-DS3,722,786,COMBAT,B,HP,,77927,3,18,28,66
3849,3272,cup,PI-AGENT,KEN.EXE,889,1218,COMBAT,B,HP,,77962,3,18,26,40
3850,3273,cup,tanuki,RYUBOT,722,1279,COMBAT,B,KO,,77939,2,11,0,58
3851,3275,ranked,GEM-LITE,QWEN-235,633,543,COMBAT,B,HP,,77991,3,18,8,56
3852,3276,ranked,EVO-DS3,raiju,799,892,COMBAT,B,KO,,78014,3,13,0,46
3853,3277,ranked,tanuki,kitsune,722,709,COMBAT,B,KO,,78049,3,15,0,44
3854,3278,duel,tengu,baku,1000,1000,COMBAT,A,KO,,78060,2,10,70,0
3855,3279,ranked,PI-AGENT,raiju,889,905,COMBAT,B,KO,,78103,3,13,0,48
3856,3280,ranked,GEM-LITE,QWEN-235,615,561,FORFEIT,A,,REVEAL,78116,1,6,66,58
3857,3281,ranked,kitsune,EVO-DS3,725,786,COMBAT,A,HP,,78135,3,18,38,14
3858,3278,duel,tengu,baku,1000,1000,COMBAT,A,KO,,78142,3,13,38,0
3859,3282,ranked,GEM-LITE,tanuki,629,706,COMBAT,A,HP,,78204,3,18,54,10
3860,3283,ranked,PI-AGENT,raiju,874,920,COMBAT,,DOUBLE_KO,,78248,3,15,0,0
3861,3284,ranked,kitsune,EVO-DS3,742,769,COMBAT,A,HP,,78279,3,18,10,2
3862,3285,ranked,GEM-LITE,tanuki,647,688,COMBAT,B,HP,,78346,3,18,32,56
3863,3286,duel,EVO-DS2,baku,1000,1000,COMBAT,B,HP,,78386,3,18,28,40
3864,3287,ranked,PI-AGENT,kitsune,875,758,COMBAT,B,HP,,78408,3,18,6,10
3865,3288,ranked,tanuki,EVO-DS3,702,753,COMBAT,A,HP,,78435,3,18,58,12
3866,3286,duel,EVO-DS2,baku,1000,1000,COMBAT,,DOUBLE_KO,,78467,3,13,0,0
3867,3289,ranked,GEM-LITE,tanuki,633,719,FORFEIT,B,,REVEAL,78530,2,12,48,80
3868,3290,ranked,kitsune,raiju,777,919,COMBAT,A,KO,,78536,3,15,4,0
3869,3286,duel,EVO-DS2,baku,1000,1000,COMBAT,B,HP,,78554,3,18,18,22
3870,3291,ranked,PI-AGENT,EVO-DS3,856,736,COMBAT,A,KO,,78562,3,16,16,0
3871,3292,ranked,tanuki,kitsune,732,797,COMBAT,A,KO,,78621,3,18,42,0
3872,3286,duel,EVO-DS2,baku,1000,1000,COMBAT,B,KO,,78610,2,12,0,70
3873,3293,duel,EVO-GEM2,tengu,1000,1000,COMBAT,B,KO,,78661,2,12,0,44
3874,3294,ranked,PI-AGENT,EVO-DS3,868,724,COMBAT,A,HP,,78707,3,18,38,22
3875,3293,duel,EVO-GEM2,tengu,1000,1000,COMBAT,B,KO,,78715,2,12,0,30
3876,3295,ranked,kitsune,raiju,779,899,COMBAT,B,KO,,78752,3,13,0,70
3877,3296,ranked,tanuki,EVO-DS3,750,713,COMBAT,A,HP,,78795,3,18,22,8
3878,3297,ranked,PI-AGENT,kitsune,879,767,COMBAT,B,HP,,78879,3,18,6,34
3879,3298,ranked,GEM-LITE,EVO-DS3,620,699,COMBAT,A,HP,,78882,3,18,74,48
3880,3299,ranked,tanuki,raiju,764,911,COMBAT,,HP_TIE,,78922,3,18,36,36
3881,3300,duel,tengu,baku,1000,1000,COMBAT,A,KO,,78991,3,15,44,0
3882,3301,ranked,tanuki,PI-AGENT,768,860,COMBAT,,HP_TIE,,79015,3,18,36,36
3883,3302,ranked,GEM-LITE,kitsune,638,786,COMBAT,B,HP,,79012,3,18,30,50
3884,3300,duel,tengu,baku,1000,1000,COMBAT,A,KO,,79075,3,13,60,0
3885,3303,ranked,GEM-LITE,EVO-DS3,627,681,COMBAT,B,KO,,79072,2,12,0,48
3886,3304,ranked,PI-AGENT,kitsune,858,797,COMBAT,B,KO,,79101,3,18,0,32
3887,3305,ranked,tanuki,raiju,770,907,COMBAT,A,KO,,79120,2,11,12,0
3888,3300,duel,tengu,baku,1000,1000,COMBAT,A,KO,,79159,3,17,16,0
3889,3306,cup,EVO-GEM,KEN.EXE,1377,1218,COMBAT,A,KO,,79181,3,17,14,0
3890,3307,cup,oni,RYUBOT,1356,1279,COMBAT,A,KO,,79155,2,9,8,0
3891,3308,ranked,tanuki,EVO-DS3,790,695,COMBAT,,HP_TIE,,79206,3,18,26,26
3892,3309,ranked,kitsune,raiju,814,887,COMBAT,B,KO,,79207,3,17,0,2
3893,3307,cup,oni,RYUBOT,1356,1279,COMBAT,A,KO,,79210,2,9,42,0
3894,3306,cup,EVO-GEM,KEN.EXE,1377,1218,COMBAT,A,KO,,79263,3,17,6,0
3895,3310,ranked,kappa,EVO-DS,1571,1565,COMBAT,B,KO,,79282,3,14,0,30
3896,3311,ranked,GEM-LITE,QWEN-235,613,547,FORFEIT,A,,REVEAL,79269,1,6,70,86
3897,3312,duel,EVO-DS2,tengu,1000,1000,COMBAT,B,KO,,79288,3,18,0,52
3898,3313,ranked,tanuki,PI-AGENT,787,841,COMBAT,B,KO,,79289,3,16,0,56
3899,3314,ranked,kitsune,EVO-DS3,801,698,COMBAT,B,HP,,79334,3,18,8,12
3900,3315,ranked,kirin,KEN.EXE,1132,1218,COMBAT,A,KO,,79350,3,17,4,0
3901,3312,duel,EVO-DS2,tengu,1000,1000,COMBAT,B,KO,,79371,3,13,0,6
3902,3316,ranked,PI-AGENT,raiju,855,900,COMBAT,B,KO,,79378,3,15,0,38
3903,3317,ranked,GEM-LITE,tanuki,626,773,COMBAT,A,HP,,79413,3,18,48,20
3904,3318,ranked,kappa,EVO-DS,1555,1581,COMBAT,A,KO,,79427,3,14,14,0
3905,3319,ranked,RYUBOT,KEN.EXE,1279,1200,COMBAT,A,KO,,79438,3,13,40,0
3906,3320,ranked,PI-AGENT,kitsune,841,782,COMBAT,A,HP,,79465,3,18,32,6
3907,3321,ranked,GEM-LITE,EVO-DS3,646,717,COMBAT,B,HP,,79498,3,18,30,34
3908,3322,ranked,kirin,KEN.EXE,1150,1187,COMBAT,B,HP,,79519,3,18,48,56
3909,3323,ranked,PI-AGENT,raiju,855,914,COMBAT,B,KO,,79549,3,15,0,20
3910,3324,ranked,tanuki,kitsune,753,768,COMBAT,B,HP,,79551,3,18,10,24
3911,3325,ranked,kappa,EVO-DS,1571,1565,COMBAT,A,KO,,79543,2,9,58,0
3912,3326,duel,EVO-DS2,EVO-GEM2,1000,1000,COMBAT,A,KO,,79564,2,12,16,0
3913,3327,ranked,GEM-LITE,QWEN-235,633,534,FORFEIT,A,,REVEAL,79575,1,6,92,92
3914,3328,ranked,RYUBOT,KEN.EXE,1292,1201,COMBAT,A,HP,,79607,3,18,46,8
3915,3329,ranked,kitsune,EVO-DS3,783,730,COMBAT,B,HP,,79640,3,18,30,38
3916,3330,ranked,GEM-LITE,tanuki,645,738,COMBAT,A,KO,,79662,3,18,58,0
3917,3331,ranked,kappa,EVO-DS,1586,1550,COMBAT,B,KO,,79660,2,10,0,6
3918,3332,ranked,kirin,KEN.EXE,1136,1188,COMBAT,B,HP,,79694,3,18,4,28
3919,3333,ranked,PI-AGENT,raiju,841,928,COMBAT,A,KO,,79666,2,12,8,0
3920,3334,ranked,tanuki,EVO-DS3,720,747,COMBAT,A,KO,,79746,3,13,26,0
3921,3335,ranked,PI-AGENT,kitsune,859,766,COMBAT,B,HP,,79755,3,18,16,54
3922,3336,ranked,kappa,EVO-DS,1569,1567,COMBAT,A,KO,,79775,2,10,6,0
3923,3337,ranked,RYUBOT,KEN.EXE,1305,1202,COMBAT,B,KO,,79823,3,16,0,16
3924,3338,ranked,GEM-LITE,tanuki,663,736,COMBAT,,HP_TIE,,79835,3,18,56,56
3925,3339,ranked,PI-AGENT,raiju,841,910,COMBAT,A,KO,,79815,2,11,8,0
3926,3340,ranked,kitsune,EVO-DS3,784,731,COMBAT,B,KO,,79843,3,18,0,62
3927,3341,duel,EVO-DS2,EVO-GEM2,1000,1000,COMBAT,B,KO,,79887,3,15,0,8
3928,3342,ranked,kirin,KEN.EXE,1122,1221,COMBAT,B,HP,,79912,3,18,10,32
3929,3343,ranked,kappa,EVO-DS,1584,1552,COMBAT,A,KO,,79890,2,10,14,0
3930,3344,ranked,PI-AGENT,kitsune,859,767,COMBAT,A,HP,,79933,3,18,46,38
3931,3345,ranked,tanuki,EVO-DS3,734,748,COMBAT,A,KO,,79903,2,11,74,0
3932,3346,ranked,GEM-LITE,QWEN-235,665,522,FORFEIT,A,,REVEAL,79943,1,6,62,84
3933,3341,duel,EVO-DS2,EVO-GEM2,1000,1000,COMBAT,A,KO,,79941,2,12,16,0
3934,3347,ranked,RYUBOT,KEN.EXE,1286,1233,COMBAT,A,KO,,79999,3,13,24,0
3935,3348,ranked,PI-AGENT,raiju,872,892,COMBAT,B,KO,,80016,3,15,0,20
3936,3349,ranked,tanuki,kitsune,750,754,COMBAT,B,KO,,80020,3,18,0,52
3937,3341,duel,EVO-DS2,EVO-GEM2,1000,1000,COMBAT,B,KO,,80023,3,13,0,20
3938,3350,ranked,GEM-LITE,EVO-DS3,676,732,COMBAT,B,HP,,80031,3,18,62,72
3939,3341,duel,EVO-DS2,EVO-GEM2,1000,1000,COMBAT,A,KO,,80078,2,12,40,0
3940,3351,ranked,PI-AGENT,kitsune,857,769,COMBAT,A,KO,,80106,3,13,64,0
3941,3352,ranked,GEM-LITE,tanuki,662,735,COMBAT,A,HP,,80120,3,18,30,10
3942,3353,ranked,kirin,KEN.EXE,1110,1219,COMBAT,B,HP,,80126,3,18,16,48
3943,3341,duel,EVO-DS2,EVO-GEM2,1000,1000,COMBAT,B,KO,,80162,3,13,0,12
3944,3354,duel,tengu,baku,1000,1000,COMBAT,A,KO,,80162,2,12,58,0
3945,3355,ranked,PI-AGENT,raiju,870,907,COMBAT,B,KO,,80189,3,13,0,48
3946,3356,ranked,kitsune,EVO-DS3,756,746,COMBAT,B,HP,,80196,3,18,16,64
3947,3357,ranked,RYUBOT,KEN.EXE,1300,1231,COMBAT,A,KO,,80187,2,12,12,0
3948,3358,ranked,GEM-LITE,tanuki,680,717,COMBAT,B,HP,,80263,3,18,2,42
3949,3359,ranked,PI-AGENT,EVO-DS3,856,762,COMBAT,A,KO,,80282,3,17,38,0
3950,3360,ranked,kirin,KEN.EXE,1098,1218,COMBAT,B,KO,,80313,3,16,0,44
3951,3361,ranked,tanuki,kitsune,731,740,COMBAT,A,KO,,80351,3,14,22,0
3952,3362,ranked,GEM-LITE,EVO-DS3,666,750,COMBAT,A,HP,,80370,3,18,64,48
3953,3363,ranked,RYUBOT,KEN.EXE,1313,1230,COMBAT,B,KO,,80397,3,15,0,6
3954,3364,ranked,GEM-LITE,tanuki,684,747,COMBAT,B,HP,,80456,3,18,16,26
3955,3365,ranked,kitsune,EVO-DS3,724,732,COMBAT,B,KO,,80455,3,16,0,38
3956,3366,ranked,kirin,raiju,1086,921,COMBAT,A,KO,,80452,2,12,16,0
3957,3367,cup,oni,EVO-GEM,1356,1377,COMBAT,A,KO,,80456,2,9,16,0
3958,3368,duel,EVO-GEM2,tengu,1000,1000,COMBAT,B,KO,,80460,2,11,0,12
3959,3367,cup,oni,EVO-GEM,1356,1377,COMBAT,A,KO,,80511,2,9,16,0
3960,3368,duel,EVO-GEM2,tengu,1000,1000,COMBAT,B,KO,,80516,2,10,0,26
3961,3369,ranked,tanuki,kitsune,760,709,COMBAT,B,HP,,80540,3,18,16,44
3962,3370,ranked,GEM-LITE,EVO-DS3,671,747,FORFEIT,B,,REVEAL,80552,2,12,56,62
3963,3367,cup,oni,EVO-GEM,1356,1377,COMBAT,A,KO,,80567,2,9,16,0
3964,3371,ranked,RYUBOT,kirin,1295,1096,COMBAT,A,KO,,80622,3,13,20,0
3965,3372,ranked,tanuki,EVO-DS3,743,760,COMBAT,A,KO,,80638,3,13,70,0
3966,3373,ranked,PI-AGENT,kitsune,868,726,COMBAT,A,HP,,80667,3,18,70,56
3967,3374,duel,EVO-GEM2,tengu,1000,1000,COMBAT,B,KO,,80759,2,9,0,40
3968,3374,duel,EVO-GEM2,tengu,1000,1000,COMBAT,A,KO,,80839,3,17,4,0
3969,3375,ranked,kirin,raiju,1087,911,COMBAT,A,KO,,80836,2,12,16,0
3970,3376,cup,QWEN-235,EVO-GEM,511,1377,FORFEIT,B,,REVEAL,80850,1,6,44,66
3971,3377,cup,PI-AGENT,KEN.EXE,879,1248,COMBAT,B,HP,,80870,3,18,26,58
3972,3378,cup,oni,kitsune,1356,715,COMBAT,A,KO,,80842,2,7,42,0
3973,3379,cup,tanuki,RYUBOT,759,1304,COMBAT,B,KO,,80843,2,12,0,74
3974,3380,ranked,GEM-LITE,EVO-DS3,658,744,COMBAT,B,HP,,80874,3,18,24,38
3975,3374,duel,EVO-GEM2,tengu,1000,1000,COMBAT,B,KO,,80923,3,13,0,4
3976,3378,cup,oni,kitsune,1356,715,COMBAT,A,KO,,80897,2,9,22,0
3977,3379,cup,tanuki,RYUBOT,759,1304,COMBAT,B,KO,,80899,2,10,0,58
3978,3377,cup,PI-AGENT,KEN.EXE,879,1248,COMBAT,A,KO,,80950,3,18,14,0
3979,3381,ranked,kirin,raiju,1097,901,COMBAT,A,KO,,80978,2,12,16,0
3980,3374,duel,EVO-GEM2,tengu,1000,1000,COMBAT,B,KO,,81004,3,13,0,18
3981,3382,ranked,GEM-LITE,EVO-DS3,645,757,FORFEIT,B,,REVEAL,81027,2,12,78,80
3982,3377,cup,PI-AGENT,KEN.EXE,879,1248,COMBAT,B,HP,,81034,3,18,20,54
3983,3383,duel,EVO-DS2,baku,1000,1000,COMBAT,A,HP,,81088,3,18,22,14
3984,3384,ranked,kitsune,EVO-DS3,715,769,COMBAT,A,KO,,81124,3,15,16,0
3985,3385,ranked,tanuki,raiju,759,892,COMBAT,B,KO,,81162,3,13,0,42
3986,3383,duel,EVO-DS2,baku,1000,1000,COMBAT,B,HP,,81171,3,18,22,56
3987,3386,ranked,PI-AGENT,EVO-DS3,879,752,COMBAT,A,KO,,81250,3,18,22,0
3988,3387,ranked,tanuki,kitsune,748,732,COMBAT,A,HP,,81251,3,18,48,34
3989,3383,duel,EVO-DS2,baku,1000,1000,COMBAT,B,HP,,81253,3,18,6,38
3990,3388,ranked,tanuki,EVO-DS3,763,741,COMBAT,A,HP,,81339,3,18,44,32
3991,3389,ranked,GEM-LITE,kitsune,633,717,COMBAT,A,HP,,81351,3,18,56,46
3992,3390,duel,EVO-DS2,baku,1000,1000,COMBAT,A,KO,,81390,3,18,22,0
3993,3391,ranked,tanuki,kitsune,778,699,COMBAT,B,HP,,81436,3,18,22,44
3994,3392,ranked,PI-AGENT,EVO-DS3,890,726,COMBAT,B,HP,,81508,3,18,12,20
3995,3393,ranked,GEM-LITE,kitsune,651,717,COMBAT,B,HP,,81521,3,18,58,64
3996,3394,ranked,tanuki,raiju,760,903,COMBAT,B,KO,,81563,3,13,0,24
3997,3395,ranked,PI-AGENT,kitsune,869,730,COMBAT,B,KO,,81647,3,15,0,50
3998,3396,ranked,tanuki,EVO-DS3,749,747,COMBAT,B,HP,,81649,3,18,24,32
3999,3397,duel,EVO-DS2,tengu,1000,1000,COMBAT,B,KO,,81683,3,16,0,52
4000,3398,ranked,kappa,EVO-DS,1598,1538,COMBAT,B,KO,,81688,3,15,0,6
4001,3399,ranked,GEM-LITE,QWEN-235,638,511,FORFEIT,A,,REVEAL,81704,1,6,84,78
4002,3400,ranked,kirin,raiju,1106,914,COMBAT,A,KO,,81703,2,12,16,0
4003,3401,ranked,PI-AGENT,EVO-DS3,849,763,COMBAT,A,HP,,81733,3,18,38,12
4004,3402,ranked,tanuki,kitsune,733,750,COMBAT,B,HP,,81739,3,18,30,32
4005,3403,ranked,PI-AGENT,raiju,862,905,COMBAT,,DOUBLE_KO,,81820,3,15,0,0
4006,3404,ranked,GEM-LITE,tanuki,649,718,COMBAT,B,HP,,81825,3,18,18,42
4007,3405,ranked,kitsune,EVO-DS3,765,750,COMBAT,B,HP,,81828,3,18,14,40
4008,3406,ranked,kappa,EVO-DS,1581,1555,COMBAT,A,KO,,81803,2,10,24,0
4009,3407,ranked,PI-AGENT,EVO-DS3,863,766,COMBAT,B,HP,,81914,3,18,32,38
4010,3408,ranked,tanuki,kitsune,731,749,COMBAT,A,HP,,81913,3,18,22,12
4011,3409,ranked,kappa,EVO-DS,1596,1540,COMBAT,A,KO,,81920,2,11,18,0
4012,3410,duel,EVO-DS2,baku,1000,1000,COMBAT,A,HP,,81986,3,18,34,4
4013,3411,ranked,GEM-LITE,kitsune,636,733,FORFEIT,B,,REVEAL,82006,2,12,38,38
4014,3412,ranked,tanuki,EVO-DS3,747,785,COMBAT,B,KO,,81998,3,13,0,72
4015,3413,ranked,PI-AGENT,raiju,844,904,COMBAT,A,KO,,82004,3,13,4,0
4016,3414,ranked,kappa,EVO-DS,1610,1526,COMBAT,B,KO,,82036,2,11,0,4
4017,3410,duel,EVO-DS2,baku,1000,1000,COMBAT,B,HP,,82067,3,18,16,48
4018,3415,ranked,EVO-DS3,raiju,799,887,COMBAT,A,KO,,82091,3,13,12,0
4019,3416,ranked,tanuki,kitsune,733,745,COMBAT,B,HP,,82096,3,18,8,22
4020,3410,duel,EVO-DS2,baku,1000,1000,COMBAT,A,KO,,82149,3,14,58,0
4021,3417,cup,EVO-GEM,KEN.EXE,1377,1248,COMBAT,B,KO,,82169,3,17,0,26
4022,3418,cup,oni,RYUBOT,1356,1304,COMBAT,A,KO,,82142,2,11,18,0
4023,3419,ranked,PI-AGENT,EVO-DS3,861,817,COMBAT,B,HP,,82179,3,18,54,72
4024,3420,ranked,kappa,EVO-DS,1592,1544,COMBAT,,DOUBLE_KO,,82178,3,13,0,0
4025,3421,ranked,QWEN-235,ronin,500,315,FORFEIT,A,,COMMIT,82155,1,6,66,56
4026,3422,ranked,kitsune,raiju,760,869,COMBAT,B,KO,,82222,3,13,0,20
4027,3418,cup,oni,RYUBOT,1356,1304,COMBAT,,DOUBLE_KO,,82197,2,11,0,0
4028,3410,duel,EVO-DS2,baku,1000,1000,COMBAT,A,HP,,82233,3,18,24,20
4029,3417,cup,EVO-GEM,KEN.EXE,1377,1248,COMBAT,A,KO,,82224,2,7,66,0
4030,3418,cup,oni,RYUBOT,1356,1304,COMBAT,A,KO,,82252,2,9,60,0
4031,3423,duel,EVO-GEM2,tengu,1000,1000,COMBAT,B,KO,,82261,2,9,0,30
4032,3417,cup,EVO-GEM,KEN.EXE,1377,1248,COMBAT,B,KO,,82278,2,11,0,22
4033,3424,ranked,tanuki,PI-AGENT,718,844,COMBAT,A,KO,,82305,3,13,44,0
4034,3425,ranked,kitsune,EVO-DS3,748,834,COMBAT,B,HP,,82306,3,18,4,6
4035,3426,ranked,kappa,EVO-DS,1591,1545,COMBAT,A,KO,,82296,2,10,14,0
4036,3423,duel,EVO-GEM2,tengu,1000,1000,COMBAT,B,KO,,82316,2,10,0,26
4037,3427,ranked,RYUBOT,EVO-GEM,1304,1377,COMBAT,A,KO,,82339,2,12,8,0
4038,3428,ranked,GEM-LITE,QWEN-235,624,510,FORFEIT,A,,REVEAL,82351,1,6,74,76
4039,3429,ranked,PI-AGENT,raiju,824,881,COMBAT,B,KO,,82398,3,13,0,30
4040,3430,ranked,tanuki,kitsune,738,735,COMBAT,B,KO,,82396,3,14,0,58
4041,3423,duel,EVO-GEM2,tengu,1000,1000,COMBAT,,DOUBLE_KO,,82400,3,13,0,0
4042,3423,duel,EVO-GEM2,tengu,1000,1000,COMBAT,B,KO,,82455,2,10,0,26
4043,3431,ranked,kitsune,EVO-DS3,751,847,COMBAT,A,KO,,82482,3,13,44,0
4044,3432,ranked,RYUBOT,EVO-GEM,1322,1359,COMBAT,A,KO,,82455,2,12,8,0
4045,3433,ranked,GEM-LITE,tanuki,636,722,COMBAT,A,HP,,82483,3,18,68,24
4046,3434,ranked,PI-AGENT,raiju,810,895,COMBAT,B,KO,,82542,3,13,0,12
4047,3435,ranked,tanuki,kitsune,704,770,COMBAT,A,HP,,82569,3,18,58,40
4048,3436,duel,tengu,baku,1000,1000,COMBAT,A,HP,,82586,3,18,40,10
4049,3437,ranked,RYUBOT,EVO-GEM,1339,1342,COMBAT,B,KO,,82570,2,7,0,36
4050,3438,ranked,PI-AGENT,EVO-DS3,797,828,COMBAT,A,KO,,82625,3,15,50,0
4051,3439,ranked,GEM-LITE,tanuki,654,722,COMBAT,B,KO,,82628,2,12,0,32
4052,3436,duel,tengu,baku,1000,1000,COMBAT,A,KO,,82669,3,13,32,0
4053,3440,ranked,EVO-DS3,raiju,812,908,COMBAT,B,KO,,82712,3,13,0,60
4054,3441,ranked,PI-AGENT,kitsune,813,752,COMBAT,B,HP,,82715,3,18,14,24
4055,3442,ranked,RYUBOT,EVO-GEM,1324,1357,COMBAT,A,KO,,82688,2,12,22,0
4056,3443,ranked,GEM-LITE,QWEN-235,641,498,COMBAT,B,HP,,82752,3,18,34,64
4057,3444,ranked,tanuki,EVO-DS3,735,800,COMBAT,A,HP,,82798,3,18,44,20
4058,3445,ranked,RYUBOT,EVO-GEM,1341,1340,COMBAT,A,KO,,82807,2,12,8,0
4059,3446,ranked,PI-AGENT,raiju,796,920,COMBAT,B,KO,,82842,3,13,0,22
4060,3447,ranked,GEM-LITE,kitsune,621,769,COMBAT,B,HP,,82878,3,18,2,42
4061,3448,duel,EVO-DS2,baku,1000,1000,COMBAT,A,KO,,82888,3,16,8,0
4062,3449,ranked,tanuki,PI-AGENT,753,784,COMBAT,B,HP,,82929,3,18,42,46
4063,3450,ranked,RYUBOT,EVO-GEM,1356,1325,COMBAT,A,KO,,82922,2,11,12,0
4064,3451,ranked,GEM-LITE,QWEN-235,610,518,FORFEIT,A,,REVEAL,82947,1,6,82,80
4065,3452,ranked,EVO-DS3,raiju,782,932,COMBAT,B,KO,,82966,3,13,0,40
4066,3453,ranked,PI-AGENT,kitsune,799,780,COMBAT,B,HP,,83013,3,18,8,34
4067,3454,ranked,tanuki,EVO-DS3,738,771,COMBAT,A,HP,,83051,3,18,38,14
4068,3455,ranked,EVO-DS,RYUBOT,1531,1371,COMBAT,A,KO,,83064,2,10,18,0
4069,3456,ranked,kirin,EVO-GEM,1115,1310,COMBAT,B,KO,,83060,2,10,0,20
4070,3457,ranked,kitsune,raiju,796,943,COMBAT,B,HP,,83139,3,18,4,38
4071,3458,ranked,tanuki,PI-AGENT,755,783,COMBAT,B,HP,,83138,3,18,34,68
4072,3459,ranked,GEM-LITE,EVO-DS3,623,754,COMBAT,B,HP,,83180,3,18,2,10
4073,3460,duel,tengu,baku,1000,1000,COMBAT,A,HP,,83187,3,18,14,2
4074,3461,ranked,tanuki,kitsune,740,785,COMBAT,B,HP,,83225,3,18,8,26
4075,3462,ranked,EVO-DS,RYUBOT,1541,1361,COMBAT,A,KO,,83203,2,12,6,0
4076,3463,ranked,PI-AGENT,EVO-DS3,798,765,COMBAT,B,HP,,83267,3,18,8,44
4077,3460,duel,tengu,baku,1000,1000,COMBAT,,HP_TIE,,83269,3,18,20,20
4078,3464,ranked,kirin,raiju,1106,954,COMBAT,A,KO,,83277,2,12,16,0
4079,3460,duel,tengu,baku,1000,1000,COMBAT,B,KO,,83351,3,16,0,8
4080,3465,ranked,GEM-LITE,tanuki,612,726,COMBAT,B,HP,,83354,3,18,2,50
4081,3466,ranked,kitsune,EVO-DS3,799,782,COMBAT,B,HP,,83354,3,18,26,44
4082,3467,ranked,EVO-DS,RYUBOT,1551,1351,COMBAT,,DOUBLE_KO,,83370,3,13,0,0
4083,3460,duel,tengu,baku,1000,1000,COMBAT,B,HP,,83434,3,18,4,10
4084,3468,ranked,PI-AGENT,raiju,781,943,COMBAT,B,KO,,83443,3,13,0,54
4085,3469,ranked,tanuki,EVO-DS3,738,798,COMBAT,B,KO,,83442,3,15,0,54
4086,3470,cup,oni,KEN.EXE,1356,1248,COMBAT,,DOUBLE_KO,,83468,3,15,0,0
4087,3471,duel,EVO-DS2,EVO-GEM2,1000,1000,COMBAT,B,KO,,83485,3,13,0,22
4088,3460,duel,tengu,baku,1000,1000,COMBAT,A,KO,,83520,3,13,32,0
4089,3472,ranked,GEM-LITE,kitsune,600,783,COMBAT,A,KO,,83523,3,14,52,0
4090,3473,ranked,tanuki,PI-AGENT,724,771,COMBAT,A,KO,,83532,3,14,52,0
4091,3474,ranked,EVO-DS,RYUBOT,1545,1357,COMBAT,A,KO,,83509,2,10,8,0
4092,3470,cup,oni,KEN.EXE,1356,1248,COMBAT,A,KO,,83548,3,15,4,0
4093,3471,duel,EVO-DS2,EVO-GEM2,1000,1000,COMBAT,B,KO,,83572,3,13,0,40
4094,3475,ranked,EVO-DS3,raiju,812,953,COMBAT,A,KO,,83570,3,13,4,0
4095,3460,duel,tengu,baku,1000,1000,COMBAT,B,KO,,83602,3,13,0,26
4096,3476,ranked,PI-AGENT,kitsune,754,762,,,,,,2,12,70,60
4097,3470,cup,oni,KEN.EXE,1356,1248,,,,,,2,12,24,18
4098,3477,ranked,GEM-LITE,tanuki,621,741,,,,,,1,6,74,78
